customer_id,customer_name,email,country,signup_date,customer_segment,lifetime_value
1,Customer 00001,,Brazil,2024-10-01,Standard,1404.40
2,Customer 00002,,Germany,2024-12-12,Basic,3835.45
3,Customer 00003,,Japan,2024-04-13,Standard,474.40
4,Customer 00004,,Australia,2022-03-31,Basic,5891.07
5,Customer 00005,,India,2021-02-02,Basic,3026.20
6,Customer 00006,,Japan,2020-05-30,Basic,4722.30
7,Customer 00007,,United States,2024-04-14,Standard,8654.01
8,Customer 00008,,Brazil,2023-06-30,Premium,1013.77
9,Customer 00009,,India,2022-03-17,Standard,5849.29
10,Customer 00010,,Canada,2022-01-18,Premium,6317.28
11,Customer 00011,,Japan,2022-11-08,Basic,422.10
12,Customer 00012,,Australia,2020-04-02,Premium,7482.55
13,Customer 00013,,United Kingdom,2021-11-13,Basic,4791.87
14,Customer 00014,,United States,2020-11-01,Premium,3438.97
15,Customer 00015,,India,2023-06-09,Premium,4120.42
16,Customer 00016,,Germany,2023-06-16,Basic,3527.13
17,Customer 00017,,United States,2022-11-04,Basic,5136.41
18,Customer 00018,,Germany,2023-12-22,Standard,8553.74
19,Customer 00019,,India,2020-02-04,Standard,7065.37
20,Customer 00020,,Japan,2020-08-12,Basic,3226.23
21,Customer 00021,,Australia,2024-06-19,Basic,4976.43
22,Customer 00022,,France,2021-06-27,Basic,538.49
23,Customer 00023,,United Kingdom,2023-04-10,Premium,5496.97
24,Customer 00024,,Japan,2023-07-12,Premium,8615.74
25,Customer 00025,,France,2023-10-26,Premium,6003.83
26,Customer 00026,,Brazil,2023-12-05,Premium,198.57
27,Customer 00027,,India,2022-06-22,Standard,1587.87
28,Customer 00028,,France,2022-04-25,Standard,5261.95
29,Customer 00029,,United Kingdom,2024-05-06,Basic,7627.36
30,Customer 00030,,Canada,2020-05-07,Basic,2174.13
31,Customer 00031,,India,2023-02-22,Basic,5016.08
32,Customer 00032,,Japan,2022-12-12,Standard,1815.94
33,Customer 00033,,United States,2022-07-30,Standard,5728.08
34,Customer 00034,,Germany,2021-12-26,Basic,5076.99
35,Customer 00035,,France,2021-01-28,Standard,5851.96
36,Customer 00036,,France,2021-09-03,Standard,8086.34
37,Customer 00037,,France,2021-08-14,Basic,7392.33
38,Customer 00038,,India,2022-09-28,Standard,3657.46
39,Customer 00039,,Germany,2023-02-21,Standard,1277.94
40,Customer 00040,,United States,2023-03-20,Standard,9392.72
41,Customer 00041,,India,2022-03-19,Premium,3045.61
42,Customer 00042,,Germany,2020-03-27,Basic,828.68
43,Customer 00043,,United Kingdom,2021-12-10,Basic,2689.00
44,Customer 00044,,United Kingdom,2024-03-10,Premium,2118.83
45,Customer 00045,,United States,2024-08-22,Standard,9783.46
46,Customer 00046,,Germany,2023-02-25,Premium,1145.32
47,Customer 00047,,France,2023-06-14,Premium,532.31
48,Customer 00048,,United States,2023-10-03,Premium,6689.33
49,Customer 00049,,Australia,2021-04-21,Premium,4333.77
50,Customer 00050,,United Kingdom,2021-11-07,Premium,7142.81
51,Customer 00051,customer00051@example.test,Canada,2024-04-27,Premium,5770.86
51,Customer 00052,customer00052@example.test,Japan,2020-11-19,Basic,9804.52
53,Customer 00053,customer00053@example.test,United Kingdom,2024-12-08,Standard,6821.39
53,Customer 00054,customer00054@example.test,Germany,2021-02-12,Standard,2992.79
55,Customer 00055,customer00055@example.test,Australia,2023-08-15,Premium,6839.84
55,Customer 00056,customer00056@example.test,France,2023-03-21,Basic,7745.68
57,Customer 00057,customer00057@example.test,Australia,2024-01-20,Premium,4381.84
57,Customer 00058,customer00058@example.test,Canada,2024-12-11,Premium,8768.22
59,Customer 00059,customer00059@example.test,United Kingdom,2022-03-24,Premium,9821.05
59,Customer 00060,customer00060@example.test,Germany,2024-03-13,Premium,97.17
61,Customer 00061,customer00061@example.test,Brazil,2021-09-03,Standard,2983.84
62,Customer 00062,customer00062@example.test,United States,2022-07-19,Basic,5179.04
63,Customer 00063,customer00063@example.test,Canada,2024-12-26,Basic,4907.55
64,Customer 00064,customer00064@example.test,France,2021-07-12,Premium,3467.47
65,Customer 00065,customer00065@example.test,United Kingdom,2020-11-28,Basic,2697.61
66,Customer 00066,customer00066@example.test,Canada,2024-01-11,Premium,7723.99
67,Customer 00067,customer00067@example.test,Germany,2021-11-21,Basic,7071.60
68,Customer 00068,customer00068@example.test,France,2024-03-30,Premium,6406.32
69,Customer 00069,customer00069@example.test,Japan,2024-10-19,Standard,5403.10
70,Customer 00070,customer00070@example.test,Brazil,2021-11-02,Standard,7017.65
71,Customer 00071,customer00071@example.test,Canada,2020-07-14,Premium,5006.46
72,Customer 00072,customer00072@example.test,France,2021-10-24,Premium,2734.53
73,Customer 00073,customer00073@example.test,France,2022-02-24,Standard,7903.71
74,Customer 00074,customer00074@example.test,India,2021-06-30,Standard,6107.54
75,Customer 00075,customer00075@example.test,Australia,2024-01-20,Standard,6854.36
76,Customer 00076,customer00076@example.test,France,2022-01-06,Premium,7002.24
77,Customer 00077,customer00077@example.test,United Kingdom,2020-08-30,Standard,1674.75
78,Customer 00078,customer00078@example.test,United States,2022-04-10,Basic,8072.36
79,Customer 00079,customer00079@example.test,Brazil,2021-09-28,Basic,9606.32
80,Customer 00080,customer00080@example.test,India,2021-08-27,Basic,2315.77
81,Customer 00081,customer00081@example.test,Canada,2021-03-24,Standard,1606.26
82,Customer 00082,customer00082@example.test,India,2022-07-20,Standard,7360.38
83,Customer 00083,customer00083@example.test,United Kingdom,2023-01-29,Basic,8409.52
84,Customer 00084,customer00084@example.test,France,2023-09-22,Premium,7133.90
85,Customer 00085,customer00085@example.test,Brazil,2024-03-25,Basic,4684.49
86,Customer 00086,customer00086@example.test,India,2022-12-17,Premium,9618.00
87,Customer 00087,customer00087@example.test,Brazil,2023-03-01,Premium,8690.32
88,Customer 00088,customer00088@example.test,United States,2023-01-26,Premium,6005.21
89,Customer 00089,customer00089@example.test,Canada,2023-01-04,Premium,3440.56
90,Customer 00090,customer00090@example.test,United States,2024-10-15,Standard,1218.86
91,Customer 00091,customer00091@example.test,France,2023-10-25,Basic,6114.74
92,Customer 00092,customer00092@example.test,Brazil,2022-09-28,Basic,4671.22
93,Customer 00093,customer00093@example.test,Australia,2024-07-14,Standard,1383.53
94,Customer 00094,customer00094@example.test,Japan,2022-11-17,Standard,5913.03
95,Customer 00095,customer00095@example.test,United States,2020-04-28,Standard,7054.48
96,Customer 00096,customer00096@example.test,Germany,2024-07-10,Basic,228.27
97,Customer 00097,customer00097@example.test,Germany,2022-03-21,Premium,7820.32
98,Customer 00098,customer00098@example.test,Brazil,2021-03-22,Premium,4442.78
99,Customer 00099,customer00099@example.test,Brazil,2021-12-06,Basic,631.82
100,Customer 00100,customer00100@example.test,United Kingdom,2020-05-21,Premium,3010.36
101,Customer 00101,customer00101@example.test,Canada,2022-04-17,Premium,8030.28
102,Customer 00102,customer00102@example.test,Japan,2023-08-06,Standard,9346.31
103,Customer 00103,customer00103@example.test,United Kingdom,2022-02-22,Standard,3938.92
104,Customer 00104,customer00104@example.test,United States,2020-06-13,Premium,6852.80
105,Customer 00105,customer00105@example.test,India,2024-10-27,Premium,1871.43
106,Customer 00106,customer00106@example.test,Japan,2023-01-05,Basic,1335.33
107,Customer 00107,customer00107@example.test,France,2024-01-30,Premium,7929.11
108,Customer 00108,customer00108@example.test,Germany,2020-02-16,Standard,7062.15
109,Customer 00109,customer00109@example.test,United States,2024-01-12,Standard,5577.72
110,Customer 00110,customer00110@example.test,France,2022-02-15,Premium,4830.00
111,Customer 00111,customer00111@example.test,Canada,2021-12-09,Standard,1976.36
112,Customer 00112,customer00112@example.test,Brazil,2024-11-27,Premium,8487.99
113,Customer 00113,customer00113@example.test,Japan,2023-09-14,Basic,8032.65
114,Customer 00114,customer00114@example.test,Australia,2024-12-14,Premium,2160.92
115,Customer 00115,customer00115@example.test,Brazil,2020-05-17,Basic,352.07
116,Customer 00116,customer00116@example.test,Australia,2022-07-03,Premium,7765.13
117,Customer 00117,customer00117@example.test,Japan,2020-03-31,Standard,2457.22
118,Customer 00118,customer00118@example.test,France,2023-01-10,Premium,1469.42
119,Customer 00119,customer00119@example.test,Germany,2022-10-28,Premium,8554.13
120,Customer 00120,customer00120@example.test,India,2024-02-07,Basic,6269.62
121,Customer 00121,customer00121@example.test,India,2024-05-01,Premium,3164.22
122,Customer 00122,customer00122@example.test,Canada,2024-11-29,Basic,5465.71
123,Customer 00123,customer00123@example.test,Japan,2021-03-28,Standard,2885.19
124,Customer 00124,customer00124@example.test,United States,2020-05-04,Basic,9224.46
125,Customer 00125,customer00125@example.test,Canada,2024-02-14,Basic,7117.21
126,Customer 00126,customer00126@example.test,United States,2022-05-24,Standard,491.61
127,Customer 00127,customer00127@example.test,Japan,2021-12-06,Basic,3342.17
128,Customer 00128,customer00128@example.test,Japan,2023-11-27,Standard,1564.66
129,Customer 00129,customer00129@example.test,Japan,2021-09-06,Premium,7910.62
130,Customer 00130,customer00130@example.test,United Kingdom,2023-01-06,Premium,8905.98
131,Customer 00131,customer00131@example.test,Germany,2021-04-06,Basic,1513.63
132,Customer 00132,customer00132@example.test,United Kingdom,2024-07-08,Premium,5897.04
133,Customer 00133,customer00133@example.test,Japan,2022-04-25,Basic,5557.36
134,Customer 00134,customer00134@example.test,Japan,2020-10-01,Premium,2673.82
135,Customer 00135,customer00135@example.test,India,2021-02-20,Basic,829.11
136,Customer 00136,customer00136@example.test,India,2022-07-10,Premium,5616.54
137,Customer 00137,customer00137@example.test,France,2024-01-23,Premium,2815.02
138,Customer 00138,customer00138@example.test,Australia,2022-02-11,Premium,1973.03
139,Customer 00139,customer00139@example.test,United States,2024-07-05,Premium,5026.81
140,Customer 00140,customer00140@example.test,India,2021-03-03,Standard,9531.49
141,Customer 00141,customer00141@example.test,France,2020-02-01,Premium,7774.93
142,Customer 00142,customer00142@example.test,United Kingdom,2020-08-28,Premium,7294.17
143,Customer 00143,customer00143@example.test,France,2023-05-22,Standard,9595.79
144,Customer 00144,customer00144@example.test,United States,2021-05-05,Standard,8131.85
145,Customer 00145,customer00145@example.test,Japan,2021-08-02,Standard,5595.72
146,Customer 00146,customer00146@example.test,India,2023-08-21,Standard,2742.67
147,Customer 00147,customer00147@example.test,United States,2022-01-06,Standard,4886.40
148,Customer 00148,customer00148@example.test,United Kingdom,2020-07-20,Standard,9587.45
149,Customer 00149,customer00149@example.test,India,2021-02-20,Standard,4340.37
150,Customer 00150,customer00150@example.test,France,2020-04-03,Basic,1530.11
151,Customer 00151,customer00151@example.test,Germany,2020-02-03,Basic,9801.65
152,Customer 00152,customer00152@example.test,Japan,2023-04-11,Standard,1598.14
153,Customer 00153,customer00153@example.test,India,2021-02-05,Premium,3982.90
154,Customer 00154,customer00154@example.test,France,2023-03-12,Standard,5773.90
155,Customer 00155,customer00155@example.test,India,2023-09-02,Standard,8004.41
156,Customer 00156,customer00156@example.test,United Kingdom,2024-08-09,Basic,6728.65
157,Customer 00157,customer00157@example.test,United Kingdom,2024-02-23,Standard,1764.05
158,Customer 00158,customer00158@example.test,India,2024-02-09,Premium,1467.57
159,Customer 00159,customer00159@example.test,United States,2024-01-15,Standard,1929.88
160,Customer 00160,customer00160@example.test,United States,2024-12-26,Basic,615.85
161,Customer 00161,customer00161@example.test,Australia,2022-12-09,Premium,9911.01
162,Customer 00162,customer00162@example.test,Australia,2024-08-02,Premium,4324.24
163,Customer 00163,customer00163@example.test,France,2020-10-08,Premium,7415.21
164,Customer 00164,customer00164@example.test,Australia,2020-11-05,Premium,5302.99
165,Customer 00165,customer00165@example.test,India,2022-07-22,Premium,6478.47
166,Customer 00166,customer00166@example.test,United Kingdom,2023-07-30,Basic,5115.52
167,Customer 00167,customer00167@example.test,Australia,2020-02-02,Basic,5784.40
168,Customer 00168,customer00168@example.test,Australia,2022-04-22,Premium,5551.34
169,Customer 00169,customer00169@example.test,Germany,2024-01-19,Basic,3006.14
170,Customer 00170,customer00170@example.test,United States,2020-02-05,Basic,7067.74
171,Customer 00171,customer00171@example.test,Canada,2022-05-31,Premium,9626.43
172,Customer 00172,customer00172@example.test,United States,2020-07-16,Premium,2526.74
173,Customer 00173,customer00173@example.test,United States,2021-01-28,Standard,8548.14
174,Customer 00174,customer00174@example.test,Germany,2021-12-26,Standard,828.57
175,Customer 00175,customer00175@example.test,Japan,2022-02-03,Standard,5924.47
176,Customer 00176,customer00176@example.test,France,2021-05-13,Standard,7172.69
177,Customer 00177,customer00177@example.test,Brazil,2024-08-22,Basic,8999.08
178,Customer 00178,customer00178@example.test,Australia,2023-08-23,Premium,4249.65
179,Customer 00179,customer00179@example.test,Japan,2022-02-15,Basic,4991.27
180,Customer 00180,customer00180@example.test,Australia,2020-04-24,Basic,1797.08
181,Customer 00181,customer00181@example.test,United Kingdom,2020-06-18,Standard,6762.34
182,Customer 00182,customer00182@example.test,India,2024-05-25,Basic,8996.36
183,Customer 00183,customer00183@example.test,United States,2020-07-14,Premium,2409.27
184,Customer 00184,customer00184@example.test,United Kingdom,2021-03-08,Standard,488.23
185,Customer 00185,customer00185@example.test,Germany,2020-06-01,Basic,5908.82
186,Customer 00186,customer00186@example.test,Australia,2023-09-09,Premium,9738.82
187,Customer 00187,customer00187@example.test,India,2024-10-07,Premium,2172.21
188,Customer 00188,customer00188@example.test,Canada,2023-04-17,Basic,8607.78
189,Customer 00189,customer00189@example.test,Brazil,2022-03-26,Standard,1703.41
190,Customer 00190,customer00190@example.test,France,2023-02-28,Basic,8751.94
191,Customer 00191,customer00191@example.test,Japan,2024-10-05,Basic,9400.75
192,Customer 00192,customer00192@example.test,India,2023-01-12,Standard,7923.13
193,Customer 00193,customer00193@example.test,Canada,2024-02-23,Basic,7593.40
194,Customer 00194,customer00194@example.test,United States,2020-06-09,Basic,3626.59
195,Customer 00195,customer00195@example.test,Brazil,2020-04-19,Standard,2434.20
196,Customer 00196,customer00196@example.test,Brazil,2024-09-13,Standard,6345.65
197,Customer 00197,customer00197@example.test,Japan,2024-04-23,Standard,310.64
198,Customer 00198,customer00198@example.test,Germany,2023-07-22,Standard,5144.35
199,Customer 00199,customer00199@example.test,India,2021-04-12,Basic,9868.59
200,Customer 00200,customer00200@example.test,Japan,2022-02-07,Premium,7127.11
201,Customer 00201,customer00201@example.test,Japan,2023-04-14,Premium,8096.76
202,Customer 00202,customer00202@example.test,Germany,2023-06-20,Premium,7477.48
203,Customer 00203,customer00203@example.test,Brazil,2020-05-30,Standard,1617.12
204,Customer 00204,customer00204@example.test,Canada,2022-02-17,Basic,4085.48
205,Customer 00205,customer00205@example.test,India,2021-10-10,Premium,959.66
206,Customer 00206,customer00206@example.test,Germany,2020-01-11,Standard,3774.00
207,Customer 00207,customer00207@example.test,Germany,2024-04-08,Premium,1389.43
208,Customer 00208,customer00208@example.test,Canada,2020-06-27,Standard,4706.46
209,Customer 00209,customer00209@example.test,United States,2023-02-14,Basic,4278.65
210,Customer 00210,customer00210@example.test,Australia,2020-07-30,Premium,3711.06
211,Customer 00211,customer00211@example.test,Brazil,2023-02-09,Basic,6270.94
212,Customer 00212,customer00212@example.test,India,2024-05-25,Standard,129.40
213,Customer 00213,customer00213@example.test,Japan,2021-08-20,Standard,8170.18
214,Customer 00214,customer00214@example.test,United States,2020-06-22,Premium,5997.43
215,Customer 00215,customer00215@example.test,Canada,2022-12-03,Basic,3992.26
216,Customer 00216,customer00216@example.test,Canada,2020-12-13,Standard,3157.59
217,Customer 00217,customer00217@example.test,United Kingdom,2021-07-03,Premium,663.40
218,Customer 00218,customer00218@example.test,Japan,2020-12-08,Standard,4415.57
219,Customer 00219,customer00219@example.test,United Kingdom,2021-09-05,Premium,3786.66
220,Customer 00220,customer00220@example.test,France,2021-05-30,Basic,6553.95
221,Customer 00221,customer00221@example.test,France,2022-10-12,Standard,1121.68
222,Customer 00222,customer00222@example.test,Germany,2020-10-04,Premium,9949.13
223,Customer 00223,customer00223@example.test,India,2022-03-21,Basic,3983.43
224,Customer 00224,customer00224@example.test,India,2024-07-04,Standard,3509.96
225,Customer 00225,customer00225@example.test,Canada,2022-05-31,Standard,3362.41
226,Customer 00226,customer00226@example.test,France,2023-05-20,Standard,3294.45
227,Customer 00227,customer00227@example.test,Japan,2020-12-29,Standard,3056.05
228,Customer 00228,customer00228@example.test,United Kingdom,2024-02-14,Basic,8199.59
229,Customer 00229,customer00229@example.test,India,2021-05-11,Standard,2939.16
230,Customer 00230,customer00230@example.test,Japan,2024-07-30,Standard,1194.20
231,Customer 00231,customer00231@example.test,France,2023-02-28,Basic,5721.33
232,Customer 00232,customer00232@example.test,United States,2021-01-03,Premium,9992.97
233,Customer 00233,customer00233@example.test,United Kingdom,2024-01-29,Basic,2198.32
234,Customer 00234,customer00234@example.test,Germany,2022-06-16,Basic,725.18
235,Customer 00235,customer00235@example.test,Japan,2024-08-04,Basic,5235.57
236,Customer 00236,customer00236@example.test,Germany,2020-10-12,Premium,2649.55
237,Customer 00237,customer00237@example.test,Canada,2023-09-10,Basic,4436.81
238,Customer 00238,customer00238@example.test,Japan,2024-06-04,Premium,4708.80
239,Customer 00239,customer00239@example.test,United Kingdom,2023-05-09,Basic,4202.74
240,Customer 00240,customer00240@example.test,United States,2022-12-30,Basic,4386.20
241,Customer 00241,customer00241@example.test,Australia,2023-01-18,Standard,7357.16
242,Customer 00242,customer00242@example.test,United States,2024-07-21,Basic,6691.80
243,Customer 00243,customer00243@example.test,Brazil,2020-06-23,Premium,6895.45
244,Customer 00244,customer00244@example.test,India,2023-09-23,Premium,6784.28
245,Customer 00245,customer00245@example.test,Australia,2023-06-08,Basic,6763.64
246,Customer 00246,customer00246@example.test,Japan,2023-10-19,Standard,8349.08
247,Customer 00247,customer00247@example.test,Brazil,2022-05-31,Premium,1033.96
248,Customer 00248,customer00248@example.test,France,2021-06-13,Basic,7831.32
249,Customer 00249,customer00249@example.test,United States,2022-11-28,Basic,7210.68
250,Customer 00250,customer00250@example.test,France,2023-03-24,Standard,3922.92
251,Customer 00251,customer00251@example.test,United Kingdom,2022-03-12,Basic,6171.81
252,Customer 00252,customer00252@example.test,United States,2023-11-15,Premium,3617.24
253,Customer 00253,customer00253@example.test,United Kingdom,2020-02-20,Premium,3097.83
254,Customer 00254,customer00254@example.test,Brazil,2022-05-01,Premium,8716.99
255,Customer 00255,customer00255@example.test,Canada,2024-02-04,Standard,3270.40
256,Customer 00256,customer00256@example.test,United Kingdom,2021-12-03,Premium,5464.28
257,Customer 00257,customer00257@example.test,India,2022-09-16,Standard,1023.65
258,Customer 00258,customer00258@example.test,United Kingdom,2022-06-16,Standard,704.37
259,Customer 00259,customer00259@example.test,Australia,2021-09-06,Basic,1206.75
260,Customer 00260,customer00260@example.test,India,2020-02-16,Basic,1146.75
261,Customer 00261,customer00261@example.test,Canada,2023-10-18,Basic,2557.61
262,Customer 00262,customer00262@example.test,Canada,2022-11-22,Basic,1679.14
263,Customer 00263,customer00263@example.test,United States,2021-11-08,Standard,4844.98
264,Customer 00264,customer00264@example.test,Japan,2021-04-19,Basic,1934.11
265,Customer 00265,customer00265@example.test,Japan,2021-01-16,Standard,306.10
266,Customer 00266,customer00266@example.test,France,2024-02-19,Standard,6209.70
267,Customer 00267,customer00267@example.test,Japan,2022-05-29,Premium,7389.68
268,Customer 00268,customer00268@example.test,France,2021-03-15,Standard,7888.70
269,Customer 00269,customer00269@example.test,Brazil,2023-12-12,Basic,1066.94
270,Customer 00270,customer00270@example.test,United States,2024-06-25,Premium,3835.61
271,Customer 00271,customer00271@example.test,France,2021-10-29,Standard,1194.90
272,Customer 00272,customer00272@example.test,United Kingdom,2021-06-21,Basic,6701.53
273,Customer 00273,customer00273@example.test,Japan,2021-10-03,Basic,4116.12
274,Customer 00274,customer00274@example.test,Brazil,2023-04-17,Standard,3690.82
275,Customer 00275,customer00275@example.test,United Kingdom,2024-09-27,Basic,1809.08
276,Customer 00276,customer00276@example.test,Germany,2024-07-24,Basic,6188.36
277,Customer 00277,customer00277@example.test,Canada,2020-06-22,Standard,1235.86
278,Customer 00278,customer00278@example.test,Germany,2021-05-03,Premium,1919.36
279,Customer 00279,customer00279@example.test,Canada,2022-02-03,Basic,4073.33
280,Customer 00280,customer00280@example.test,Canada,2022-05-06,Basic,4023.49
281,Customer 00281,customer00281@example.test,Canada,2022-05-16,Standard,6663.71
282,Customer 00282,customer00282@example.test,Canada,2023-01-05,Basic,1749.71
283,Customer 00283,customer00283@example.test,Germany,2022-09-29,Premium,1961.87
284,Customer 00284,customer00284@example.test,United Kingdom,2021-10-06,Basic,562.15
285,Customer 00285,customer00285@example.test,India,2024-11-07,Premium,5081.49
286,Customer 00286,customer00286@example.test,France,2020-10-06,Standard,5888.61
287,Customer 00287,customer00287@example.test,United Kingdom,2022-11-01,Standard,7179.56
288,Customer 00288,customer00288@example.test,Japan,2022-10-04,Basic,8806.90
289,Customer 00289,customer00289@example.test,United Kingdom,2022-06-28,Premium,866.86
290,Customer 00290,customer00290@example.test,Australia,2023-03-03,Premium,3062.78
291,Customer 00291,customer00291@example.test,Germany,2020-03-07,Premium,5637.23
292,Customer 00292,customer00292@example.test,Canada,2021-08-14,Standard,5931.27
293,Customer 00293,customer00293@example.test,United Kingdom,2024-02-29,Basic,5356.18
294,Customer 00294,customer00294@example.test,Brazil,2020-08-19,Standard,8127.64
295,Customer 00295,customer00295@example.test,India,2023-01-17,Basic,8625.70
296,Customer 00296,customer00296@example.test,Australia,2024-03-29,Basic,4628.06
297,Customer 00297,customer00297@example.test,France,2023-01-23,Standard,1073.91
298,Customer 00298,customer00298@example.test,France,2024-02-16,Standard,9173.04
299,Customer 00299,customer00299@example.test,United Kingdom,2020-03-07,Standard,3655.09
300,Customer 00300,customer00300@example.test,Brazil,2024-10-31,Standard,9073.22
301,Customer 00301,customer00301@example.test,France,2020-08-28,Premium,8500.83
302,Customer 00302,customer00302@example.test,India,2024-02-19,Basic,6399.05
303,Customer 00303,customer00303@example.test,Japan,2023-07-19,Premium,6460.81
304,Customer 00304,customer00304@example.test,France,2020-10-12,Premium,8445.65
305,Customer 00305,customer00305@example.test,India,2020-05-01,Basic,2947.39
306,Customer 00306,customer00306@example.test,United States,2023-05-07,Premium,3393.75
307,Customer 00307,customer00307@example.test,Germany,2023-12-12,Standard,6005.56
308,Customer 00308,customer00308@example.test,United States,2021-07-01,Basic,8547.79
309,Customer 00309,customer00309@example.test,Canada,2020-07-14,Standard,9633.98
310,Customer 00310,customer00310@example.test,Germany,2020-05-01,Basic,1330.51
311,Customer 00311,customer00311@example.test,Canada,2023-12-07,Premium,1533.47
312,Customer 00312,customer00312@example.test,India,2023-12-27,Premium,7984.62
313,Customer 00313,customer00313@example.test,Japan,2024-09-23,Standard,1490.77
314,Customer 00314,customer00314@example.test,Germany,2023-03-28,Basic,4343.46
315,Customer 00315,customer00315@example.test,United Kingdom,2022-02-07,Premium,6644.06
316,Customer 00316,customer00316@example.test,Brazil,2024-06-15,Standard,5406.59
317,Customer 00317,customer00317@example.test,Germany,2024-03-15,Basic,9818.19
318,Customer 00318,customer00318@example.test,India,2024-12-01,Standard,9964.13
319,Customer 00319,customer00319@example.test,India,2022-09-26,Basic,25.93
320,Customer 00320,customer00320@example.test,Brazil,2024-11-14,Basic,4807.18
321,Customer 00321,customer00321@example.test,India,2023-07-24,Premium,8343.28
322,Customer 00322,customer00322@example.test,Japan,2022-12-30,Premium,4505.13
323,Customer 00323,customer00323@example.test,France,2024-08-16,Standard,2815.81
324,Customer 00324,customer00324@example.test,Germany,2021-10-23,Standard,5738.96
325,Customer 00325,customer00325@example.test,Canada,2023-03-29,Basic,8938.29
326,Customer 00326,customer00326@example.test,India,2022-09-20,Basic,7992.81
327,Customer 00327,customer00327@example.test,Australia,2020-04-09,Premium,6565.96
328,Customer 00328,customer00328@example.test,United Kingdom,2024-05-24,Premium,1302.72
329,Customer 00329,customer00329@example.test,Canada,2024-10-22,Standard,4786.93
330,Customer 00330,customer00330@example.test,Japan,2020-01-02,Premium,7220.40
331,Customer 00331,customer00331@example.test,Germany,2020-09-27,Premium,9168.99
332,Customer 00332,customer00332@example.test,Germany,2024-11-30,Premium,6863.85
333,Customer 00333,customer00333@example.test,Germany,2022-01-08,Premium,3899.06
334,Customer 00334,customer00334@example.test,Canada,2023-09-22,Premium,4155.94
335,Customer 00335,customer00335@example.test,Germany,2023-07-05,Basic,7334.17
336,Customer 00336,customer00336@example.test,France,2024-03-26,Standard,6873.26
337,Customer 00337,customer00337@example.test,Brazil,2020-07-05,Premium,2237.88
338,Customer 00338,customer00338@example.test,Brazil,2022-09-03,Premium,6225.18
339,Customer 00339,customer00339@example.test,United States,2021-04-08,Basic,4666.86
340,Customer 00340,customer00340@example.test,Australia,2020-01-20,Basic,3602.63
341,Customer 00341,customer00341@example.test,Brazil,2024-07-31,Standard,7277.44
342,Customer 00342,customer00342@example.test,United Kingdom,2020-09-27,Premium,2400.68
343,Customer 00343,customer00343@example.test,Brazil,2022-02-23,Basic,8451.06
344,Customer 00344,customer00344@example.test,Brazil,2020-07-28,Standard,3854.16
345,Customer 00345,customer00345@example.test,Germany,2024-12-09,Premium,4013.12
346,Customer 00346,customer00346@example.test,Canada,2024-05-03,Basic,7100.29
347,Customer 00347,customer00347@example.test,Brazil,2020-10-19,Basic,5906.53
348,Customer 00348,customer00348@example.test,Canada,2020-01-18,Standard,3682.47
349,Customer 00349,customer00349@example.test,France,2024-01-19,Basic,7846.16
350,Customer 00350,customer00350@example.test,Japan,2020-11-06,Basic,7199.16
351,Customer 00351,customer00351@example.test,France,2022-06-25,Premium,9401.45
352,Customer 00352,customer00352@example.test,Canada,2020-07-24,Premium,6182.13
353,Customer 00353,customer00353@example.test,Japan,2024-02-04,Standard,4502.46
354,Customer 00354,customer00354@example.test,Canada,2021-10-06,Premium,2904.21
355,Customer 00355,customer00355@example.test,Brazil,2023-08-13,Premium,5802.78
356,Customer 00356,customer00356@example.test,Germany,2023-05-15,Basic,281.27
357,Customer 00357,customer00357@example.test,Germany,2024-10-02,Premium,5428.99
358,Customer 00358,customer00358@example.test,United States,2023-05-27,Premium,7841.70
359,Customer 00359,customer00359@example.test,Germany,2022-03-13,Basic,572.19
360,Customer 00360,customer00360@example.test,France,2024-05-24,Standard,4046.30
361,Customer 00361,customer00361@example.test,France,2020-08-18,Standard,6690.77
362,Customer 00362,customer00362@example.test,Brazil,2023-05-01,Basic,9318.95
363,Customer 00363,customer00363@example.test,India,2020-01-25,Standard,1383.94
364,Customer 00364,customer00364@example.test,Japan,2022-03-03,Standard,5728.96
365,Customer 00365,customer00365@example.test,Canada,2023-10-30,Standard,8077.88
366,Customer 00366,customer00366@example.test,Australia,2020-05-29,Basic,708.13
367,Customer 00367,customer00367@example.test,Germany,2020-01-29,Premium,417.61
368,Customer 00368,customer00368@example.test,Japan,2020-05-03,Basic,3004.04
369,Customer 00369,customer00369@example.test,United States,2023-07-11,Standard,4441.50
370,Customer 00370,customer00370@example.test,Japan,2023-12-08,Premium,6716.52
371,Customer 00371,customer00371@example.test,United States,2023-01-03,Basic,1600.97
372,Customer 00372,customer00372@example.test,Brazil,2021-07-22,Standard,828.60
373,Customer 00373,customer00373@example.test,France,2022-11-13,Premium,5624.45
374,Customer 00374,customer00374@example.test,Japan,2021-10-31,Basic,6651.05
375,Customer 00375,customer00375@example.test,Brazil,2024-04-12,Standard,7326.14
376,Customer 00376,customer00376@example.test,France,2022-06-14,Premium,2563.55
377,Customer 00377,customer00377@example.test,Japan,2020-06-25,Premium,4753.94
378,Customer 00378,customer00378@example.test,Australia,2023-06-07,Standard,6984.35
379,Customer 00379,customer00379@example.test,Canada,2024-02-27,Premium,132.80
380,Customer 00380,customer00380@example.test,Canada,2023-12-20,Basic,119.01
381,Customer 00381,customer00381@example.test,United Kingdom,2020-12-01,Standard,5484.10
382,Customer 00382,customer00382@example.test,Germany,2022-11-25,Premium,3899.33
383,Customer 00383,customer00383@example.test,Germany,2020-09-16,Basic,9294.73
384,Customer 00384,customer00384@example.test,Australia,2020-08-29,Standard,8463.13
385,Customer 00385,customer00385@example.test,Germany,2022-05-29,Basic,669.74
386,Customer 00386,customer00386@example.test,Brazil,2021-06-22,Standard,4773.09
387,Customer 00387,customer00387@example.test,India,2022-11-12,Premium,5238.79
388,Customer 00388,customer00388@example.test,Canada,2024-10-25,Standard,1649.51
389,Customer 00389,customer00389@example.test,Brazil,2021-06-06,Basic,7068.66
390,Customer 00390,customer00390@example.test,Brazil,2024-01-20,Premium,7767.64
391,Customer 00391,customer00391@example.test,Australia,2022-11-08,Premium,9004.00
392,Customer 00392,customer00392@example.test,Australia,2024-11-02,Premium,482.15
393,Customer 00393,customer00393@example.test,India,2022-08-24,Standard,9649.27
394,Customer 00394,customer00394@example.test,Canada,2020-11-03,Premium,5797.20
395,Customer 00395,customer00395@example.test,Japan,2024-07-02,Premium,3374.33
396,Customer 00396,customer00396@example.test,Japan,2021-05-23,Basic,3354.76
397,Customer 00397,customer00397@example.test,Brazil,2021-07-09,Basic,3909.17
398,Customer 00398,customer00398@example.test,United States,2020-09-01,Basic,9457.53
399,Customer 00399,customer00399@example.test,Canada,2020-04-17,Premium,8434.09
400,Customer 00400,customer00400@example.test,Australia,2022-11-22,Standard,722.74
401,Customer 00401,customer00401@example.test,United Kingdom,2024-12-01,Standard,8111.02
402,Customer 00402,customer00402@example.test,Germany,2024-09-26,Standard,905.81
403,Customer 00403,customer00403@example.test,United Kingdom,2023-02-06,Premium,3868.39
404,Customer 00404,customer00404@example.test,Germany,2021-02-14,Basic,8226.15
405,Customer 00405,customer00405@example.test,France,2021-09-14,Standard,3861.62
406,Customer 00406,customer00406@example.test,United Kingdom,2023-04-26,Premium,7680.43
407,Customer 00407,customer00407@example.test,France,2023-01-24,Premium,66.87
408,Customer 00408,customer00408@example.test,Australia,2022-04-19,Premium,5678.51
409,Customer 00409,customer00409@example.test,Australia,2021-12-10,Standard,15.33
410,Customer 00410,customer00410@example.test,Japan,2024-04-03,Basic,7625.40
411,Customer 00411,customer00411@example.test,Brazil,2021-09-21,Premium,5555.50
412,Customer 00412,customer00412@example.test,Japan,2021-05-02,Standard,628.04
413,Customer 00413,customer00413@example.test,Germany,2020-10-18,Premium,460.32
414,Customer 00414,customer00414@example.test,United States,2021-04-19,Standard,7348.91
415,Customer 00415,customer00415@example.test,United Kingdom,2022-02-01,Basic,890.26
416,Customer 00416,customer00416@example.test,Brazil,2023-04-04,Basic,1399.99
417,Customer 00417,customer00417@example.test,Japan,2023-07-29,Premium,6206.47
418,Customer 00418,customer00418@example.test,Australia,2023-03-08,Standard,6946.22
419,Customer 00419,customer00419@example.test,France,2020-09-24,Standard,2736.68
420,Customer 00420,customer00420@example.test,India,2024-10-08,Standard,7347.64
421,Customer 00421,customer00421@example.test,India,2024-08-30,Standard,4747.51
422,Customer 00422,customer00422@example.test,France,2021-07-10,Premium,9893.88
423,Customer 00423,customer00423@example.test,Canada,2021-02-19,Basic,1142.66
424,Customer 00424,customer00424@example.test,Brazil,2020-11-14,Premium,4714.04
425,Customer 00425,customer00425@example.test,India,2022-08-12,Standard,1266.01
426,Customer 00426,customer00426@example.test,India,2023-01-02,Premium,4738.69
427,Customer 00427,customer00427@example.test,United Kingdom,2021-09-23,Standard,8938.92
428,Customer 00428,customer00428@example.test,Brazil,2020-09-02,Premium,8468.26
429,Customer 00429,customer00429@example.test,Germany,2023-11-06,Basic,7307.29
430,Customer 00430,customer00430@example.test,Australia,2023-05-20,Premium,8765.30
431,Customer 00431,customer00431@example.test,India,2024-10-20,Premium,956.43
432,Customer 00432,customer00432@example.test,France,2023-12-27,Standard,4154.92
433,Customer 00433,customer00433@example.test,Australia,2022-11-17,Basic,3133.57
434,Customer 00434,customer00434@example.test,Canada,2021-06-16,Premium,9983.45
435,Customer 00435,customer00435@example.test,United Kingdom,2022-04-08,Basic,7844.17
436,Customer 00436,customer00436@example.test,France,2023-01-31,Premium,4844.87
437,Customer 00437,customer00437@example.test,Canada,2020-07-27,Premium,125.37
438,Customer 00438,customer00438@example.test,France,2020-05-06,Premium,2077.57
439,Customer 00439,customer00439@example.test,Japan,2024-08-13,Standard,7196.22
440,Customer 00440,customer00440@example.test,Brazil,2023-07-14,Basic,6145.90
441,Customer 00441,customer00441@example.test,Brazil,2021-06-14,Premium,676.03
442,Customer 00442,customer00442@example.test,United Kingdom,2021-02-08,Premium,964.46
443,Customer 00443,customer00443@example.test,India,2024-10-01,Premium,447.70
444,Customer 00444,customer00444@example.test,Australia,2022-08-02,Premium,9690.22
445,Customer 00445,customer00445@example.test,Japan,2023-03-21,Basic,4141.86
446,Customer 00446,customer00446@example.test,Australia,2022-10-13,Standard,7164.00
447,Customer 00447,customer00447@example.test,Canada,2022-05-23,Standard,2251.46
448,Customer 00448,customer00448@example.test,Germany,2021-01-18,Standard,4676.76
449,Customer 00449,customer00449@example.test,Canada,2024-12-14,Premium,6439.37
450,Customer 00450,customer00450@example.test,France,2023-06-22,Basic,3094.40
451,Customer 00451,customer00451@example.test,Japan,2022-10-18,Basic,5023.00
452,Customer 00452,customer00452@example.test,Brazil,2020-05-04,Standard,4016.20
453,Customer 00453,customer00453@example.test,Japan,2020-10-08,Premium,6738.70
454,Customer 00454,customer00454@example.test,United States,2024-12-16,Premium,6613.93
455,Customer 00455,customer00455@example.test,United States,2024-06-30,Premium,4010.78
456,Customer 00456,customer00456@example.test,India,2024-05-20,Standard,5709.68
457,Customer 00457,customer00457@example.test,United Kingdom,2024-05-19,Standard,9570.11
458,Customer 00458,customer00458@example.test,United States,2023-03-04,Standard,4072.47
459,Customer 00459,customer00459@example.test,Canada,2021-07-07,Premium,3343.67
460,Customer 00460,customer00460@example.test,France,2023-05-07,Premium,9392.77
461,Customer 00461,customer00461@example.test,Germany,2024-07-18,Premium,8479.35
462,Customer 00462,customer00462@example.test,United States,2022-08-24,Standard,8040.92
463,Customer 00463,customer00463@example.test,France,2023-04-11,Premium,1049.98
464,Customer 00464,customer00464@example.test,France,2021-05-22,Standard,5596.14
465,Customer 00465,customer00465@example.test,Australia,2024-07-29,Premium,6036.56
466,Customer 00466,customer00466@example.test,Japan,2024-09-29,Standard,9806.34
467,Customer 00467,customer00467@example.test,Canada,2024-09-14,Premium,2480.41
468,Customer 00468,customer00468@example.test,India,2023-04-28,Basic,7315.14
469,Customer 00469,customer00469@example.test,Australia,2022-01-04,Basic,7345.91
470,Customer 00470,customer00470@example.test,Canada,2021-12-21,Basic,9944.36
471,Customer 00471,customer00471@example.test,United Kingdom,2021-01-20,Basic,3240.65
472,Customer 00472,customer00472@example.test,United Kingdom,2020-12-25,Premium,946.41
473,Customer 00473,customer00473@example.test,France,2020-04-25,Basic,2294.37
474,Customer 00474,customer00474@example.test,United States,2020-02-10,Standard,7.16
475,Customer 00475,customer00475@example.test,France,2021-11-10,Premium,3573.11
476,Customer 00476,customer00476@example.test,Canada,2024-01-08,Standard,624.48
477,Customer 00477,customer00477@example.test,Canada,2020-02-14,Basic,7389.27
478,Customer 00478,customer00478@example.test,Brazil,2020-10-17,Basic,9024.77
479,Customer 00479,customer00479@example.test,Brazil,2022-01-17,Standard,7387.61
480,Customer 00480,customer00480@example.test,Japan,2023-09-18,Basic,1059.39
481,Customer 00481,customer00481@example.test,Germany,2021-11-20,Standard,1430.79
482,Customer 00482,customer00482@example.test,Japan,2020-11-18,Basic,5108.66
483,Customer 00483,customer00483@example.test,India,2023-08-22,Premium,7415.35
484,Customer 00484,customer00484@example.test,India,2023-02-24,Premium,6978.60
485,Customer 00485,customer00485@example.test,Canada,2023-04-21,Standard,3217.27
486,Customer 00486,customer00486@example.test,Germany,2024-02-12,Premium,1863.40
487,Customer 00487,customer00487@example.test,Australia,2024-02-01,Basic,9947.82
488,Customer 00488,customer00488@example.test,Japan,2023-03-19,Basic,339.55
489,Customer 00489,customer00489@example.test,India,2021-01-07,Basic,2316.25
490,Customer 00490,customer00490@example.test,Brazil,2023-08-02,Standard,1474.75
491,Customer 00491,customer00491@example.test,Brazil,2021-11-09,Premium,3636.56
492,Customer 00492,customer00492@example.test,Canada,2021-10-16,Basic,9283.25
493,Customer 00493,customer00493@example.test,India,2020-06-30,Standard,119.49
494,Customer 00494,customer00494@example.test,France,2021-06-27,Premium,7268.47
495,Customer 00495,customer00495@example.test,India,2020-05-18,Standard,8252.50
496,Customer 00496,customer00496@example.test,Australia,2020-08-09,Premium,4046.84
497,Customer 00497,customer00497@example.test,Japan,2022-06-16,Premium,9275.19
498,Customer 00498,customer00498@example.test,United Kingdom,2022-04-27,Standard,3682.92
499,Customer 00499,customer00499@example.test,Japan,2023-01-23,Premium,8690.67
500,Customer 00500,customer00500@example.test,France,2022-09-08,Premium,4732.09
501,Customer 00501,customer00501@example.test,Australia,2020-05-30,Standard,210.53
502,Customer 00502,customer00502@example.test,Germany,2021-10-14,Premium,778.04
503,Customer 00503,customer00503@example.test,Canada,2021-12-01,Standard,1687.20
504,Customer 00504,customer00504@example.test,Brazil,2024-02-08,Basic,9875.84
505,Customer 00505,customer00505@example.test,India,2020-07-09,Basic,6434.53
506,Customer 00506,customer00506@example.test,Australia,2022-09-15,Standard,9882.22
507,Customer 00507,customer00507@example.test,Canada,2023-08-31,Basic,9329.73
508,Customer 00508,customer00508@example.test,Canada,2022-06-08,Premium,1061.76
509,Customer 00509,customer00509@example.test,France,2021-11-09,Premium,4291.61
510,Customer 00510,customer00510@example.test,United States,2023-11-28,Basic,9705.34
511,Customer 00511,customer00511@example.test,United States,2024-02-03,Standard,6926.87
512,Customer 00512,customer00512@example.test,Germany,2021-07-30,Premium,1005.75
513,Customer 00513,customer00513@example.test,Japan,2020-04-11,Basic,5763.63
514,Customer 00514,customer00514@example.test,United Kingdom,2024-09-16,Premium,571.52
515,Customer 00515,customer00515@example.test,Australia,2022-01-08,Standard,918.84
516,Customer 00516,customer00516@example.test,United Kingdom,2021-08-26,Premium,1016.98
517,Customer 00517,customer00517@example.test,France,2020-02-22,Premium,6691.91
518,Customer 00518,customer00518@example.test,Brazil,2021-08-20,Standard,8847.56
519,Customer 00519,customer00519@example.test,Germany,2020-08-24,Standard,4938.21
520,Customer 00520,customer00520@example.test,Germany,2022-09-28,Premium,6730.45
521,Customer 00521,customer00521@example.test,Japan,2023-01-19,Premium,3890.43
522,Customer 00522,customer00522@example.test,Japan,2024-12-18,Standard,1956.46
523,Customer 00523,customer00523@example.test,Australia,2022-07-01,Standard,4611.01
524,Customer 00524,customer00524@example.test,Germany,2022-08-10,Premium,8777.40
525,Customer 00525,customer00525@example.test,Australia,2021-07-04,Premium,7887.75
526,Customer 00526,customer00526@example.test,Brazil,2023-11-27,Premium,7005.96
527,Customer 00527,customer00527@example.test,United States,2021-12-05,Standard,7932.02
528,Customer 00528,customer00528@example.test,France,2023-04-22,Basic,639.46
529,Customer 00529,customer00529@example.test,Japan,2024-09-17,Basic,4389.67
530,Customer 00530,customer00530@example.test,United Kingdom,2023-01-01,Basic,9244.81
531,Customer 00531,customer00531@example.test,United Kingdom,2021-04-27,Standard,827.90
532,Customer 00532,customer00532@example.test,Australia,2022-03-19,Basic,5989.67
533,Customer 00533,customer00533@example.test,Canada,2022-11-24,Premium,9953.65
534,Customer 00534,customer00534@example.test,United Kingdom,2024-03-30,Premium,9951.63
535,Customer 00535,customer00535@example.test,France,2020-12-08,Premium,1323.15
536,Customer 00536,customer00536@example.test,Japan,2020-03-28,Premium,7163.08
537,Customer 00537,customer00537@example.test,France,2022-06-10,Basic,1550.61
538,Customer 00538,customer00538@example.test,Germany,2024-09-04,Standard,9550.47
539,Customer 00539,customer00539@example.test,Brazil,2024-01-29,Premium,4069.51
540,Customer 00540,customer00540@example.test,Japan,2023-02-13,Basic,3419.68
541,Customer 00541,customer00541@example.test,Germany,2024-10-20,Basic,4804.12
542,Customer 00542,customer00542@example.test,Australia,2024-11-23,Basic,6533.23
543,Customer 00543,customer00543@example.test,United States,2023-04-18,Standard,1179.84
544,Customer 00544,customer00544@example.test,Canada,2022-04-28,Premium,5941.16
545,Customer 00545,customer00545@example.test,Brazil,2023-04-19,Premium,5900.16
546,Customer 00546,customer00546@example.test,Brazil,2024-05-15,Standard,9096.13
547,Customer 00547,customer00547@example.test,India,2023-01-01,Standard,2769.67
548,Customer 00548,customer00548@example.test,United Kingdom,2022-02-23,Basic,6385.43
549,Customer 00549,customer00549@example.test,Australia,2022-08-26,Premium,2887.92
550,Customer 00550,customer00550@example.test,Canada,2022-04-05,Basic,6382.21
551,Customer 00551,customer00551@example.test,Japan,2023-10-26,Premium,4150.18
552,Customer 00552,customer00552@example.test,India,2024-12-26,Basic,2491.19
553,Customer 00553,customer00553@example.test,United Kingdom,2020-04-10,Standard,9406.05
554,Customer 00554,customer00554@example.test,Australia,2022-02-01,Standard,8570.91
555,Customer 00555,customer00555@example.test,Germany,2024-06-13,Standard,2939.64
556,Customer 00556,customer00556@example.test,United Kingdom,2024-09-22,Basic,7181.19
557,Customer 00557,customer00557@example.test,France,2020-07-20,Premium,3150.76
558,Customer 00558,customer00558@example.test,United Kingdom,2024-03-03,Standard,2825.07
559,Customer 00559,customer00559@example.test,Japan,2024-02-01,Basic,6769.13
560,Customer 00560,customer00560@example.test,France,2020-07-01,Standard,2216.59
561,Customer 00561,customer00561@example.test,Japan,2024-08-14,Basic,5079.93
562,Customer 00562,customer00562@example.test,United States,2024-04-04,Standard,8608.99
563,Customer 00563,customer00563@example.test,United States,2020-04-25,Premium,688.04
564,Customer 00564,customer00564@example.test,United States,2021-09-29,Standard,1422.39
565,Customer 00565,customer00565@example.test,United States,2024-05-17,Basic,303.54
566,Customer 00566,customer00566@example.test,France,2020-12-21,Premium,8776.33
567,Customer 00567,customer00567@example.test,France,2020-04-28,Premium,4786.21
568,Customer 00568,customer00568@example.test,India,2020-04-13,Basic,2087.81
569,Customer 00569,customer00569@example.test,India,2021-07-15,Standard,5296.63
570,Customer 00570,customer00570@example.test,Brazil,2022-03-23,Basic,320.47
571,Customer 00571,customer00571@example.test,India,2021-05-10,Standard,6228.99
572,Customer 00572,customer00572@example.test,Canada,2022-07-02,Standard,6153.88
573,Customer 00573,customer00573@example.test,India,2023-02-03,Standard,1714.56
574,Customer 00574,customer00574@example.test,Germany,2024-09-11,Basic,8712.30
575,Customer 00575,customer00575@example.test,Brazil,2023-11-11,Standard,287.83
576,Customer 00576,customer00576@example.test,Australia,2022-03-02,Premium,8952.96
577,Customer 00577,customer00577@example.test,France,2023-03-17,Premium,6788.27
578,Customer 00578,customer00578@example.test,France,2021-04-06,Standard,6832.38
579,Customer 00579,customer00579@example.test,United States,2022-04-18,Premium,9066.30
580,Customer 00580,customer00580@example.test,Australia,2024-05-17,Standard,9557.93
581,Customer 00581,customer00581@example.test,Canada,2020-09-27,Basic,8397.67
582,Customer 00582,customer00582@example.test,France,2020-01-18,Standard,6378.94
583,Customer 00583,customer00583@example.test,Germany,2024-07-06,Basic,7438.26
584,Customer 00584,customer00584@example.test,Germany,2023-08-09,Standard,9389.81
585,Customer 00585,customer00585@example.test,India,2022-02-10,Standard,2642.39
586,Customer 00586,customer00586@example.test,United Kingdom,2021-03-22,Standard,7100.91
587,Customer 00587,customer00587@example.test,Japan,2022-12-02,Basic,1072.82
588,Customer 00588,customer00588@example.test,United States,2020-01-16,Basic,8842.47
589,Customer 00589,customer00589@example.test,India,2024-09-15,Basic,6787.87
590,Customer 00590,customer00590@example.test,Germany,2023-05-01,Standard,7176.59
591,Customer 00591,customer00591@example.test,United Kingdom,2020-08-09,Premium,3526.18
592,Customer 00592,customer00592@example.test,India,2021-07-20,Standard,2738.32
593,Customer 00593,customer00593@example.test,Germany,2023-09-05,Premium,1572.12
594,Customer 00594,customer00594@example.test,France,2022-11-25,Premium,8445.54
595,Customer 00595,customer00595@example.test,Japan,2024-10-21,Basic,3351.09
596,Customer 00596,customer00596@example.test,Canada,2023-10-26,Basic,266.91
597,Customer 00597,customer00597@example.test,United Kingdom,2023-09-04,Standard,2720.28
598,Customer 00598,customer00598@example.test,Japan,2022-05-07,Standard,7725.19
599,Customer 00599,customer00599@example.test,France,2020-03-13,Standard,7618.42
600,Customer 00600,customer00600@example.test,France,2023-12-31,Basic,5606.05
601,Customer 00601,customer00601@example.test,United Kingdom,2023-07-31,Basic,3759.11
602,Customer 00602,customer00602@example.test,Germany,2022-11-04,Premium,8814.73
603,Customer 00603,customer00603@example.test,United States,2023-09-08,Premium,3080.54
604,Customer 00604,customer00604@example.test,United Kingdom,2020-07-18,Premium,7769.09
605,Customer 00605,customer00605@example.test,United States,2021-06-13,Premium,9929.21
606,Customer 00606,customer00606@example.test,India,2023-10-24,Basic,936.37
607,Customer 00607,customer00607@example.test,India,2021-03-31,Premium,7803.60
608,Customer 00608,customer00608@example.test,Germany,2024-11-19,Standard,8263.72
609,Customer 00609,customer00609@example.test,India,2024-12-21,Standard,2732.16
610,Customer 00610,customer00610@example.test,Germany,2023-04-14,Standard,8925.62
611,Customer 00611,customer00611@example.test,United Kingdom,2020-08-29,Premium,9084.79
612,Customer 00612,customer00612@example.test,Brazil,2023-07-23,Standard,9326.30
613,Customer 00613,customer00613@example.test,United States,2021-02-02,Premium,9096.37
614,Customer 00614,customer00614@example.test,Japan,2023-10-26,Basic,3128.48
615,Customer 00615,customer00615@example.test,Australia,2022-04-26,Premium,1440.37
616,Customer 00616,customer00616@example.test,India,2021-02-14,Standard,5970.62
617,Customer 00617,customer00617@example.test,Canada,2022-07-26,Standard,9042.85
618,Customer 00618,customer00618@example.test,Canada,2024-01-05,Premium,5112.65
619,Customer 00619,customer00619@example.test,Canada,2021-11-12,Standard,6653.20
620,Customer 00620,customer00620@example.test,Australia,2020-04-28,Standard,2868.14
621,Customer 00621,customer00621@example.test,Canada,2021-03-04,Basic,8016.19
622,Customer 00622,customer00622@example.test,United Kingdom,2020-11-20,Premium,1356.91
623,Customer 00623,customer00623@example.test,Japan,2023-06-12,Basic,4502.68
624,Customer 00624,customer00624@example.test,Japan,2022-04-06,Standard,4019.36
625,Customer 00625,customer00625@example.test,Australia,2020-01-10,Basic,2091.00
626,Customer 00626,customer00626@example.test,India,2024-02-05,Premium,9353.36
627,Customer 00627,customer00627@example.test,United States,2021-10-21,Premium,187.86
628,Customer 00628,customer00628@example.test,Australia,2023-10-17,Basic,7692.38
629,Customer 00629,customer00629@example.test,France,2021-05-24,Basic,9195.85
630,Customer 00630,customer00630@example.test,Germany,2021-12-06,Premium,1076.97
631,Customer 00631,customer00631@example.test,United States,2022-02-24,Basic,3209.84
632,Customer 00632,customer00632@example.test,Brazil,2020-12-08,Premium,3126.87
633,Customer 00633,customer00633@example.test,United Kingdom,2021-08-18,Basic,5455.61
634,Customer 00634,customer00634@example.test,United States,2023-05-06,Standard,4547.30
635,Customer 00635,customer00635@example.test,Canada,2024-12-23,Standard,9451.69
636,Customer 00636,customer00636@example.test,India,2022-09-30,Premium,1728.92
637,Customer 00637,customer00637@example.test,Japan,2024-07-20,Premium,2395.13
638,Customer 00638,customer00638@example.test,Canada,2021-04-04,Premium,7697.35
639,Customer 00639,customer00639@example.test,United States,2020-02-14,Premium,1291.44
640,Customer 00640,customer00640@example.test,Australia,2022-01-20,Standard,9191.23
641,Customer 00641,customer00641@example.test,Germany,2023-08-04,Basic,6534.04
642,Customer 00642,customer00642@example.test,Australia,2020-04-09,Basic,1133.65
643,Customer 00643,customer00643@example.test,Australia,2023-08-31,Premium,7232.55
644,Customer 00644,customer00644@example.test,Japan,2020-08-25,Standard,3987.24
645,Customer 00645,customer00645@example.test,United States,2020-09-10,Standard,4974.40
646,Customer 00646,customer00646@example.test,Canada,2023-12-08,Premium,7289.61
647,Customer 00647,customer00647@example.test,Australia,2023-11-05,Standard,4413.15
648,Customer 00648,customer00648@example.test,Brazil,2023-09-17,Basic,5455.83
649,Customer 00649,customer00649@example.test,Canada,2021-07-06,Standard,8710.02
650,Customer 00650,customer00650@example.test,United States,2020-08-02,Basic,6477.03
651,Customer 00651,customer00651@example.test,Germany,2020-08-29,Premium,8228.80
652,Customer 00652,customer00652@example.test,United Kingdom,2020-08-05,Premium,6385.84
653,Customer 00653,customer00653@example.test,Germany,2021-02-13,Basic,2114.69
654,Customer 00654,customer00654@example.test,Japan,2022-01-03,Standard,1681.63
655,Customer 00655,customer00655@example.test,United States,2020-03-21,Standard,9545.78
656,Customer 00656,customer00656@example.test,United Kingdom,2021-03-01,Standard,2458.96
657,Customer 00657,customer00657@example.test,Australia,2020-01-06,Basic,933.26
658,Customer 00658,customer00658@example.test,United Kingdom,2020-08-14,Premium,9955.66
659,Customer 00659,customer00659@example.test,United States,2020-07-03,Premium,7587.11
660,Customer 00660,customer00660@example.test,Brazil,2024-01-21,Standard,6756.36
661,Customer 00661,customer00661@example.test,United Kingdom,2021-04-18,Standard,2769.55
662,Customer 00662,customer00662@example.test,Australia,2022-08-08,Premium,8526.79
663,Customer 00663,customer00663@example.test,Australia,2020-12-23,Standard,3777.12
664,Customer 00664,customer00664@example.test,India,2024-06-29,Standard,7744.15
665,Customer 00665,customer00665@example.test,Brazil,2020-08-25,Premium,101.42
666,Customer 00666,customer00666@example.test,Canada,2024-10-10,Basic,6786.36
667,Customer 00667,customer00667@example.test,India,2020-12-15,Standard,9379.80
668,Customer 00668,customer00668@example.test,Germany,2022-06-15,Basic,974.66
669,Customer 00669,customer00669@example.test,India,2022-02-02,Premium,1193.61
670,Customer 00670,customer00670@example.test,Japan,2022-03-31,Standard,2850.37
671,Customer 00671,customer00671@example.test,Japan,2024-09-07,Basic,8919.93
672,Customer 00672,customer00672@example.test,Japan,2022-09-06,Basic,9291.68
673,Customer 00673,customer00673@example.test,Canada,2024-06-20,Premium,1389.48
674,Customer 00674,customer00674@example.test,Australia,2023-11-26,Premium,1087.51
675,Customer 00675,customer00675@example.test,United Kingdom,2022-05-02,Basic,7113.46
676,Customer 00676,customer00676@example.test,Canada,2022-06-16,Basic,3981.97
677,Customer 00677,customer00677@example.test,India,2024-05-14,Basic,302.16
678,Customer 00678,customer00678@example.test,Canada,2024-11-01,Standard,9651.07
679,Customer 00679,customer00679@example.test,Brazil,2022-09-26,Standard,4620.94
680,Customer 00680,customer00680@example.test,Brazil,2020-04-04,Standard,6867.89
681,Customer 00681,customer00681@example.test,Australia,2021-10-05,Basic,9105.12
682,Customer 00682,customer00682@example.test,United States,2023-10-20,Basic,6046.60
683,Customer 00683,customer00683@example.test,France,2024-01-22,Basic,9155.57
684,Customer 00684,customer00684@example.test,United States,2021-11-23,Basic,7216.73
685,Customer 00685,customer00685@example.test,Brazil,2023-12-05,Standard,6938.56
686,Customer 00686,customer00686@example.test,France,2024-01-28,Standard,3625.44
687,Customer 00687,customer00687@example.test,Japan,2023-09-21,Premium,8797.89
688,Customer 00688,customer00688@example.test,United States,2024-08-19,Basic,572.16
689,Customer 00689,customer00689@example.test,Canada,2020-01-24,Basic,8900.79
690,Customer 00690,customer00690@example.test,United Kingdom,2022-08-19,Premium,785.01
691,Customer 00691,customer00691@example.test,United Kingdom,2024-03-18,Standard,2525.93
692,Customer 00692,customer00692@example.test,Germany,2021-11-08,Premium,5315.53
693,Customer 00693,customer00693@example.test,United States,2021-04-01,Basic,3970.30
694,Customer 00694,customer00694@example.test,France,2022-04-05,Premium,4813.95
695,Customer 00695,customer00695@example.test,United Kingdom,2022-06-28,Premium,8981.98
696,Customer 00696,customer00696@example.test,United Kingdom,2022-10-17,Standard,1244.73
697,Customer 00697,customer00697@example.test,Australia,2022-10-15,Premium,4230.37
698,Customer 00698,customer00698@example.test,Australia,2022-04-24,Basic,5757.71
699,Customer 00699,customer00699@example.test,Brazil,2020-01-01,Basic,6491.37
700,Customer 00700,customer00700@example.test,Germany,2023-07-29,Basic,5896.48
701,Customer 00701,customer00701@example.test,United Kingdom,2021-02-27,Standard,3809.92
702,Customer 00702,customer00702@example.test,Australia,2024-08-17,Premium,8853.31
703,Customer 00703,customer00703@example.test,India,2022-07-19,Basic,8046.94
704,Customer 00704,customer00704@example.test,United Kingdom,2023-06-23,Basic,6890.89
705,Customer 00705,customer00705@example.test,United Kingdom,2022-01-14,Premium,1021.70
706,Customer 00706,customer00706@example.test,France,2024-04-04,Premium,3579.38
707,Customer 00707,customer00707@example.test,Germany,2021-12-28,Basic,5473.41
708,Customer 00708,customer00708@example.test,Brazil,2022-02-04,Premium,9404.43
709,Customer 00709,customer00709@example.test,United Kingdom,2020-12-02,Premium,8617.60
710,Customer 00710,customer00710@example.test,Japan,2024-01-08,Premium,2666.41
711,Customer 00711,customer00711@example.test,France,2023-06-05,Premium,1266.11
712,Customer 00712,customer00712@example.test,Japan,2024-10-11,Premium,4792.47
713,Customer 00713,customer00713@example.test,France,2024-08-15,Basic,3543.49
714,Customer 00714,customer00714@example.test,Japan,2020-08-08,Premium,9716.38
715,Customer 00715,customer00715@example.test,Brazil,2023-07-20,Standard,4796.05
716,Customer 00716,customer00716@example.test,United States,2023-09-10,Premium,5230.59
717,Customer 00717,customer00717@example.test,United States,2020-01-09,Basic,509.31
718,Customer 00718,customer00718@example.test,Japan,2023-02-07,Basic,5063.90
719,Customer 00719,customer00719@example.test,Canada,2022-11-07,Basic,6066.58
720,Customer 00720,customer00720@example.test,Canada,2020-12-21,Premium,4062.24
721,Customer 00721,customer00721@example.test,India,2023-09-08,Basic,9242.04
722,Customer 00722,customer00722@example.test,Japan,2022-02-26,Basic,9604.01
723,Customer 00723,customer00723@example.test,France,2023-11-19,Standard,4171.96
724,Customer 00724,customer00724@example.test,Germany,2021-12-03,Standard,8438.90
725,Customer 00725,customer00725@example.test,Canada,2020-09-30,Standard,6317.92
726,Customer 00726,customer00726@example.test,United States,2023-12-04,Standard,8840.27
727,Customer 00727,customer00727@example.test,United States,2023-12-07,Standard,7464.54
728,Customer 00728,customer00728@example.test,United States,2024-02-18,Basic,2279.00
729,Customer 00729,customer00729@example.test,France,2021-02-15,Basic,7490.86
730,Customer 00730,customer00730@example.test,India,2021-08-18,Basic,1391.16
731,Customer 00731,customer00731@example.test,Canada,2023-12-25,Basic,5688.43
732,Customer 00732,customer00732@example.test,India,2023-11-22,Basic,1210.11
733,Customer 00733,customer00733@example.test,India,2024-04-07,Basic,5037.04
734,Customer 00734,customer00734@example.test,Japan,2023-04-08,Basic,7841.97
735,Customer 00735,customer00735@example.test,United States,2024-09-19,Standard,9201.01
736,Customer 00736,customer00736@example.test,Japan,2024-10-01,Premium,5481.22
737,Customer 00737,customer00737@example.test,Australia,2020-08-06,Standard,1523.86
738,Customer 00738,customer00738@example.test,Australia,2020-04-18,Premium,2799.47
739,Customer 00739,customer00739@example.test,Canada,2024-03-16,Standard,7165.86
740,Customer 00740,customer00740@example.test,Canada,2021-05-28,Premium,7241.41
741,Customer 00741,customer00741@example.test,Germany,2024-05-25,Premium,7902.00
742,Customer 00742,customer00742@example.test,Australia,2023-01-13,Standard,8535.68
743,Customer 00743,customer00743@example.test,Brazil,2022-07-15,Basic,9102.01
744,Customer 00744,customer00744@example.test,United States,2023-10-15,Premium,7784.76
745,Customer 00745,customer00745@example.test,United States,2023-08-18,Standard,2491.36
746,Customer 00746,customer00746@example.test,Germany,2022-11-12,Basic,6967.72
747,Customer 00747,customer00747@example.test,Japan,2020-04-06,Standard,4368.01
748,Customer 00748,customer00748@example.test,India,2024-06-02,Basic,564.15
749,Customer 00749,customer00749@example.test,Germany,2020-01-27,Premium,6507.06
750,Customer 00750,customer00750@example.test,United Kingdom,2024-11-14,Premium,9557.62
751,Customer 00751,customer00751@example.test,India,2023-07-21,Basic,5731.67
752,Customer 00752,customer00752@example.test,France,2024-02-21,Basic,2028.97
753,Customer 00753,customer00753@example.test,United Kingdom,2021-08-25,Premium,7158.19
754,Customer 00754,customer00754@example.test,Canada,2020-06-01,Premium,7707.86
755,Customer 00755,customer00755@example.test,Brazil,2022-11-18,Standard,426.08
756,Customer 00756,customer00756@example.test,Germany,2022-05-27,Basic,2770.75
757,Customer 00757,customer00757@example.test,Canada,2020-09-23,Basic,8871.10
758,Customer 00758,customer00758@example.test,Australia,2021-06-06,Standard,4889.83
759,Customer 00759,customer00759@example.test,Canada,2023-12-24,Premium,1611.69
760,Customer 00760,customer00760@example.test,Australia,2021-10-22,Basic,6455.12
761,Customer 00761,customer00761@example.test,Germany,2024-09-22,Standard,8282.78
762,Customer 00762,customer00762@example.test,United States,2023-03-18,Standard,764.21
763,Customer 00763,customer00763@example.test,India,2024-05-24,Basic,2306.46
764,Customer 00764,customer00764@example.test,United States,2021-01-11,Premium,8244.51
765,Customer 00765,customer00765@example.test,Canada,2022-10-31,Standard,5694.60
766,Customer 00766,customer00766@example.test,Japan,2023-01-04,Premium,3663.75
767,Customer 00767,customer00767@example.test,France,2021-03-29,Basic,3480.05
768,Customer 00768,customer00768@example.test,India,2021-11-09,Standard,2290.56
769,Customer 00769,customer00769@example.test,United States,2024-03-21,Standard,5886.02
770,Customer 00770,customer00770@example.test,Australia,2024-08-13,Premium,7014.32
771,Customer 00771,customer00771@example.test,United Kingdom,2021-12-09,Premium,9484.33
772,Customer 00772,customer00772@example.test,France,2023-08-08,Premium,7157.06
773,Customer 00773,customer00773@example.test,India,2024-12-18,Standard,9604.24
774,Customer 00774,customer00774@example.test,Brazil,2024-06-18,Standard,2690.54
775,Customer 00775,customer00775@example.test,Germany,2023-01-11,Premium,9556.04
776,Customer 00776,customer00776@example.test,India,2022-11-24,Basic,8418.14
777,Customer 00777,customer00777@example.test,United Kingdom,2022-11-07,Standard,459.81
778,Customer 00778,customer00778@example.test,France,2021-08-30,Standard,5388.57
779,Customer 00779,customer00779@example.test,Brazil,2020-06-17,Premium,8108.83
780,Customer 00780,customer00780@example.test,United States,2023-01-06,Premium,6573.86
781,Customer 00781,customer00781@example.test,France,2020-05-14,Basic,6600.93
782,Customer 00782,customer00782@example.test,France,2024-05-03,Basic,4448.15
783,Customer 00783,customer00783@example.test,Brazil,2024-09-07,Premium,5638.76
784,Customer 00784,customer00784@example.test,Japan,2024-08-24,Basic,8564.29
785,Customer 00785,customer00785@example.test,Canada,2020-05-27,Premium,4815.32
786,Customer 00786,customer00786@example.test,India,2024-01-08,Premium,917.72
787,Customer 00787,customer00787@example.test,Australia,2020-05-30,Premium,8327.94
788,Customer 00788,customer00788@example.test,United States,2021-05-30,Premium,6028.91
789,Customer 00789,customer00789@example.test,France,2024-08-09,Standard,4274.33
790,Customer 00790,customer00790@example.test,United Kingdom,2022-03-05,Basic,4240.94
791,Customer 00791,customer00791@example.test,India,2022-06-05,Premium,4084.22
792,Customer 00792,customer00792@example.test,Brazil,2023-10-10,Basic,61.85
793,Customer 00793,customer00793@example.test,Brazil,2023-08-06,Basic,6140.54
794,Customer 00794,customer00794@example.test,Brazil,2020-04-03,Standard,9731.28
795,Customer 00795,customer00795@example.test,Brazil,2022-10-26,Standard,8251.15
796,Customer 00796,customer00796@example.test,Germany,2023-11-05,Basic,907.07
797,Customer 00797,customer00797@example.test,United Kingdom,2021-07-30,Standard,4143.06
798,Customer 00798,customer00798@example.test,Australia,2024-08-10,Standard,1639.17
799,Customer 00799,customer00799@example.test,France,2022-12-28,Premium,7830.28
800,Customer 00800,customer00800@example.test,United States,2022-03-11,Standard,6648.45
801,Customer 00801,customer00801@example.test,Germany,2020-10-22,Basic,9300.63
802,Customer 00802,customer00802@example.test,India,2024-06-16,Premium,5804.12
803,Customer 00803,customer00803@example.test,United States,2024-11-26,Premium,1292.21
804,Customer 00804,customer00804@example.test,Australia,2020-03-26,Basic,6256.37
805,Customer 00805,customer00805@example.test,United States,2022-03-18,Basic,9929.79
806,Customer 00806,customer00806@example.test,Germany,2020-06-23,Premium,7846.45
807,Customer 00807,customer00807@example.test,India,2024-02-27,Premium,4326.99
808,Customer 00808,customer00808@example.test,United States,2023-08-15,Premium,1687.72
809,Customer 00809,customer00809@example.test,France,2021-01-11,Basic,8752.97
810,Customer 00810,customer00810@example.test,France,2021-06-01,Premium,1901.67
811,Customer 00811,customer00811@example.test,Australia,2023-10-06,Basic,4836.71
812,Customer 00812,customer00812@example.test,United States,2023-08-13,Premium,3047.71
813,Customer 00813,customer00813@example.test,Brazil,2023-10-07,Standard,1029.72
814,Customer 00814,customer00814@example.test,United Kingdom,2021-02-08,Standard,3744.86
815,Customer 00815,customer00815@example.test,France,2020-09-19,Premium,2989.87
816,Customer 00816,customer00816@example.test,Brazil,2023-06-22,Premium,3332.22
817,Customer 00817,customer00817@example.test,United Kingdom,2022-09-22,Standard,6462.81
818,Customer 00818,customer00818@example.test,Germany,2023-09-12,Basic,6125.46
819,Customer 00819,customer00819@example.test,India,2020-11-08,Standard,4491.12
820,Customer 00820,customer00820@example.test,Australia,2020-12-11,Standard,2581.33
821,Customer 00821,customer00821@example.test,France,2024-05-28,Basic,7757.53
822,Customer 00822,customer00822@example.test,Japan,2023-08-05,Standard,8809.19
823,Customer 00823,customer00823@example.test,Canada,2022-01-06,Basic,7685.77
824,Customer 00824,customer00824@example.test,United Kingdom,2021-11-10,Standard,4669.91
825,Customer 00825,customer00825@example.test,Germany,2022-01-04,Standard,5784.69
826,Customer 00826,customer00826@example.test,Canada,2020-08-10,Basic,6360.95
827,Customer 00827,customer00827@example.test,Germany,2020-06-16,Premium,9345.92
828,Customer 00828,customer00828@example.test,France,2023-01-08,Standard,7691.77
829,Customer 00829,customer00829@example.test,Brazil,2024-12-20,Basic,790.62
830,Customer 00830,customer00830@example.test,United States,2020-02-08,Basic,327.09
831,Customer 00831,customer00831@example.test,Japan,2024-07-22,Basic,2230.95
832,Customer 00832,customer00832@example.test,United States,2020-03-16,Standard,5698.68
833,Customer 00833,customer00833@example.test,United Kingdom,2023-01-10,Basic,8128.53
834,Customer 00834,customer00834@example.test,India,2020-10-31,Standard,2341.53
835,Customer 00835,customer00835@example.test,Germany,2024-12-30,Premium,4872.74
836,Customer 00836,customer00836@example.test,United States,2022-10-23,Premium,4160.59
837,Customer 00837,customer00837@example.test,United States,2022-01-15,Premium,6948.68
838,Customer 00838,customer00838@example.test,Canada,2021-05-04,Basic,1471.89
839,Customer 00839,customer00839@example.test,Canada,2022-07-02,Premium,5938.68
840,Customer 00840,customer00840@example.test,Canada,2023-03-04,Basic,7675.62
841,Customer 00841,customer00841@example.test,India,2022-09-17,Premium,2294.48
842,Customer 00842,customer00842@example.test,United Kingdom,2024-04-08,Premium,659.14
843,Customer 00843,customer00843@example.test,India,2021-06-25,Premium,448.87
844,Customer 00844,customer00844@example.test,France,2023-10-01,Basic,9518.19
845,Customer 00845,customer00845@example.test,India,2024-06-08,Standard,4924.89
846,Customer 00846,customer00846@example.test,Australia,2022-07-20,Premium,6800.27
847,Customer 00847,customer00847@example.test,Brazil,2021-10-25,Basic,5466.99
848,Customer 00848,customer00848@example.test,Germany,2023-07-21,Basic,2761.06
849,Customer 00849,customer00849@example.test,United States,2023-03-31,Basic,1822.94
850,Customer 00850,customer00850@example.test,Japan,2022-02-10,Standard,6162.25
851,Customer 00851,customer00851@example.test,Brazil,2023-08-31,Basic,2638.07
852,Customer 00852,customer00852@example.test,France,2022-02-09,Basic,4255.56
853,Customer 00853,customer00853@example.test,India,2021-12-23,Standard,8311.61
854,Customer 00854,customer00854@example.test,Australia,2022-09-14,Basic,9248.79
855,Customer 00855,customer00855@example.test,United Kingdom,2020-10-11,Premium,2411.62
856,Customer 00856,customer00856@example.test,United States,2020-06-06,Basic,2944.50
857,Customer 00857,customer00857@example.test,Canada,2021-03-09,Premium,1650.01
858,Customer 00858,customer00858@example.test,Brazil,2022-01-11,Basic,2415.35
859,Customer 00859,customer00859@example.test,India,2022-04-29,Basic,1188.44
860,Customer 00860,customer00860@example.test,United Kingdom,2022-09-13,Standard,2209.39
861,Customer 00861,customer00861@example.test,Canada,2023-04-24,Basic,8738.46
862,Customer 00862,customer00862@example.test,Australia,2022-04-21,Premium,452.40
863,Customer 00863,customer00863@example.test,Canada,2020-09-18,Premium,6601.20
864,Customer 00864,customer00864@example.test,Australia,2022-11-15,Basic,1539.99
865,Customer 00865,customer00865@example.test,Canada,2020-04-24,Standard,9672.55
866,Customer 00866,customer00866@example.test,United States,2021-01-03,Standard,6284.71
867,Customer 00867,customer00867@example.test,Australia,2023-02-28,Basic,7633.36
868,Customer 00868,customer00868@example.test,Germany,2023-09-17,Premium,2271.14
869,Customer 00869,customer00869@example.test,United Kingdom,2022-07-08,Standard,1788.52
870,Customer 00870,customer00870@example.test,Japan,2021-03-25,Basic,1496.44
871,Customer 00871,customer00871@example.test,Canada,2024-06-15,Basic,6916.91
872,Customer 00872,customer00872@example.test,Germany,2022-11-12,Premium,7593.64
873,Customer 00873,customer00873@example.test,India,2023-11-05,Standard,6255.10
874,Customer 00874,customer00874@example.test,Brazil,2023-04-24,Premium,3965.83
875,Customer 00875,customer00875@example.test,Canada,2022-02-28,Premium,173.67
876,Customer 00876,customer00876@example.test,United States,2021-02-18,Basic,7176.11
877,Customer 00877,customer00877@example.test,Canada,2022-05-09,Basic,1009.76
878,Customer 00878,customer00878@example.test,United Kingdom,2020-12-29,Basic,6289.50
879,Customer 00879,customer00879@example.test,United States,2020-03-20,Basic,7889.30
880,Customer 00880,customer00880@example.test,Brazil,2020-08-28,Standard,6914.23
881,Customer 00881,customer00881@example.test,United States,2020-09-23,Premium,9405.40
882,Customer 00882,customer00882@example.test,Japan,2024-05-05,Basic,4411.19
883,Customer 00883,customer00883@example.test,Australia,2022-01-28,Basic,5555.52
884,Customer 00884,customer00884@example.test,France,2022-05-28,Standard,8279.09
885,Customer 00885,customer00885@example.test,Japan,2024-04-23,Standard,6176.61
886,Customer 00886,customer00886@example.test,Brazil,2024-07-05,Standard,1403.86
887,Customer 00887,customer00887@example.test,United Kingdom,2021-06-05,Premium,9542.93
888,Customer 00888,customer00888@example.test,Brazil,2024-10-25,Standard,6273.54
889,Customer 00889,customer00889@example.test,United States,2024-11-30,Standard,2703.28
890,Customer 00890,customer00890@example.test,Australia,2021-01-22,Basic,7797.69
891,Customer 00891,customer00891@example.test,Australia,2024-06-04,Basic,5479.23
892,Customer 00892,customer00892@example.test,United States,2020-08-29,Premium,3932.47
893,Customer 00893,customer00893@example.test,France,2023-09-02,Basic,8433.56
894,Customer 00894,customer00894@example.test,Japan,2021-10-08,Standard,1117.60
895,Customer 00895,customer00895@example.test,Japan,2020-11-12,Basic,6138.05
896,Customer 00896,customer00896@example.test,Germany,2021-06-03,Basic,4441.36
897,Customer 00897,customer00897@example.test,India,2023-03-02,Basic,2889.46
898,Customer 00898,customer00898@example.test,Japan,2023-10-25,Premium,4333.01
899,Customer 00899,customer00899@example.test,United States,2023-02-04,Standard,1874.01
900,Customer 00900,customer00900@example.test,United States,2022-01-28,Basic,5072.59
901,Customer 00901,customer00901@example.test,Germany,2021-06-03,Basic,3610.83
902,Customer 00902,customer00902@example.test,Japan,2024-05-04,Basic,1447.75
903,Customer 00903,customer00903@example.test,Brazil,2024-10-17,Basic,2409.32
904,Customer 00904,customer00904@example.test,Canada,2022-07-03,Premium,2248.75
905,Customer 00905,customer00905@example.test,Japan,2022-11-07,Standard,8397.56
906,Customer 00906,customer00906@example.test,Australia,2023-02-01,Premium,4080.04
907,Customer 00907,customer00907@example.test,Australia,2023-07-26,Premium,8632.45
908,Customer 00908,customer00908@example.test,United Kingdom,2020-10-24,Basic,4565.26
909,Customer 00909,customer00909@example.test,Brazil,2020-06-29,Standard,2325.42
910,Customer 00910,customer00910@example.test,Brazil,2022-01-29,Basic,395.89
911,Customer 00911,customer00911@example.test,Japan,2024-01-23,Standard,6437.89
912,Customer 00912,customer00912@example.test,United States,2023-09-05,Standard,7461.72
913,Customer 00913,customer00913@example.test,Australia,2023-05-08,Premium,6713.94
914,Customer 00914,customer00914@example.test,United Kingdom,2022-10-09,Premium,2115.05
915,Customer 00915,customer00915@example.test,United States,2024-10-07,Standard,2042.06
916,Customer 00916,customer00916@example.test,United States,2020-03-09,Basic,7323.77
917,Customer 00917,customer00917@example.test,Canada,2021-04-19,Basic,378.12
918,Customer 00918,customer00918@example.test,France,2022-01-06,Basic,3.01
919,Customer 00919,customer00919@example.test,Brazil,2020-11-18,Standard,8175.46
920,Customer 00920,customer00920@example.test,India,2022-03-29,Basic,4143.37
921,Customer 00921,customer00921@example.test,France,2022-04-10,Basic,161.12
922,Customer 00922,customer00922@example.test,Brazil,2024-02-18,Premium,5762.89
923,Customer 00923,customer00923@example.test,United States,2021-08-05,Basic,3650.04
924,Customer 00924,customer00924@example.test,Germany,2021-12-12,Premium,6358.18
925,Customer 00925,customer00925@example.test,United Kingdom,2021-02-02,Standard,6028.33
926,Customer 00926,customer00926@example.test,Germany,2020-01-10,Premium,4269.11
927,Customer 00927,customer00927@example.test,Brazil,2022-11-02,Basic,759.02
928,Customer 00928,customer00928@example.test,Germany,2022-10-27,Standard,9930.17
929,Customer 00929,customer00929@example.test,United States,2020-08-27,Standard,9186.71
930,Customer 00930,customer00930@example.test,Germany,2023-01-06,Basic,4642.76
931,Customer 00931,customer00931@example.test,United Kingdom,2022-02-11,Premium,7942.68
932,Customer 00932,customer00932@example.test,United Kingdom,2021-11-26,Basic,4831.00
933,Customer 00933,customer00933@example.test,Australia,2023-04-16,Standard,1219.16
934,Customer 00934,customer00934@example.test,Brazil,2021-06-12,Standard,6644.42
935,Customer 00935,customer00935@example.test,France,2024-06-03,Basic,7352.36
936,Customer 00936,customer00936@example.test,India,2021-04-15,Standard,3702.48
937,Customer 00937,customer00937@example.test,United States,2022-11-23,Premium,7348.61
938,Customer 00938,customer00938@example.test,Germany,2024-08-31,Premium,3012.44
939,Customer 00939,customer00939@example.test,Japan,2020-07-09,Basic,7851.61
940,Customer 00940,customer00940@example.test,India,2024-08-08,Premium,5814.89
941,Customer 00941,customer00941@example.test,United Kingdom,2020-12-31,Standard,3707.11
942,Customer 00942,customer00942@example.test,Germany,2021-03-23,Premium,9931.25
943,Customer 00943,customer00943@example.test,France,2024-03-08,Standard,7729.18
944,Customer 00944,customer00944@example.test,France,2021-02-12,Basic,2538.14
945,Customer 00945,customer00945@example.test,Germany,2024-11-22,Premium,2403.41
946,Customer 00946,customer00946@example.test,France,2021-02-19,Basic,3733.21
947,Customer 00947,customer00947@example.test,Brazil,2020-11-15,Premium,9648.87
948,Customer 00948,customer00948@example.test,United Kingdom,2020-06-09,Basic,69.45
949,Customer 00949,customer00949@example.test,United States,2024-04-14,Premium,8892.03
950,Customer 00950,customer00950@example.test,India,2022-09-14,Basic,3307.38
951,Customer 00951,customer00951@example.test,Germany,2022-10-05,Standard,1917.55
952,Customer 00952,customer00952@example.test,United States,2024-04-14,Standard,4172.06
953,Customer 00953,customer00953@example.test,Canada,2021-03-30,Premium,5512.73
954,Customer 00954,customer00954@example.test,Japan,2024-06-24,Standard,9852.99
955,Customer 00955,customer00955@example.test,Australia,2023-01-12,Basic,3641.58
956,Customer 00956,customer00956@example.test,Canada,2022-03-17,Standard,1262.15
957,Customer 00957,customer00957@example.test,United States,2023-12-01,Standard,3309.84
958,Customer 00958,customer00958@example.test,Australia,2023-11-12,Premium,7068.48
959,Customer 00959,customer00959@example.test,Japan,2021-03-07,Basic,1056.41
960,Customer 00960,customer00960@example.test,India,2021-10-28,Basic,9037.06
961,Customer 00961,customer00961@example.test,Canada,2021-06-15,Basic,2756.17
962,Customer 00962,customer00962@example.test,Germany,2021-04-30,Standard,6428.65
963,Customer 00963,customer00963@example.test,India,2021-12-03,Premium,5229.98
964,Customer 00964,customer00964@example.test,France,2022-05-18,Standard,7347.50
965,Customer 00965,customer00965@example.test,India,2024-03-20,Standard,8958.25
966,Customer 00966,customer00966@example.test,Germany,2022-03-31,Standard,1886.27
967,Customer 00967,customer00967@example.test,Canada,2023-03-16,Basic,7193.35
968,Customer 00968,customer00968@example.test,Brazil,2021-04-13,Basic,2830.62
969,Customer 00969,customer00969@example.test,France,2024-07-04,Basic,4532.14
970,Customer 00970,customer00970@example.test,Japan,2024-10-19,Premium,1529.28
971,Customer 00971,customer00971@example.test,Canada,2024-06-26,Standard,8448.04
972,Customer 00972,customer00972@example.test,Canada,2020-01-20,Standard,5238.66
973,Customer 00973,customer00973@example.test,United States,2020-10-02,Basic,7555.62
974,Customer 00974,customer00974@example.test,United Kingdom,2021-10-08,Standard,2631.65
975,Customer 00975,customer00975@example.test,Australia,2023-02-25,Standard,1037.82
976,Customer 00976,customer00976@example.test,Canada,2023-11-15,Premium,2259.33
977,Customer 00977,customer00977@example.test,Germany,2024-07-24,Standard,8797.25
978,Customer 00978,customer00978@example.test,Brazil,2023-07-13,Standard,7807.62
979,Customer 00979,customer00979@example.test,Germany,2021-11-16,Standard,3778.08
980,Customer 00980,customer00980@example.test,United States,2023-02-21,Standard,3608.57
981,Customer 00981,customer00981@example.test,Japan,2020-02-10,Premium,3681.45
982,Customer 00982,customer00982@example.test,France,2024-11-11,Basic,6038.69
983,Customer 00983,customer00983@example.test,United States,2023-08-23,Premium,8182.13
984,Customer 00984,customer00984@example.test,India,2021-08-05,Standard,7058.93
985,Customer 00985,customer00985@example.test,United Kingdom,2022-11-11,Basic,4686.40
986,Customer 00986,customer00986@example.test,Brazil,2024-12-26,Standard,6434.73
987,Customer 00987,customer00987@example.test,United Kingdom,2021-08-09,Basic,1518.84
988,Customer 00988,customer00988@example.test,Canada,2024-11-13,Basic,8469.52
989,Customer 00989,customer00989@example.test,Japan,2021-11-21,Basic,6420.53
990,Customer 00990,customer00990@example.test,Japan,2023-03-16,Premium,829.54
991,Customer 00991,customer00991@example.test,India,2020-11-27,Premium,3287.09
992,Customer 00992,customer00992@example.test,Germany,2021-10-10,Basic,2804.65
993,Customer 00993,customer00993@example.test,Japan,2023-05-24,Standard,9308.12
994,Customer 00994,customer00994@example.test,India,2022-06-30,Basic,6154.29
995,Customer 00995,customer00995@example.test,United Kingdom,2022-12-02,Standard,1754.45
996,Customer 00996,customer00996@example.test,Australia,2021-01-11,Premium,7631.24
997,Customer 00997,customer00997@example.test,Germany,2021-04-25,Basic,7347.33
998,Customer 00998,customer00998@example.test,Brazil,2024-03-15,Premium,1750.18
999,Customer 00999,customer00999@example.test,Brazil,2022-03-24,Premium,668.91
1000,Customer 01000,customer01000@example.test,United Kingdom,2024-12-04,Basic,564.40
1001,Customer 01001,customer01001@example.test,Japan,2020-02-23,Basic,8021.56
1002,Customer 01002,customer01002@example.test,Brazil,2020-06-19,Standard,6481.27
1003,Customer 01003,customer01003@example.test,Brazil,2020-11-14,Basic,9768.42
1004,Customer 01004,customer01004@example.test,Japan,2024-12-18,Standard,2404.97
1005,Customer 01005,customer01005@example.test,Germany,2021-05-21,Standard,6569.12
1006,Customer 01006,customer01006@example.test,Canada,2020-09-15,Basic,8792.49
1007,Customer 01007,customer01007@example.test,Australia,2020-12-15,Premium,6957.81
1008,Customer 01008,customer01008@example.test,India,2021-12-31,Standard,4898.87
1009,Customer 01009,customer01009@example.test,United States,2024-11-18,Standard,5751.91
1010,Customer 01010,customer01010@example.test,Canada,2022-06-30,Basic,5654.84
1011,Customer 01011,customer01011@example.test,United Kingdom,2020-12-28,Basic,7852.90
1012,Customer 01012,customer01012@example.test,Japan,2023-07-26,Basic,6708.64
1013,Customer 01013,customer01013@example.test,United States,2023-08-02,Standard,9530.75
1014,Customer 01014,customer01014@example.test,United Kingdom,2021-12-12,Basic,2381.61
1015,Customer 01015,customer01015@example.test,Brazil,2024-07-06,Standard,3228.23
1016,Customer 01016,customer01016@example.test,Japan,2022-01-19,Standard,1632.81
1017,Customer 01017,customer01017@example.test,Australia,2021-09-13,Premium,5487.36
1018,Customer 01018,customer01018@example.test,Canada,2024-07-27,Standard,3006.92
1019,Customer 01019,customer01019@example.test,United States,2022-08-18,Premium,7211.79
1020,Customer 01020,customer01020@example.test,United Kingdom,2022-10-04,Standard,95.76
1021,Customer 01021,customer01021@example.test,Japan,2024-04-17,Standard,6260.03
1022,Customer 01022,customer01022@example.test,Australia,2021-04-18,Basic,3917.94
1023,Customer 01023,customer01023@example.test,Japan,2021-01-21,Basic,4583.39
1024,Customer 01024,customer01024@example.test,France,2022-03-19,Premium,7496.66
1025,Customer 01025,customer01025@example.test,Japan,2024-02-18,Standard,2313.07
1026,Customer 01026,customer01026@example.test,Brazil,2021-06-22,Standard,6556.98
1027,Customer 01027,customer01027@example.test,United States,2021-05-05,Basic,8468.03
1028,Customer 01028,customer01028@example.test,Germany,2023-11-22,Standard,6799.56
1029,Customer 01029,customer01029@example.test,United States,2024-03-01,Standard,4329.61
1030,Customer 01030,customer01030@example.test,Brazil,2021-01-20,Premium,1432.60
1031,Customer 01031,customer01031@example.test,Brazil,2021-08-16,Basic,4774.61
1032,Customer 01032,customer01032@example.test,United Kingdom,2023-06-19,Standard,7344.98
1033,Customer 01033,customer01033@example.test,United Kingdom,2023-06-29,Premium,3362.19
1034,Customer 01034,customer01034@example.test,Canada,2020-02-09,Premium,5609.57
1035,Customer 01035,customer01035@example.test,Canada,2020-02-15,Premium,2958.18
1036,Customer 01036,customer01036@example.test,Canada,2021-07-05,Basic,4597.13
1037,Customer 01037,customer01037@example.test,Australia,2024-01-29,Premium,945.78
1038,Customer 01038,customer01038@example.test,Australia,2020-11-04,Standard,2277.38
1039,Customer 01039,customer01039@example.test,Japan,2021-12-01,Standard,8238.92
1040,Customer 01040,customer01040@example.test,United Kingdom,2024-06-25,Standard,4862.08
1041,Customer 01041,customer01041@example.test,Australia,2023-11-28,Standard,841.20
1042,Customer 01042,customer01042@example.test,Canada,2024-09-23,Premium,2794.49
1043,Customer 01043,customer01043@example.test,Japan,2024-05-07,Premium,5695.78
1044,Customer 01044,customer01044@example.test,Canada,2022-08-20,Premium,9392.08
1045,Customer 01045,customer01045@example.test,Germany,2024-09-19,Standard,8684.85
1046,Customer 01046,customer01046@example.test,Brazil,2020-01-26,Basic,2610.55
1047,Customer 01047,customer01047@example.test,United Kingdom,2022-02-27,Premium,7734.49
1048,Customer 01048,customer01048@example.test,France,2020-03-09,Standard,7710.41
1049,Customer 01049,customer01049@example.test,Brazil,2024-04-27,Basic,6983.59
1050,Customer 01050,customer01050@example.test,United Kingdom,2021-03-02,Standard,7145.44
1051,Customer 01051,customer01051@example.test,India,2021-10-01,Premium,6597.26
1052,Customer 01052,customer01052@example.test,Australia,2024-01-31,Basic,9829.57
1053,Customer 01053,customer01053@example.test,United States,2023-01-30,Premium,2656.17
1054,Customer 01054,customer01054@example.test,Germany,2022-09-12,Premium,3779.34
1055,Customer 01055,customer01055@example.test,Australia,2024-12-22,Basic,2283.67
1056,Customer 01056,customer01056@example.test,France,2020-08-19,Basic,4552.51
1057,Customer 01057,customer01057@example.test,Australia,2021-10-26,Premium,8329.78
1058,Customer 01058,customer01058@example.test,Brazil,2021-07-19,Standard,8274.77
1059,Customer 01059,customer01059@example.test,Australia,2021-05-12,Premium,6093.03
1060,Customer 01060,customer01060@example.test,United Kingdom,2024-05-23,Basic,6251.73
1061,Customer 01061,customer01061@example.test,India,2020-11-13,Premium,2608.04
1062,Customer 01062,customer01062@example.test,United Kingdom,2020-11-18,Premium,7192.65
1063,Customer 01063,customer01063@example.test,India,2023-06-20,Basic,629.69
1064,Customer 01064,customer01064@example.test,India,2020-05-02,Basic,1613.95
1065,Customer 01065,customer01065@example.test,United States,2023-12-07,Premium,1319.39
1066,Customer 01066,customer01066@example.test,France,2022-09-26,Standard,5854.72
1067,Customer 01067,customer01067@example.test,India,2024-06-02,Standard,7688.04
1068,Customer 01068,customer01068@example.test,Australia,2021-01-30,Basic,3961.19
1069,Customer 01069,customer01069@example.test,Canada,2022-01-03,Standard,9423.16
1070,Customer 01070,customer01070@example.test,United Kingdom,2020-03-21,Basic,4587.52
1071,Customer 01071,customer01071@example.test,Germany,2023-02-18,Basic,7308.97
1072,Customer 01072,customer01072@example.test,France,2022-09-30,Basic,1956.92
1073,Customer 01073,customer01073@example.test,India,2023-01-18,Standard,7679.79
1074,Customer 01074,customer01074@example.test,Germany,2022-08-17,Basic,9588.95
1075,Customer 01075,customer01075@example.test,United States,2024-10-28,Premium,722.22
1076,Customer 01076,customer01076@example.test,Canada,2022-12-23,Standard,3100.35
1077,Customer 01077,customer01077@example.test,Germany,2024-08-05,Basic,3849.45
1078,Customer 01078,customer01078@example.test,Australia,2022-07-18,Basic,5305.35
1079,Customer 01079,customer01079@example.test,Canada,2022-02-15,Premium,6498.38
1080,Customer 01080,customer01080@example.test,India,2024-10-20,Basic,2503.85
1081,Customer 01081,customer01081@example.test,Brazil,2021-10-18,Basic,5651.36
1082,Customer 01082,customer01082@example.test,Japan,2024-08-04,Premium,5495.26
1083,Customer 01083,customer01083@example.test,United Kingdom,2023-10-31,Basic,1616.18
1084,Customer 01084,customer01084@example.test,Germany,2023-06-09,Standard,4297.11
1085,Customer 01085,customer01085@example.test,India,2023-08-05,Premium,1009.32
1086,Customer 01086,customer01086@example.test,Brazil,2022-12-07,Premium,8757.63
1087,Customer 01087,customer01087@example.test,Canada,2020-09-22,Premium,2118.95
1088,Customer 01088,customer01088@example.test,United Kingdom,2020-08-07,Premium,1035.50
1089,Customer 01089,customer01089@example.test,Japan,2020-03-06,Basic,5137.07
1090,Customer 01090,customer01090@example.test,Germany,2022-12-12,Premium,3841.50
1091,Customer 01091,customer01091@example.test,Brazil,2021-03-28,Premium,9753.96
1092,Customer 01092,customer01092@example.test,United Kingdom,2021-03-03,Premium,4907.95
1093,Customer 01093,customer01093@example.test,Australia,2024-06-28,Standard,5851.26
1094,Customer 01094,customer01094@example.test,Japan,2024-03-02,Standard,8328.31
1095,Customer 01095,customer01095@example.test,Australia,2023-12-21,Basic,2787.27
1096,Customer 01096,customer01096@example.test,Australia,2022-12-19,Basic,738.07
1097,Customer 01097,customer01097@example.test,Germany,2024-09-04,Premium,9904.88
1098,Customer 01098,customer01098@example.test,United States,2021-03-18,Premium,1061.42
1099,Customer 01099,customer01099@example.test,France,2024-01-25,Basic,4040.48
1100,Customer 01100,customer01100@example.test,France,2021-01-23,Basic,6887.84
1101,Customer 01101,customer01101@example.test,Canada,2021-05-24,Basic,7855.87
1102,Customer 01102,customer01102@example.test,Japan,2023-02-17,Basic,1106.39
1103,Customer 01103,customer01103@example.test,India,2024-04-18,Basic,4810.03
1104,Customer 01104,customer01104@example.test,Japan,2023-12-09,Premium,1749.12
1105,Customer 01105,customer01105@example.test,Canada,2024-06-10,Basic,4210.63
1106,Customer 01106,customer01106@example.test,India,2022-10-30,Basic,1658.60
1107,Customer 01107,customer01107@example.test,United Kingdom,2022-12-29,Standard,9463.24
1108,Customer 01108,customer01108@example.test,United States,2021-10-07,Standard,8858.93
1109,Customer 01109,customer01109@example.test,Japan,2022-01-31,Basic,4515.04
1110,Customer 01110,customer01110@example.test,India,2024-08-18,Basic,2524.15
1111,Customer 01111,customer01111@example.test,United States,2023-02-27,Premium,3932.82
1112,Customer 01112,customer01112@example.test,United States,2024-04-17,Basic,2664.31
1113,Customer 01113,customer01113@example.test,United Kingdom,2022-01-07,Standard,4163.79
1114,Customer 01114,customer01114@example.test,Australia,2020-01-01,Standard,6247.02
1115,Customer 01115,customer01115@example.test,United States,2020-02-03,Premium,9335.72
1116,Customer 01116,customer01116@example.test,Australia,2021-09-10,Standard,2326.65
1117,Customer 01117,customer01117@example.test,India,2021-03-15,Premium,8090.00
1118,Customer 01118,customer01118@example.test,Germany,2024-08-10,Basic,5361.07
1119,Customer 01119,customer01119@example.test,Canada,2023-02-13,Premium,395.69
1120,Customer 01120,customer01120@example.test,India,2022-07-31,Premium,1451.31
1121,Customer 01121,customer01121@example.test,India,2021-06-26,Basic,2619.93
1122,Customer 01122,customer01122@example.test,Germany,2021-04-22,Standard,963.69
1123,Customer 01123,customer01123@example.test,Japan,2023-03-14,Basic,9624.68
1124,Customer 01124,customer01124@example.test,Brazil,2021-03-21,Basic,3404.64
1125,Customer 01125,customer01125@example.test,United Kingdom,2024-06-11,Premium,5119.94
1126,Customer 01126,customer01126@example.test,Brazil,2024-08-18,Basic,6734.52
1127,Customer 01127,customer01127@example.test,Australia,2021-09-07,Basic,8476.07
1128,Customer 01128,customer01128@example.test,Japan,2023-03-26,Premium,8180.17
1129,Customer 01129,customer01129@example.test,India,2020-04-24,Standard,9225.29
1130,Customer 01130,customer01130@example.test,Japan,2024-07-31,Standard,9754.33
1131,Customer 01131,customer01131@example.test,Brazil,2024-11-12,Premium,7839.97
1132,Customer 01132,customer01132@example.test,Australia,2023-08-29,Basic,8151.82
1133,Customer 01133,customer01133@example.test,Japan,2023-07-18,Premium,3195.88
1134,Customer 01134,customer01134@example.test,Australia,2022-12-09,Standard,5661.57
1135,Customer 01135,customer01135@example.test,Canada,2023-03-02,Standard,5268.06
1136,Customer 01136,customer01136@example.test,France,2023-11-30,Premium,529.73
1137,Customer 01137,customer01137@example.test,Japan,2023-10-11,Standard,7894.10
1138,Customer 01138,customer01138@example.test,United States,2023-05-03,Premium,2328.73
1139,Customer 01139,customer01139@example.test,Germany,2022-06-03,Standard,1552.02
1140,Customer 01140,customer01140@example.test,India,2020-09-27,Premium,4989.69
1141,Customer 01141,customer01141@example.test,Australia,2023-03-16,Basic,4185.82
1142,Customer 01142,customer01142@example.test,Brazil,2021-06-21,Standard,5261.99
1143,Customer 01143,customer01143@example.test,Canada,2022-06-08,Premium,5042.83
1144,Customer 01144,customer01144@example.test,France,2023-02-19,Standard,4145.21
1145,Customer 01145,customer01145@example.test,France,2023-08-28,Basic,6459.19
1146,Customer 01146,customer01146@example.test,United States,2024-02-15,Premium,2540.85
1147,Customer 01147,customer01147@example.test,Germany,2020-05-26,Standard,3391.21
1148,Customer 01148,customer01148@example.test,Brazil,2023-11-03,Premium,7043.78
1149,Customer 01149,customer01149@example.test,Japan,2022-04-27,Standard,3652.27
1150,Customer 01150,customer01150@example.test,India,2021-01-25,Standard,6227.25
1151,Customer 01151,customer01151@example.test,Australia,2023-09-04,Standard,1774.77
1152,Customer 01152,customer01152@example.test,United Kingdom,2021-12-17,Basic,1529.01
1153,Customer 01153,customer01153@example.test,Australia,2022-06-21,Premium,2093.85
1154,Customer 01154,customer01154@example.test,India,2023-11-04,Premium,7945.41
1155,Customer 01155,customer01155@example.test,Brazil,2024-01-31,Premium,7755.07
1156,Customer 01156,customer01156@example.test,France,2020-04-21,Basic,9717.46
1157,Customer 01157,customer01157@example.test,Germany,2020-10-29,Premium,3599.46
1158,Customer 01158,customer01158@example.test,Brazil,2023-11-21,Standard,4719.23
1159,Customer 01159,customer01159@example.test,Australia,2022-08-22,Standard,2191.62
1160,Customer 01160,customer01160@example.test,United States,2024-02-24,Premium,2137.01
1161,Customer 01161,customer01161@example.test,United States,2023-01-24,Standard,5754.58
1162,Customer 01162,customer01162@example.test,Canada,2022-09-16,Basic,7326.97
1163,Customer 01163,customer01163@example.test,Australia,2023-09-30,Standard,6113.24
1164,Customer 01164,customer01164@example.test,United States,2023-09-20,Premium,2678.65
1165,Customer 01165,customer01165@example.test,Australia,2020-12-14,Standard,2104.45
1166,Customer 01166,customer01166@example.test,Germany,2024-06-04,Premium,4875.46
1167,Customer 01167,customer01167@example.test,Australia,2023-09-02,Premium,4075.23
1168,Customer 01168,customer01168@example.test,Germany,2023-09-14,Basic,8934.73
1169,Customer 01169,customer01169@example.test,India,2023-09-13,Premium,200.05
1170,Customer 01170,customer01170@example.test,Japan,2021-08-22,Premium,3991.94
1171,Customer 01171,customer01171@example.test,Brazil,2022-11-07,Standard,5082.05
1172,Customer 01172,customer01172@example.test,United States,2024-11-10,Premium,1954.72
1173,Customer 01173,customer01173@example.test,United States,2021-02-11,Standard,5879.23
1174,Customer 01174,customer01174@example.test,Australia,2023-12-30,Premium,2594.09
1175,Customer 01175,customer01175@example.test,Germany,2022-12-20,Standard,5137.31
1176,Customer 01176,customer01176@example.test,Canada,2022-03-16,Premium,3636.25
1177,Customer 01177,customer01177@example.test,India,2023-11-02,Standard,6556.02
1178,Customer 01178,customer01178@example.test,France,2021-09-11,Basic,2892.79
1179,Customer 01179,customer01179@example.test,Australia,2024-07-20,Basic,2701.96
1180,Customer 01180,customer01180@example.test,Japan,2024-12-04,Premium,9899.99
1181,Customer 01181,customer01181@example.test,Germany,2023-02-10,Premium,1590.77
1182,Customer 01182,customer01182@example.test,Japan,2021-11-30,Basic,1439.28
1183,Customer 01183,customer01183@example.test,Japan,2020-06-28,Basic,7109.29
1184,Customer 01184,customer01184@example.test,France,2023-06-08,Standard,2520.36
1185,Customer 01185,customer01185@example.test,Canada,2023-03-19,Standard,3275.57
1186,Customer 01186,customer01186@example.test,India,2023-05-24,Standard,5685.73
1187,Customer 01187,customer01187@example.test,France,2020-09-26,Basic,1453.08
1188,Customer 01188,customer01188@example.test,United States,2023-04-04,Basic,8389.70
1189,Customer 01189,customer01189@example.test,Canada,2021-02-18,Standard,7219.78
1190,Customer 01190,customer01190@example.test,United States,2023-12-15,Premium,4509.55
1191,Customer 01191,customer01191@example.test,Canada,2024-04-26,Basic,9783.52
1192,Customer 01192,customer01192@example.test,Canada,2023-03-02,Standard,711.08
1193,Customer 01193,customer01193@example.test,United States,2023-02-15,Basic,1241.38
1194,Customer 01194,customer01194@example.test,India,2021-01-12,Premium,7623.98
1195,Customer 01195,customer01195@example.test,India,2020-03-01,Standard,4312.28
1196,Customer 01196,customer01196@example.test,United Kingdom,2021-09-13,Basic,9791.27
1197,Customer 01197,customer01197@example.test,Germany,2024-08-09,Premium,8169.53
1198,Customer 01198,customer01198@example.test,Brazil,2021-01-19,Premium,1937.20
1199,Customer 01199,customer01199@example.test,Germany,2020-02-23,Basic,5945.87
1200,Customer 01200,customer01200@example.test,France,2023-06-08,Basic,2434.61
1201,Customer 01201,customer01201@example.test,Australia,2021-04-17,Standard,833.36
1202,Customer 01202,customer01202@example.test,United Kingdom,2023-11-10,Premium,5267.25
1203,Customer 01203,customer01203@example.test,United Kingdom,2024-09-28,Basic,6811.21
1204,Customer 01204,customer01204@example.test,Canada,2022-02-04,Standard,5153.18
1205,Customer 01205,customer01205@example.test,Canada,2022-08-28,Premium,2026.47
1206,Customer 01206,customer01206@example.test,Australia,2021-04-08,Standard,8016.77
1207,Customer 01207,customer01207@example.test,Germany,2020-01-31,Standard,2333.65
1208,Customer 01208,customer01208@example.test,France,2024-02-29,Premium,693.48
1209,Customer 01209,customer01209@example.test,United Kingdom,2020-12-28,Basic,5137.42
1210,Customer 01210,customer01210@example.test,India,2023-11-09,Standard,9307.02
1211,Customer 01211,customer01211@example.test,Japan,2021-05-20,Standard,8139.20
1212,Customer 01212,customer01212@example.test,Japan,2020-03-26,Basic,3280.96
1213,Customer 01213,customer01213@example.test,United States,2022-03-18,Basic,6725.50
1214,Customer 01214,customer01214@example.test,Australia,2024-11-28,Basic,1146.26
1215,Customer 01215,customer01215@example.test,United Kingdom,2022-07-13,Premium,9204.18
1216,Customer 01216,customer01216@example.test,United States,2021-05-18,Basic,4148.28
1217,Customer 01217,customer01217@example.test,Australia,2024-02-14,Basic,4062.16
1218,Customer 01218,customer01218@example.test,Australia,2022-11-23,Premium,3053.23
1219,Customer 01219,customer01219@example.test,Japan,2022-06-19,Standard,8112.59
1220,Customer 01220,customer01220@example.test,Germany,2024-08-21,Standard,1745.73
1221,Customer 01221,customer01221@example.test,Germany,2022-05-15,Basic,9636.75
1222,Customer 01222,customer01222@example.test,United States,2020-04-21,Premium,4860.97
1223,Customer 01223,customer01223@example.test,United Kingdom,2024-08-26,Premium,7577.50
1224,Customer 01224,customer01224@example.test,Brazil,2022-10-22,Premium,8165.58
1225,Customer 01225,customer01225@example.test,United States,2023-04-13,Premium,4121.60
1226,Customer 01226,customer01226@example.test,India,2022-04-26,Standard,261.22
1227,Customer 01227,customer01227@example.test,United Kingdom,2021-01-01,Basic,9401.71
1228,Customer 01228,customer01228@example.test,France,2023-12-30,Standard,945.60
1229,Customer 01229,customer01229@example.test,India,2021-05-27,Basic,6800.81
1230,Customer 01230,customer01230@example.test,Canada,2023-12-28,Basic,7688.81
1231,Customer 01231,customer01231@example.test,Brazil,2020-09-10,Premium,7405.32
1232,Customer 01232,customer01232@example.test,India,2022-07-09,Premium,5492.62
1233,Customer 01233,customer01233@example.test,Japan,2023-12-19,Basic,8294.93
1234,Customer 01234,customer01234@example.test,Canada,2022-11-13,Standard,5770.79
1235,Customer 01235,customer01235@example.test,Australia,2022-02-18,Premium,9565.66
1236,Customer 01236,customer01236@example.test,Canada,2021-11-17,Premium,9110.22
1237,Customer 01237,customer01237@example.test,Canada,2020-10-23,Basic,538.02
1238,Customer 01238,customer01238@example.test,Germany,2022-05-09,Standard,7656.30
1239,Customer 01239,customer01239@example.test,United Kingdom,2024-04-23,Standard,6568.83
1240,Customer 01240,customer01240@example.test,Brazil,2021-01-05,Premium,2127.05
1241,Customer 01241,customer01241@example.test,Germany,2020-01-08,Premium,4809.21
1242,Customer 01242,customer01242@example.test,United Kingdom,2022-10-16,Basic,8466.77
1243,Customer 01243,customer01243@example.test,United Kingdom,2020-01-12,Premium,2274.08
1244,Customer 01244,customer01244@example.test,United Kingdom,2023-04-20,Standard,4300.74
1245,Customer 01245,customer01245@example.test,Brazil,2022-06-23,Basic,6292.52
1246,Customer 01246,customer01246@example.test,France,2020-01-14,Basic,2916.22
1247,Customer 01247,customer01247@example.test,United States,2023-06-23,Premium,512.95
1248,Customer 01248,customer01248@example.test,Canada,2021-01-13,Premium,6850.10
1249,Customer 01249,customer01249@example.test,Australia,2021-12-15,Premium,8953.04
1250,Customer 01250,customer01250@example.test,Germany,2020-03-07,Standard,9650.93
1251,Customer 01251,customer01251@example.test,Australia,2020-06-28,Premium,4372.11
1252,Customer 01252,customer01252@example.test,Canada,2020-12-31,Basic,2981.94
1253,Customer 01253,customer01253@example.test,United States,2023-06-05,Premium,4774.56
1254,Customer 01254,customer01254@example.test,India,2024-03-14,Premium,976.49
1255,Customer 01255,customer01255@example.test,Germany,2024-04-22,Standard,3864.73
1256,Customer 01256,customer01256@example.test,Brazil,2022-02-15,Standard,8842.74
1257,Customer 01257,customer01257@example.test,Brazil,2023-02-01,Standard,4936.87
1258,Customer 01258,customer01258@example.test,Brazil,2020-10-02,Basic,9011.54
1259,Customer 01259,customer01259@example.test,India,2021-07-16,Basic,4338.56
1260,Customer 01260,customer01260@example.test,France,2022-12-10,Basic,2192.05
1261,Customer 01261,customer01261@example.test,Australia,2023-06-07,Premium,5991.21
1262,Customer 01262,customer01262@example.test,United States,2024-02-03,Premium,5071.57
1263,Customer 01263,customer01263@example.test,Germany,2024-01-22,Standard,6384.19
1264,Customer 01264,customer01264@example.test,India,2024-10-02,Standard,5509.12
1265,Customer 01265,customer01265@example.test,India,2023-03-23,Premium,6441.29
1266,Customer 01266,customer01266@example.test,United Kingdom,2023-02-26,Basic,7646.05
1267,Customer 01267,customer01267@example.test,United Kingdom,2023-07-18,Standard,8472.28
1268,Customer 01268,customer01268@example.test,France,2021-01-03,Basic,3045.98
1269,Customer 01269,customer01269@example.test,Australia,2021-01-31,Premium,251.51
1270,Customer 01270,customer01270@example.test,Brazil,2022-08-10,Basic,8892.65
1271,Customer 01271,customer01271@example.test,Japan,2021-02-28,Standard,477.02
1272,Customer 01272,customer01272@example.test,India,2021-11-14,Basic,8451.97
1273,Customer 01273,customer01273@example.test,France,2023-07-29,Premium,6717.36
1274,Customer 01274,customer01274@example.test,Germany,2021-02-16,Standard,8285.80
1275,Customer 01275,customer01275@example.test,Germany,2020-05-18,Standard,5313.02
1276,Customer 01276,customer01276@example.test,India,2023-01-31,Premium,1193.66
1277,Customer 01277,customer01277@example.test,India,2023-11-05,Standard,4152.87
1278,Customer 01278,customer01278@example.test,Australia,2024-01-23,Premium,2034.40
1279,Customer 01279,customer01279@example.test,India,2021-11-07,Basic,5023.81
1280,Customer 01280,customer01280@example.test,Australia,2022-08-29,Basic,1423.48
1281,Customer 01281,customer01281@example.test,Canada,2022-09-13,Basic,4829.92
1282,Customer 01282,customer01282@example.test,United States,2024-12-31,Standard,4849.35
1283,Customer 01283,customer01283@example.test,Japan,2024-05-24,Basic,587.43
1284,Customer 01284,customer01284@example.test,United States,2024-09-06,Standard,5923.85
1285,Customer 01285,customer01285@example.test,India,2024-01-24,Basic,5619.16
1286,Customer 01286,customer01286@example.test,France,2020-02-08,Basic,7187.91
1287,Customer 01287,customer01287@example.test,India,2021-11-10,Premium,1565.57
1288,Customer 01288,customer01288@example.test,Australia,2021-07-28,Standard,3934.68
1289,Customer 01289,customer01289@example.test,United States,2023-07-07,Premium,5987.17
1290,Customer 01290,customer01290@example.test,Japan,2023-05-25,Premium,6241.03
1291,Customer 01291,customer01291@example.test,Germany,2020-08-27,Basic,8994.88
1292,Customer 01292,customer01292@example.test,Australia,2021-10-06,Standard,4339.73
1293,Customer 01293,customer01293@example.test,United Kingdom,2020-06-26,Premium,3896.33
1294,Customer 01294,customer01294@example.test,Germany,2022-07-14,Premium,5506.07
1295,Customer 01295,customer01295@example.test,Canada,2021-09-11,Premium,3923.93
1296,Customer 01296,customer01296@example.test,Australia,2024-05-26,Premium,9577.20
1297,Customer 01297,customer01297@example.test,United Kingdom,2020-07-08,Basic,261.46
1298,Customer 01298,customer01298@example.test,United Kingdom,2024-06-24,Basic,1615.62
1299,Customer 01299,customer01299@example.test,India,2021-01-24,Standard,7680.20
1300,Customer 01300,customer01300@example.test,United States,2024-11-24,Standard,8132.05
1301,Customer 01301,customer01301@example.test,Canada,2021-11-01,Premium,8620.74
1302,Customer 01302,customer01302@example.test,Canada,2022-11-23,Premium,7597.67
1303,Customer 01303,customer01303@example.test,United Kingdom,2020-03-15,Standard,7483.44
1304,Customer 01304,customer01304@example.test,United States,2024-11-06,Premium,43.09
1305,Customer 01305,customer01305@example.test,Australia,2021-09-28,Basic,8893.22
1306,Customer 01306,customer01306@example.test,Brazil,2023-05-02,Standard,4895.54
1307,Customer 01307,customer01307@example.test,Australia,2024-12-26,Premium,5458.65
1308,Customer 01308,customer01308@example.test,Germany,2024-04-18,Premium,6056.15
1309,Customer 01309,customer01309@example.test,Germany,2024-04-02,Basic,9354.71
1310,Customer 01310,customer01310@example.test,India,2021-03-05,Premium,2018.98
1311,Customer 01311,customer01311@example.test,Germany,2021-08-09,Basic,3346.52
1312,Customer 01312,customer01312@example.test,United Kingdom,2024-05-01,Basic,1233.65
1313,Customer 01313,customer01313@example.test,Canada,2021-07-12,Premium,2869.29
1314,Customer 01314,customer01314@example.test,Australia,2020-08-22,Basic,5868.10
1315,Customer 01315,customer01315@example.test,Brazil,2022-11-18,Premium,5688.82
1316,Customer 01316,customer01316@example.test,United States,2021-12-18,Standard,2842.18
1317,Customer 01317,customer01317@example.test,Germany,2020-10-16,Basic,2567.17
1318,Customer 01318,customer01318@example.test,Brazil,2020-12-16,Standard,6430.52
1319,Customer 01319,customer01319@example.test,United States,2021-11-24,Standard,531.90
1320,Customer 01320,customer01320@example.test,Australia,2020-09-23,Standard,9471.70
1321,Customer 01321,customer01321@example.test,Australia,2023-10-15,Premium,4022.33
1322,Customer 01322,customer01322@example.test,Brazil,2020-04-20,Standard,4109.54
1323,Customer 01323,customer01323@example.test,United Kingdom,2021-01-01,Basic,3728.99
1324,Customer 01324,customer01324@example.test,India,2021-10-01,Premium,7475.28
1325,Customer 01325,customer01325@example.test,United States,2024-04-02,Premium,9676.09
1326,Customer 01326,customer01326@example.test,United Kingdom,2024-03-27,Basic,1381.97
1327,Customer 01327,customer01327@example.test,United Kingdom,2020-07-09,Premium,4777.14
1328,Customer 01328,customer01328@example.test,United Kingdom,2021-09-27,Standard,2429.48
1329,Customer 01329,customer01329@example.test,Canada,2021-04-03,Basic,2705.87
1330,Customer 01330,customer01330@example.test,Japan,2022-01-14,Premium,7335.99
1331,Customer 01331,customer01331@example.test,India,2023-09-24,Standard,4753.01
1332,Customer 01332,customer01332@example.test,Australia,2022-09-25,Premium,4984.24
1333,Customer 01333,customer01333@example.test,India,2020-08-19,Standard,4836.46
1334,Customer 01334,customer01334@example.test,Canada,2024-09-28,Standard,8052.45
1335,Customer 01335,customer01335@example.test,Canada,2021-12-14,Basic,1079.32
1336,Customer 01336,customer01336@example.test,Brazil,2022-04-10,Standard,5831.65
1337,Customer 01337,customer01337@example.test,Brazil,2023-08-23,Standard,5586.24
1338,Customer 01338,customer01338@example.test,Japan,2022-08-02,Basic,4335.25
1339,Customer 01339,customer01339@example.test,France,2021-05-03,Basic,1667.44
1340,Customer 01340,customer01340@example.test,Japan,2022-09-14,Premium,3572.64
1341,Customer 01341,customer01341@example.test,Japan,2021-03-02,Standard,5947.64
1342,Customer 01342,customer01342@example.test,India,2024-05-31,Basic,7278.51
1343,Customer 01343,customer01343@example.test,Canada,2021-04-28,Basic,7021.31
1344,Customer 01344,customer01344@example.test,United Kingdom,2020-06-08,Premium,6209.28
1345,Customer 01345,customer01345@example.test,United Kingdom,2023-05-05,Standard,5820.51
1346,Customer 01346,customer01346@example.test,United Kingdom,2020-07-18,Premium,3229.98
1347,Customer 01347,customer01347@example.test,Brazil,2022-04-11,Basic,1140.27
1348,Customer 01348,customer01348@example.test,Japan,2023-11-04,Standard,5183.06
1349,Customer 01349,customer01349@example.test,Australia,2023-08-13,Premium,2281.82
1350,Customer 01350,customer01350@example.test,Canada,2024-07-31,Basic,9471.32
1351,Customer 01351,customer01351@example.test,Australia,2024-03-26,Premium,6929.84
1352,Customer 01352,customer01352@example.test,United Kingdom,2020-11-01,Basic,3056.63
1353,Customer 01353,customer01353@example.test,United Kingdom,2022-03-09,Premium,2156.51
1354,Customer 01354,customer01354@example.test,India,2023-10-27,Standard,5979.78
1355,Customer 01355,customer01355@example.test,Germany,2024-06-14,Standard,7526.58
1356,Customer 01356,customer01356@example.test,Brazil,2021-12-06,Basic,85.13
1357,Customer 01357,customer01357@example.test,United States,2023-06-06,Standard,8888.11
1358,Customer 01358,customer01358@example.test,Germany,2020-09-18,Premium,3871.58
1359,Customer 01359,customer01359@example.test,Australia,2023-01-29,Premium,7375.20
1360,Customer 01360,customer01360@example.test,India,2023-02-20,Premium,9030.83
1361,Customer 01361,customer01361@example.test,Australia,2021-07-31,Premium,4526.86
1362,Customer 01362,customer01362@example.test,Japan,2023-12-09,Basic,3335.80
1363,Customer 01363,customer01363@example.test,Japan,2023-12-28,Standard,4000.99
1364,Customer 01364,customer01364@example.test,United States,2022-06-10,Premium,6946.68
1365,Customer 01365,customer01365@example.test,United Kingdom,2020-12-21,Premium,1973.70
1366,Customer 01366,customer01366@example.test,Japan,2023-02-11,Standard,8807.64
1367,Customer 01367,customer01367@example.test,Canada,2022-05-04,Standard,9151.29
1368,Customer 01368,customer01368@example.test,Canada,2023-10-04,Premium,121.66
1369,Customer 01369,customer01369@example.test,Australia,2020-05-26,Premium,7563.79
1370,Customer 01370,customer01370@example.test,United Kingdom,2024-12-17,Basic,4579.49
1371,Customer 01371,customer01371@example.test,Brazil,2020-10-05,Premium,6734.40
1372,Customer 01372,customer01372@example.test,Japan,2024-07-08,Standard,9369.89
1373,Customer 01373,customer01373@example.test,Japan,2024-06-03,Basic,1885.31
1374,Customer 01374,customer01374@example.test,United States,2022-07-19,Standard,5788.66
1375,Customer 01375,customer01375@example.test,United Kingdom,2024-08-06,Standard,3725.66
1376,Customer 01376,customer01376@example.test,Canada,2021-04-07,Standard,6339.41
1377,Customer 01377,customer01377@example.test,United Kingdom,2020-01-16,Basic,2482.50
1378,Customer 01378,customer01378@example.test,United States,2023-12-29,Standard,4307.94
1379,Customer 01379,customer01379@example.test,India,2023-01-23,Premium,397.04
1380,Customer 01380,customer01380@example.test,United Kingdom,2023-03-09,Basic,3864.82
1381,Customer 01381,customer01381@example.test,United Kingdom,2020-08-19,Basic,839.52
1382,Customer 01382,customer01382@example.test,United States,2020-10-17,Standard,4875.21
1383,Customer 01383,customer01383@example.test,Brazil,2022-11-24,Basic,9331.44
1384,Customer 01384,customer01384@example.test,Brazil,2023-06-03,Premium,4954.01
1385,Customer 01385,customer01385@example.test,Brazil,2023-07-15,Basic,6644.69
1386,Customer 01386,customer01386@example.test,Germany,2023-01-09,Basic,553.37
1387,Customer 01387,customer01387@example.test,United States,2021-12-04,Premium,4916.44
1388,Customer 01388,customer01388@example.test,United States,2022-07-18,Standard,6018.46
1389,Customer 01389,customer01389@example.test,India,2024-02-11,Standard,3700.57
1390,Customer 01390,customer01390@example.test,Germany,2024-06-22,Standard,1756.45
1391,Customer 01391,customer01391@example.test,Germany,2020-03-13,Basic,8231.54
1392,Customer 01392,customer01392@example.test,Germany,2023-02-28,Premium,6598.68
1393,Customer 01393,customer01393@example.test,Canada,2022-08-27,Basic,541.27
1394,Customer 01394,customer01394@example.test,Germany,2023-09-06,Basic,6546.43
1395,Customer 01395,customer01395@example.test,Germany,2020-02-25,Standard,865.18
1396,Customer 01396,customer01396@example.test,United States,2020-09-16,Premium,8928.05
1397,Customer 01397,customer01397@example.test,Germany,2024-05-24,Standard,1389.76
1398,Customer 01398,customer01398@example.test,Germany,2023-06-15,Standard,8995.29
1399,Customer 01399,customer01399@example.test,Australia,2021-06-10,Basic,1169.68
1400,Customer 01400,customer01400@example.test,Canada,2023-05-21,Basic,7748.63
1401,Customer 01401,customer01401@example.test,United Kingdom,2020-11-05,Standard,8470.82
1402,Customer 01402,customer01402@example.test,Germany,2020-12-25,Basic,2476.69
1403,Customer 01403,customer01403@example.test,Canada,2022-09-20,Basic,9038.87
1404,Customer 01404,customer01404@example.test,India,2020-03-08,Premium,1521.17
1405,Customer 01405,customer01405@example.test,Canada,2023-05-04,Standard,7893.27
1406,Customer 01406,customer01406@example.test,Japan,2022-04-25,Premium,6927.59
1407,Customer 01407,customer01407@example.test,Canada,2022-06-20,Premium,6058.22
1408,Customer 01408,customer01408@example.test,India,2024-02-12,Premium,6734.59
1409,Customer 01409,customer01409@example.test,Brazil,2021-06-25,Premium,1757.41
1410,Customer 01410,customer01410@example.test,Japan,2022-08-08,Standard,3160.06
1411,Customer 01411,customer01411@example.test,United States,2022-09-02,Premium,3982.49
1412,Customer 01412,customer01412@example.test,Japan,2023-10-31,Standard,2753.82
1413,Customer 01413,customer01413@example.test,United States,2020-10-24,Standard,124.39
1414,Customer 01414,customer01414@example.test,United Kingdom,2021-08-14,Standard,7114.51
1415,Customer 01415,customer01415@example.test,United States,2021-10-08,Basic,430.10
1416,Customer 01416,customer01416@example.test,United States,2020-07-18,Basic,3710.15
1417,Customer 01417,customer01417@example.test,Japan,2024-09-25,Basic,9626.36
1418,Customer 01418,customer01418@example.test,Germany,2023-08-28,Standard,2834.57
1419,Customer 01419,customer01419@example.test,Brazil,2021-06-30,Standard,6861.28
1420,Customer 01420,customer01420@example.test,Japan,2023-04-11,Standard,8107.07
1421,Customer 01421,customer01421@example.test,France,2023-10-14,Basic,7045.27
1422,Customer 01422,customer01422@example.test,France,2023-04-20,Basic,3537.96
1423,Customer 01423,customer01423@example.test,Canada,2023-10-19,Standard,5742.13
1424,Customer 01424,customer01424@example.test,Australia,2020-01-22,Premium,125.42
1425,Customer 01425,customer01425@example.test,Brazil,2022-04-22,Basic,1089.54
1426,Customer 01426,customer01426@example.test,United Kingdom,2023-11-04,Standard,2300.74
1427,Customer 01427,customer01427@example.test,Germany,2024-01-25,Standard,2024.58
1428,Customer 01428,customer01428@example.test,Australia,2020-03-10,Basic,964.07
1429,Customer 01429,customer01429@example.test,France,2020-04-26,Basic,6690.78
1430,Customer 01430,customer01430@example.test,Brazil,2020-09-06,Premium,8980.43
1431,Customer 01431,customer01431@example.test,Canada,2023-05-23,Standard,6882.79
1432,Customer 01432,customer01432@example.test,Canada,2024-04-13,Premium,7294.45
1433,Customer 01433,customer01433@example.test,Germany,2021-01-12,Standard,4896.38
1434,Customer 01434,customer01434@example.test,Brazil,2023-09-14,Basic,4754.70
1435,Customer 01435,customer01435@example.test,Japan,2021-07-20,Basic,9472.74
1436,Customer 01436,customer01436@example.test,India,2023-09-29,Standard,1698.33
1437,Customer 01437,customer01437@example.test,Brazil,2024-05-17,Standard,8148.54
1438,Customer 01438,customer01438@example.test,Japan,2020-05-07,Standard,3488.13
1439,Customer 01439,customer01439@example.test,Germany,2020-05-03,Standard,1865.72
1440,Customer 01440,customer01440@example.test,Brazil,2022-06-21,Standard,9736.93
1441,Customer 01441,customer01441@example.test,Japan,2021-02-14,Premium,6768.38
1442,Customer 01442,customer01442@example.test,Brazil,2022-10-04,Premium,5668.93
1443,Customer 01443,customer01443@example.test,Japan,2024-04-23,Premium,6437.90
1444,Customer 01444,customer01444@example.test,Brazil,2023-08-10,Standard,7501.51
1445,Customer 01445,customer01445@example.test,Brazil,2021-06-14,Premium,764.61
1446,Customer 01446,customer01446@example.test,Germany,2020-05-24,Standard,196.76
1447,Customer 01447,customer01447@example.test,Canada,2022-10-16,Basic,6714.40
1448,Customer 01448,customer01448@example.test,Australia,2020-01-02,Basic,4094.51
1449,Customer 01449,customer01449@example.test,Canada,2021-06-29,Basic,3458.52
1450,Customer 01450,customer01450@example.test,Australia,2022-03-12,Basic,7419.78
1451,Customer 01451,customer01451@example.test,United Kingdom,2024-04-27,Standard,4572.39
1452,Customer 01452,customer01452@example.test,Brazil,2022-04-07,Basic,2368.17
1453,Customer 01453,customer01453@example.test,Japan,2020-01-07,Basic,8577.10
1454,Customer 01454,customer01454@example.test,United Kingdom,2024-05-16,Premium,5947.98
1455,Customer 01455,customer01455@example.test,India,2023-01-01,Standard,7149.56
1456,Customer 01456,customer01456@example.test,Japan,2021-09-12,Premium,6629.85
1457,Customer 01457,customer01457@example.test,Brazil,2023-08-18,Standard,5605.96
1458,Customer 01458,customer01458@example.test,India,2024-10-13,Premium,8820.42
1459,Customer 01459,customer01459@example.test,Germany,2022-07-30,Basic,2129.87
1460,Customer 01460,customer01460@example.test,United States,2020-12-27,Premium,4028.24
1461,Customer 01461,customer01461@example.test,France,2023-09-15,Standard,7296.85
1462,Customer 01462,customer01462@example.test,Brazil,2022-03-09,Basic,7223.03
1463,Customer 01463,customer01463@example.test,United Kingdom,2022-01-05,Premium,9282.14
1464,Customer 01464,customer01464@example.test,United Kingdom,2023-07-19,Basic,1986.67
1465,Customer 01465,customer01465@example.test,Australia,2020-10-13,Premium,265.96
1466,Customer 01466,customer01466@example.test,France,2024-01-14,Standard,4076.52
1467,Customer 01467,customer01467@example.test,United States,2020-05-09,Basic,3226.79
1468,Customer 01468,customer01468@example.test,United States,2022-10-20,Standard,172.15
1469,Customer 01469,customer01469@example.test,India,2020-03-16,Premium,3541.23
1470,Customer 01470,customer01470@example.test,Australia,2024-06-01,Standard,1239.28
1471,Customer 01471,customer01471@example.test,United States,2021-03-09,Standard,9857.55
1472,Customer 01472,customer01472@example.test,United States,2023-10-20,Premium,7770.48
1473,Customer 01473,customer01473@example.test,France,2023-04-01,Premium,386.69
1474,Customer 01474,customer01474@example.test,Canada,2024-02-15,Standard,6855.92
1475,Customer 01475,customer01475@example.test,United Kingdom,2020-02-09,Basic,480.26
1476,Customer 01476,customer01476@example.test,Canada,2021-05-12,Premium,1806.16
1477,Customer 01477,customer01477@example.test,Australia,2023-07-19,Standard,8606.07
1478,Customer 01478,customer01478@example.test,Brazil,2024-06-13,Standard,6409.16
1479,Customer 01479,customer01479@example.test,Brazil,2020-12-15,Premium,1197.26
1480,Customer 01480,customer01480@example.test,France,2022-10-15,Premium,8435.30
1481,Customer 01481,customer01481@example.test,Japan,2021-02-19,Standard,8509.41
1482,Customer 01482,customer01482@example.test,Japan,2024-09-07,Standard,1266.70
1483,Customer 01483,customer01483@example.test,United States,2023-11-02,Premium,3372.11
1484,Customer 01484,customer01484@example.test,France,2024-09-09,Premium,6218.94
1485,Customer 01485,customer01485@example.test,India,2020-12-21,Premium,1266.10
1486,Customer 01486,customer01486@example.test,Canada,2021-07-14,Standard,1762.14
1487,Customer 01487,customer01487@example.test,India,2023-11-27,Basic,1730.21
1488,Customer 01488,customer01488@example.test,France,2022-06-17,Basic,426.75
1489,Customer 01489,customer01489@example.test,Brazil,2020-09-30,Basic,6421.91
1490,Customer 01490,customer01490@example.test,Canada,2022-02-09,Premium,9223.55
1491,Customer 01491,customer01491@example.test,Brazil,2022-09-24,Premium,75.74
1492,Customer 01492,customer01492@example.test,Brazil,2021-01-02,Basic,6834.15
1493,Customer 01493,customer01493@example.test,Germany,2023-04-30,Standard,7271.91
1494,Customer 01494,customer01494@example.test,United Kingdom,2024-07-11,Basic,1330.56
1495,Customer 01495,customer01495@example.test,Canada,2021-02-26,Basic,2841.11
1496,Customer 01496,customer01496@example.test,United Kingdom,2022-12-07,Standard,2508.75
1497,Customer 01497,customer01497@example.test,Australia,2020-12-23,Basic,1887.44
1498,Customer 01498,customer01498@example.test,United Kingdom,2024-01-08,Basic,9964.59
1499,Customer 01499,customer01499@example.test,Germany,2020-06-29,Standard,4391.28
1500,Customer 01500,customer01500@example.test,United States,2020-01-10,Premium,2012.24
1501,Customer 01501,customer01501@example.test,United States,2020-08-28,Premium,6489.85
1502,Customer 01502,customer01502@example.test,United States,2022-01-11,Basic,2299.27
1503,Customer 01503,customer01503@example.test,France,2022-08-08,Standard,556.46
1504,Customer 01504,customer01504@example.test,Brazil,2021-01-31,Premium,7185.30
1505,Customer 01505,customer01505@example.test,United Kingdom,2024-09-24,Standard,1848.88
1506,Customer 01506,customer01506@example.test,Australia,2020-11-23,Premium,6761.85
1507,Customer 01507,customer01507@example.test,Germany,2022-01-15,Premium,4557.86
1508,Customer 01508,customer01508@example.test,India,2021-05-29,Basic,8442.64
1509,Customer 01509,customer01509@example.test,United Kingdom,2024-12-27,Premium,1094.93
1510,Customer 01510,customer01510@example.test,Australia,2024-02-25,Basic,1844.31
1511,Customer 01511,customer01511@example.test,Australia,2020-11-19,Standard,5399.15
1512,Customer 01512,customer01512@example.test,Brazil,2020-08-25,Premium,7564.45
1513,Customer 01513,customer01513@example.test,India,2022-06-29,Standard,2084.05
1514,Customer 01514,customer01514@example.test,India,2024-03-10,Premium,8168.14
1515,Customer 01515,customer01515@example.test,India,2020-08-13,Premium,1028.27
1516,Customer 01516,customer01516@example.test,Japan,2021-04-30,Premium,3937.74
1517,Customer 01517,customer01517@example.test,France,2024-12-30,Premium,4938.69
1518,Customer 01518,customer01518@example.test,United Kingdom,2023-04-13,Premium,9337.45
1519,Customer 01519,customer01519@example.test,Canada,2022-06-11,Premium,9729.60
1520,Customer 01520,customer01520@example.test,United Kingdom,2023-06-02,Premium,4061.45
1521,Customer 01521,customer01521@example.test,Canada,2022-02-03,Standard,7547.87
1522,Customer 01522,customer01522@example.test,India,2021-02-01,Standard,2120.33
1523,Customer 01523,customer01523@example.test,Canada,2021-11-18,Premium,7258.35
1524,Customer 01524,customer01524@example.test,Australia,2023-03-10,Standard,1431.32
1525,Customer 01525,customer01525@example.test,United Kingdom,2020-08-15,Standard,4385.39
1526,Customer 01526,customer01526@example.test,India,2020-12-16,Premium,9294.67
1527,Customer 01527,customer01527@example.test,Canada,2021-08-27,Basic,9990.41
1528,Customer 01528,customer01528@example.test,Canada,2023-06-06,Basic,5796.06
1529,Customer 01529,customer01529@example.test,France,2024-10-17,Premium,4316.94
1530,Customer 01530,customer01530@example.test,United States,2024-10-21,Standard,9040.81
1531,Customer 01531,customer01531@example.test,United Kingdom,2021-03-19,Standard,2927.31
1532,Customer 01532,customer01532@example.test,Japan,2020-01-30,Basic,9149.85
1533,Customer 01533,customer01533@example.test,France,2021-05-20,Standard,4553.42
1534,Customer 01534,customer01534@example.test,France,2023-04-01,Basic,9922.17
1535,Customer 01535,customer01535@example.test,Australia,2020-11-01,Standard,463.72
1536,Customer 01536,customer01536@example.test,United Kingdom,2020-03-23,Basic,8059.42
1537,Customer 01537,customer01537@example.test,Australia,2022-10-29,Standard,5569.21
1538,Customer 01538,customer01538@example.test,United Kingdom,2022-03-18,Basic,8611.86
1539,Customer 01539,customer01539@example.test,United Kingdom,2020-07-19,Standard,2521.94
1540,Customer 01540,customer01540@example.test,United States,2020-06-19,Premium,7268.30
1541,Customer 01541,customer01541@example.test,Japan,2024-02-07,Premium,1391.58
1542,Customer 01542,customer01542@example.test,Germany,2022-01-04,Premium,6790.99
1543,Customer 01543,customer01543@example.test,Australia,2020-07-04,Standard,7015.34
1544,Customer 01544,customer01544@example.test,Canada,2021-09-16,Basic,4815.92
1545,Customer 01545,customer01545@example.test,Australia,2024-10-23,Standard,4862.88
1546,Customer 01546,customer01546@example.test,Canada,2024-04-29,Basic,4250.51
1547,Customer 01547,customer01547@example.test,India,2021-01-13,Basic,4868.49
1548,Customer 01548,customer01548@example.test,Australia,2023-12-12,Basic,741.32
1549,Customer 01549,customer01549@example.test,India,2022-02-27,Basic,343.03
1550,Customer 01550,customer01550@example.test,Japan,2021-08-30,Standard,7319.63
1551,Customer 01551,customer01551@example.test,United States,2023-06-08,Basic,8330.71
1552,Customer 01552,customer01552@example.test,Brazil,2021-02-28,Basic,9236.35
1553,Customer 01553,customer01553@example.test,Australia,2021-11-18,Basic,9912.42
1554,Customer 01554,customer01554@example.test,India,2023-10-13,Premium,1163.56
1555,Customer 01555,customer01555@example.test,India,2022-02-23,Standard,6492.08
1556,Customer 01556,customer01556@example.test,India,2020-03-24,Standard,1837.81
1557,Customer 01557,customer01557@example.test,United States,2023-08-20,Basic,702.60
1558,Customer 01558,customer01558@example.test,France,2023-02-22,Premium,3511.99
1559,Customer 01559,customer01559@example.test,United States,2021-05-03,Premium,6805.66
1560,Customer 01560,customer01560@example.test,France,2022-09-06,Basic,7978.46
1561,Customer 01561,customer01561@example.test,India,2021-04-06,Standard,9415.51
1562,Customer 01562,customer01562@example.test,United States,2021-07-01,Basic,4434.73
1563,Customer 01563,customer01563@example.test,Australia,2021-07-21,Premium,3909.23
1564,Customer 01564,customer01564@example.test,United Kingdom,2021-12-08,Standard,5258.08
1565,Customer 01565,customer01565@example.test,Brazil,2022-12-14,Standard,7443.05
1566,Customer 01566,customer01566@example.test,United States,2022-12-25,Standard,4739.33
1567,Customer 01567,customer01567@example.test,India,2023-06-25,Basic,9912.87
1568,Customer 01568,customer01568@example.test,Brazil,2023-11-20,Premium,9352.28
1569,Customer 01569,customer01569@example.test,United Kingdom,2024-12-15,Premium,840.64
1570,Customer 01570,customer01570@example.test,Canada,2022-03-11,Standard,806.85
1571,Customer 01571,customer01571@example.test,Canada,2020-08-11,Standard,1174.66
1572,Customer 01572,customer01572@example.test,Canada,2023-11-28,Standard,1578.08
1573,Customer 01573,customer01573@example.test,France,2024-11-26,Basic,9983.54
1574,Customer 01574,customer01574@example.test,Australia,2023-07-08,Standard,4367.70
1575,Customer 01575,customer01575@example.test,United States,2023-10-29,Premium,4969.25
1576,Customer 01576,customer01576@example.test,Japan,2021-12-11,Standard,7735.44
1577,Customer 01577,customer01577@example.test,Australia,2023-08-13,Standard,1982.44
1578,Customer 01578,customer01578@example.test,Australia,2020-05-08,Premium,8755.05
1579,Customer 01579,customer01579@example.test,India,2022-11-30,Standard,6068.15
1580,Customer 01580,customer01580@example.test,India,2021-12-03,Standard,6221.80
1581,Customer 01581,customer01581@example.test,United States,2023-09-25,Basic,4668.85
1582,Customer 01582,customer01582@example.test,Germany,2022-07-26,Basic,1383.64
1583,Customer 01583,customer01583@example.test,Germany,2024-06-04,Premium,8276.07
1584,Customer 01584,customer01584@example.test,France,2021-06-16,Standard,3899.67
1585,Customer 01585,customer01585@example.test,Australia,2021-08-13,Premium,3702.74
1586,Customer 01586,customer01586@example.test,United Kingdom,2021-08-05,Premium,6486.80
1587,Customer 01587,customer01587@example.test,United States,2020-11-25,Standard,1911.34
1588,Customer 01588,customer01588@example.test,Canada,2020-12-25,Premium,2494.61
1589,Customer 01589,customer01589@example.test,Australia,2020-08-27,Standard,6024.33
1590,Customer 01590,customer01590@example.test,United Kingdom,2020-09-16,Standard,3876.29
1591,Customer 01591,customer01591@example.test,France,2021-01-12,Basic,7414.84
1592,Customer 01592,customer01592@example.test,India,2020-03-12,Standard,1551.30
1593,Customer 01593,customer01593@example.test,United Kingdom,2022-02-02,Basic,1704.95
1594,Customer 01594,customer01594@example.test,Germany,2022-12-28,Premium,9651.44
1595,Customer 01595,customer01595@example.test,Japan,2020-02-21,Standard,8058.49
1596,Customer 01596,customer01596@example.test,United Kingdom,2020-10-24,Standard,1636.33
1597,Customer 01597,customer01597@example.test,United States,2020-01-09,Basic,3473.72
1598,Customer 01598,customer01598@example.test,Germany,2023-08-18,Standard,9395.00
1599,Customer 01599,customer01599@example.test,Canada,2021-08-16,Basic,7639.33
1600,Customer 01600,customer01600@example.test,India,2022-06-24,Basic,1177.71
1601,Customer 01601,customer01601@example.test,United Kingdom,2024-02-07,Premium,1461.95
1602,Customer 01602,customer01602@example.test,United States,2023-10-20,Premium,3230.47
1603,Customer 01603,customer01603@example.test,Japan,2020-02-20,Basic,8817.23
1604,Customer 01604,customer01604@example.test,United Kingdom,2021-03-27,Standard,969.73
1605,Customer 01605,customer01605@example.test,Australia,2021-10-30,Basic,6724.65
1606,Customer 01606,customer01606@example.test,United States,2021-02-03,Premium,8192.34
1607,Customer 01607,customer01607@example.test,Germany,2024-04-20,Premium,236.43
1608,Customer 01608,customer01608@example.test,United States,2020-06-20,Standard,7099.52
1609,Customer 01609,customer01609@example.test,Brazil,2023-10-07,Basic,4135.83
1610,Customer 01610,customer01610@example.test,United Kingdom,2021-02-02,Standard,6324.71
1611,Customer 01611,customer01611@example.test,United States,2023-05-24,Premium,9525.75
1612,Customer 01612,customer01612@example.test,India,2023-09-27,Standard,1551.32
1613,Customer 01613,customer01613@example.test,Japan,2024-01-06,Standard,4048.68
1614,Customer 01614,customer01614@example.test,Australia,2022-02-02,Standard,3616.75
1615,Customer 01615,customer01615@example.test,Germany,2021-12-20,Standard,9167.71
1616,Customer 01616,customer01616@example.test,Brazil,2023-02-22,Premium,7632.09
1617,Customer 01617,customer01617@example.test,United Kingdom,2024-12-23,Basic,4357.98
1618,Customer 01618,customer01618@example.test,United Kingdom,2024-07-03,Standard,1717.46
1619,Customer 01619,customer01619@example.test,Japan,2024-07-08,Basic,9399.73
1620,Customer 01620,customer01620@example.test,Canada,2022-04-28,Basic,6269.81
1621,Customer 01621,customer01621@example.test,Canada,2020-06-25,Premium,3179.60
1622,Customer 01622,customer01622@example.test,United States,2022-08-30,Standard,693.27
1623,Customer 01623,customer01623@example.test,Japan,2023-04-24,Premium,69.40
1624,Customer 01624,customer01624@example.test,Germany,2022-04-18,Standard,1833.88
1625,Customer 01625,customer01625@example.test,United Kingdom,2023-02-12,Basic,5955.03
1626,Customer 01626,customer01626@example.test,Canada,2024-03-26,Premium,1950.41
1627,Customer 01627,customer01627@example.test,Japan,2024-08-31,Standard,5807.71
1628,Customer 01628,customer01628@example.test,Australia,2022-10-01,Standard,8751.26
1629,Customer 01629,customer01629@example.test,Germany,2023-04-13,Standard,5864.48
1630,Customer 01630,customer01630@example.test,United Kingdom,2024-02-24,Premium,281.43
1631,Customer 01631,customer01631@example.test,Australia,2024-06-08,Premium,2754.36
1632,Customer 01632,customer01632@example.test,United Kingdom,2021-09-06,Premium,6855.72
1633,Customer 01633,customer01633@example.test,Germany,2023-09-25,Standard,1880.85
1634,Customer 01634,customer01634@example.test,France,2022-10-04,Premium,1251.52
1635,Customer 01635,customer01635@example.test,Germany,2024-04-15,Standard,699.66
1636,Customer 01636,customer01636@example.test,India,2023-05-11,Basic,5038.25
1637,Customer 01637,customer01637@example.test,Japan,2023-03-04,Standard,6585.01
1638,Customer 01638,customer01638@example.test,United Kingdom,2023-11-05,Basic,8580.29
1639,Customer 01639,customer01639@example.test,India,2020-09-01,Basic,7685.61
1640,Customer 01640,customer01640@example.test,Australia,2023-03-24,Standard,1707.57
1641,Customer 01641,customer01641@example.test,Australia,2023-04-06,Premium,3352.09
1642,Customer 01642,customer01642@example.test,Canada,2022-08-02,Standard,1712.41
1643,Customer 01643,customer01643@example.test,Germany,2020-04-18,Standard,4398.92
1644,Customer 01644,customer01644@example.test,India,2023-07-27,Premium,3039.36
1645,Customer 01645,customer01645@example.test,United States,2021-08-20,Basic,9817.99
1646,Customer 01646,customer01646@example.test,United States,2020-06-06,Premium,8036.73
1647,Customer 01647,customer01647@example.test,Canada,2023-07-10,Premium,6278.47
1648,Customer 01648,customer01648@example.test,Canada,2024-03-21,Basic,3382.77
1649,Customer 01649,customer01649@example.test,India,2024-11-21,Basic,8387.32
1650,Customer 01650,customer01650@example.test,Germany,2021-09-08,Basic,7318.71
1651,Customer 01651,customer01651@example.test,India,2023-11-10,Premium,5603.80
1652,Customer 01652,customer01652@example.test,India,2023-04-02,Premium,135.24
1653,Customer 01653,customer01653@example.test,United States,2020-10-07,Standard,3911.33
1654,Customer 01654,customer01654@example.test,United Kingdom,2024-05-13,Standard,3568.44
1655,Customer 01655,customer01655@example.test,Brazil,2020-11-29,Premium,1620.62
1656,Customer 01656,customer01656@example.test,France,2022-10-27,Premium,8337.29
1657,Customer 01657,customer01657@example.test,United States,2023-02-18,Basic,7471.59
1658,Customer 01658,customer01658@example.test,Brazil,2023-02-02,Standard,4828.60
1659,Customer 01659,customer01659@example.test,Brazil,2020-06-05,Premium,9682.65
1660,Customer 01660,customer01660@example.test,United Kingdom,2020-02-05,Standard,3267.08
1661,Customer 01661,customer01661@example.test,India,2023-11-16,Premium,8567.27
1662,Customer 01662,customer01662@example.test,United States,2022-06-24,Standard,1805.72
1663,Customer 01663,customer01663@example.test,Germany,2023-12-24,Premium,7806.23
1664,Customer 01664,customer01664@example.test,Brazil,2024-07-26,Premium,1349.66
1665,Customer 01665,customer01665@example.test,Canada,2024-10-20,Basic,2375.80
1666,Customer 01666,customer01666@example.test,Canada,2021-09-21,Premium,1365.43
1667,Customer 01667,customer01667@example.test,Japan,2020-06-09,Basic,8000.88
1668,Customer 01668,customer01668@example.test,Brazil,2024-05-24,Premium,197.19
1669,Customer 01669,customer01669@example.test,United Kingdom,2024-05-05,Standard,445.82
1670,Customer 01670,customer01670@example.test,Brazil,2021-02-06,Premium,8315.78
1671,Customer 01671,customer01671@example.test,United States,2023-09-13,Basic,621.44
1672,Customer 01672,customer01672@example.test,Brazil,2022-08-18,Standard,453.83
1673,Customer 01673,customer01673@example.test,Germany,2020-05-15,Basic,107.71
1674,Customer 01674,customer01674@example.test,Brazil,2024-03-25,Premium,9647.92
1675,Customer 01675,customer01675@example.test,France,2023-05-17,Basic,9449.50
1676,Customer 01676,customer01676@example.test,Canada,2021-02-13,Basic,3686.09
1677,Customer 01677,customer01677@example.test,Brazil,2020-02-29,Premium,8869.50
1678,Customer 01678,customer01678@example.test,Germany,2024-03-08,Basic,3647.33
1679,Customer 01679,customer01679@example.test,Canada,2021-12-22,Basic,8187.30
1680,Customer 01680,customer01680@example.test,France,2024-02-01,Basic,5979.35
1681,Customer 01681,customer01681@example.test,Brazil,2020-05-19,Basic,8003.19
1682,Customer 01682,customer01682@example.test,United States,2020-01-29,Premium,7505.82
1683,Customer 01683,customer01683@example.test,Germany,2021-01-27,Premium,9454.59
1684,Customer 01684,customer01684@example.test,United States,2024-03-24,Premium,7605.83
1685,Customer 01685,customer01685@example.test,France,2020-07-21,Basic,8926.49
1686,Customer 01686,customer01686@example.test,United Kingdom,2023-12-20,Standard,7320.45
1687,Customer 01687,customer01687@example.test,Canada,2023-04-22,Standard,7062.42
1688,Customer 01688,customer01688@example.test,Canada,2020-08-07,Standard,3980.55
1689,Customer 01689,customer01689@example.test,France,2022-05-18,Basic,2386.07
1690,Customer 01690,customer01690@example.test,Brazil,2022-04-14,Standard,1296.20
1691,Customer 01691,customer01691@example.test,Brazil,2022-08-12,Basic,1425.14
1692,Customer 01692,customer01692@example.test,India,2022-10-12,Basic,3022.74
1693,Customer 01693,customer01693@example.test,Australia,2023-02-15,Premium,3440.53
1694,Customer 01694,customer01694@example.test,Brazil,2022-10-08,Standard,2973.88
1695,Customer 01695,customer01695@example.test,Germany,2022-07-24,Basic,8819.46
1696,Customer 01696,customer01696@example.test,France,2022-06-28,Basic,4270.66
1697,Customer 01697,customer01697@example.test,Japan,2021-08-18,Premium,8983.92
1698,Customer 01698,customer01698@example.test,United Kingdom,2020-05-22,Basic,3852.90
1699,Customer 01699,customer01699@example.test,Australia,2021-01-02,Basic,5155.30
1700,Customer 01700,customer01700@example.test,Brazil,2023-10-08,Standard,4593.37
1701,Customer 01701,customer01701@example.test,Brazil,2022-12-06,Premium,1503.31
1702,Customer 01702,customer01702@example.test,Japan,2022-03-19,Basic,6192.44
1703,Customer 01703,customer01703@example.test,Canada,2020-07-27,Premium,3813.77
1704,Customer 01704,customer01704@example.test,India,2021-02-11,Premium,6238.61
1705,Customer 01705,customer01705@example.test,Japan,2024-09-24,Premium,2441.81
1706,Customer 01706,customer01706@example.test,Japan,2024-09-12,Basic,5233.54
1707,Customer 01707,customer01707@example.test,Germany,2021-07-24,Basic,9890.43
1708,Customer 01708,customer01708@example.test,India,2022-03-30,Standard,6990.61
1709,Customer 01709,customer01709@example.test,Japan,2023-05-20,Standard,5362.56
1710,Customer 01710,customer01710@example.test,Canada,2021-07-25,Standard,1132.84
1711,Customer 01711,customer01711@example.test,Germany,2020-09-07,Standard,5214.29
1712,Customer 01712,customer01712@example.test,Canada,2021-04-17,Premium,1044.41
1713,Customer 01713,customer01713@example.test,Australia,2024-02-20,Premium,5223.32
1714,Customer 01714,customer01714@example.test,Australia,2023-10-20,Premium,4012.19
1715,Customer 01715,customer01715@example.test,India,2023-05-23,Premium,3174.59
1716,Customer 01716,customer01716@example.test,Brazil,2023-06-27,Premium,6931.93
1717,Customer 01717,customer01717@example.test,United States,2024-03-19,Standard,8312.39
1718,Customer 01718,customer01718@example.test,France,2022-08-12,Standard,6942.55
1719,Customer 01719,customer01719@example.test,United Kingdom,2022-10-16,Basic,2743.75
1720,Customer 01720,customer01720@example.test,India,2023-01-15,Basic,5731.72
1721,Customer 01721,customer01721@example.test,Australia,2020-02-06,Standard,9228.78
1722,Customer 01722,customer01722@example.test,Japan,2020-08-31,Standard,3298.39
1723,Customer 01723,customer01723@example.test,Japan,2024-10-12,Standard,4819.84
1724,Customer 01724,customer01724@example.test,Australia,2020-03-14,Premium,5837.07
1725,Customer 01725,customer01725@example.test,Germany,2023-09-12,Basic,1721.17
1726,Customer 01726,customer01726@example.test,Japan,2022-10-03,Premium,3276.37
1727,Customer 01727,customer01727@example.test,Japan,2024-01-05,Standard,8011.23
1728,Customer 01728,customer01728@example.test,United Kingdom,2020-08-12,Basic,5806.84
1729,Customer 01729,customer01729@example.test,United States,2023-11-04,Basic,4926.40
1730,Customer 01730,customer01730@example.test,United States,2022-09-01,Premium,5312.97
1731,Customer 01731,customer01731@example.test,Japan,2020-04-24,Standard,5187.21
1732,Customer 01732,customer01732@example.test,Japan,2023-04-25,Basic,7093.48
1733,Customer 01733,customer01733@example.test,Germany,2021-12-23,Standard,644.07
1734,Customer 01734,customer01734@example.test,Australia,2020-02-27,Premium,8775.89
1735,Customer 01735,customer01735@example.test,India,2022-01-20,Basic,6123.33
1736,Customer 01736,customer01736@example.test,India,2020-02-25,Standard,1020.78
1737,Customer 01737,customer01737@example.test,India,2022-05-26,Standard,4319.39
1738,Customer 01738,customer01738@example.test,Australia,2021-12-20,Basic,2560.92
1739,Customer 01739,customer01739@example.test,France,2021-05-22,Basic,3272.60
1740,Customer 01740,customer01740@example.test,Brazil,2023-04-28,Basic,686.81
1741,Customer 01741,customer01741@example.test,Germany,2024-11-14,Premium,3539.93
1742,Customer 01742,customer01742@example.test,Australia,2020-12-13,Basic,3419.58
1743,Customer 01743,customer01743@example.test,United Kingdom,2020-03-17,Basic,9053.07
1744,Customer 01744,customer01744@example.test,United States,2022-05-15,Standard,2795.70
1745,Customer 01745,customer01745@example.test,United Kingdom,2020-02-11,Basic,233.16
1746,Customer 01746,customer01746@example.test,Japan,2021-10-10,Basic,4092.60
1747,Customer 01747,customer01747@example.test,Brazil,2021-10-22,Standard,1049.17
1748,Customer 01748,customer01748@example.test,France,2023-11-15,Standard,5208.60
1749,Customer 01749,customer01749@example.test,India,2022-10-26,Premium,6446.93
1750,Customer 01750,customer01750@example.test,India,2021-09-05,Standard,2115.59
1751,Customer 01751,customer01751@example.test,Brazil,2022-10-14,Basic,2244.79
1752,Customer 01752,customer01752@example.test,Germany,2021-08-11,Premium,3117.62
1753,Customer 01753,customer01753@example.test,Japan,2023-03-20,Premium,6549.11
1754,Customer 01754,customer01754@example.test,Brazil,2024-03-01,Basic,8851.94
1755,Customer 01755,customer01755@example.test,Brazil,2023-03-30,Basic,3532.00
1756,Customer 01756,customer01756@example.test,Brazil,2021-07-13,Basic,8401.04
1757,Customer 01757,customer01757@example.test,United Kingdom,2022-12-23,Standard,2199.27
1758,Customer 01758,customer01758@example.test,Brazil,2021-12-12,Basic,8637.52
1759,Customer 01759,customer01759@example.test,United States,2021-09-10,Standard,4539.39
1760,Customer 01760,customer01760@example.test,United States,2023-09-20,Standard,2097.95
1761,Customer 01761,customer01761@example.test,Japan,2022-04-28,Standard,6553.22
1762,Customer 01762,customer01762@example.test,United Kingdom,2022-11-21,Basic,8005.27
1763,Customer 01763,customer01763@example.test,Canada,2023-01-26,Premium,6583.42
1764,Customer 01764,customer01764@example.test,United States,2023-12-11,Premium,6048.64
1765,Customer 01765,customer01765@example.test,France,2022-10-19,Basic,8639.30
1766,Customer 01766,customer01766@example.test,United Kingdom,2024-02-29,Standard,9826.86
1767,Customer 01767,customer01767@example.test,United States,2023-07-30,Basic,8941.99
1768,Customer 01768,customer01768@example.test,Japan,2024-04-24,Basic,7619.11
1769,Customer 01769,customer01769@example.test,Australia,2023-07-07,Basic,2103.94
1770,Customer 01770,customer01770@example.test,United Kingdom,2022-01-16,Premium,2520.50
1771,Customer 01771,customer01771@example.test,Germany,2020-11-04,Standard,4301.89
1772,Customer 01772,customer01772@example.test,Brazil,2021-10-14,Basic,2134.46
1773,Customer 01773,customer01773@example.test,Japan,2024-09-28,Standard,8637.23
1774,Customer 01774,customer01774@example.test,Canada,2021-08-10,Standard,7202.19
1775,Customer 01775,customer01775@example.test,France,2023-05-16,Standard,2500.67
1776,Customer 01776,customer01776@example.test,Canada,2020-08-20,Premium,290.49
1777,Customer 01777,customer01777@example.test,Germany,2021-05-17,Standard,5089.60
1778,Customer 01778,customer01778@example.test,Japan,2023-02-20,Standard,6783.46
1779,Customer 01779,customer01779@example.test,France,2020-03-16,Premium,2859.59
1780,Customer 01780,customer01780@example.test,Australia,2020-10-06,Standard,8280.28
1781,Customer 01781,customer01781@example.test,Germany,2024-07-03,Basic,5774.57
1782,Customer 01782,customer01782@example.test,Australia,2020-12-26,Basic,5094.42
1783,Customer 01783,customer01783@example.test,Australia,2024-05-21,Premium,9013.39
1784,Customer 01784,customer01784@example.test,India,2020-06-20,Basic,3124.53
1785,Customer 01785,customer01785@example.test,Brazil,2024-11-10,Standard,9403.34
1786,Customer 01786,customer01786@example.test,Brazil,2022-01-14,Standard,9889.77
1787,Customer 01787,customer01787@example.test,Canada,2024-09-15,Premium,1173.69
1788,Customer 01788,customer01788@example.test,United States,2023-03-15,Premium,5473.12
1789,Customer 01789,customer01789@example.test,United States,2023-09-22,Standard,5205.66
1790,Customer 01790,customer01790@example.test,Brazil,2024-12-16,Premium,6289.58
1791,Customer 01791,customer01791@example.test,India,2020-09-07,Standard,8727.65
1792,Customer 01792,customer01792@example.test,Japan,2023-04-11,Basic,7800.97
1793,Customer 01793,customer01793@example.test,Japan,2021-04-28,Premium,1512.86
1794,Customer 01794,customer01794@example.test,Canada,2020-08-06,Premium,2878.83
1795,Customer 01795,customer01795@example.test,Japan,2022-06-19,Standard,9048.16
1796,Customer 01796,customer01796@example.test,Australia,2023-04-22,Standard,5593.83
1797,Customer 01797,customer01797@example.test,Brazil,2022-02-06,Standard,5722.55
1798,Customer 01798,customer01798@example.test,United Kingdom,2022-05-17,Basic,2583.13
1799,Customer 01799,customer01799@example.test,Canada,2021-07-22,Standard,4983.06
1800,Customer 01800,customer01800@example.test,India,2024-01-05,Standard,220.97
1801,Customer 01801,customer01801@example.test,Australia,2023-08-14,Basic,6943.91
1802,Customer 01802,customer01802@example.test,Australia,2024-06-24,Basic,9620.23
1803,Customer 01803,customer01803@example.test,France,2024-06-03,Standard,5795.77
1804,Customer 01804,customer01804@example.test,Germany,2022-02-26,Basic,7346.49
1805,Customer 01805,customer01805@example.test,Brazil,2022-01-13,Basic,9090.66
1806,Customer 01806,customer01806@example.test,United Kingdom,2021-04-29,Standard,82.48
1807,Customer 01807,customer01807@example.test,Germany,2022-03-15,Standard,946.34
1808,Customer 01808,customer01808@example.test,France,2024-08-11,Standard,2206.06
1809,Customer 01809,customer01809@example.test,Canada,2024-10-26,Standard,6620.21
1810,Customer 01810,customer01810@example.test,Japan,2021-10-11,Premium,2873.48
1811,Customer 01811,customer01811@example.test,Brazil,2024-11-09,Standard,4939.75
1812,Customer 01812,customer01812@example.test,Japan,2024-02-18,Standard,7522.33
1813,Customer 01813,customer01813@example.test,Brazil,2022-05-15,Premium,7324.11
1814,Customer 01814,customer01814@example.test,United States,2021-06-18,Premium,3689.48
1815,Customer 01815,customer01815@example.test,United States,2022-05-11,Basic,3426.41
1816,Customer 01816,customer01816@example.test,Australia,2022-07-17,Premium,6725.28
1817,Customer 01817,customer01817@example.test,Canada,2023-08-06,Basic,4649.43
1818,Customer 01818,customer01818@example.test,Canada,2024-06-08,Premium,4201.24
1819,Customer 01819,customer01819@example.test,Germany,2021-02-13,Standard,6037.79
1820,Customer 01820,customer01820@example.test,Brazil,2020-06-17,Premium,2617.28
1821,Customer 01821,customer01821@example.test,Canada,2022-11-23,Basic,7190.64
1822,Customer 01822,customer01822@example.test,India,2022-04-20,Standard,5016.02
1823,Customer 01823,customer01823@example.test,Canada,2024-11-23,Standard,1819.05
1824,Customer 01824,customer01824@example.test,India,2023-11-08,Standard,2083.14
1825,Customer 01825,customer01825@example.test,Japan,2020-06-21,Standard,1907.24
1826,Customer 01826,customer01826@example.test,Japan,2022-03-16,Basic,2353.91
1827,Customer 01827,customer01827@example.test,Australia,2020-02-12,Basic,6785.40
1828,Customer 01828,customer01828@example.test,France,2023-06-07,Premium,4848.87
1829,Customer 01829,customer01829@example.test,Germany,2021-02-10,Basic,8932.09
1830,Customer 01830,customer01830@example.test,Australia,2020-12-11,Standard,6480.24
1831,Customer 01831,customer01831@example.test,Germany,2022-05-28,Premium,933.87
1832,Customer 01832,customer01832@example.test,Canada,2022-01-23,Basic,1230.50
1833,Customer 01833,customer01833@example.test,United States,2020-01-29,Standard,8109.26
1834,Customer 01834,customer01834@example.test,United Kingdom,2022-07-18,Premium,2353.88
1835,Customer 01835,customer01835@example.test,France,2024-01-01,Premium,9920.07
1836,Customer 01836,customer01836@example.test,Germany,2024-10-31,Standard,7827.02
1837,Customer 01837,customer01837@example.test,Japan,2022-10-09,Premium,4522.59
1838,Customer 01838,customer01838@example.test,France,2024-10-19,Basic,2260.37
1839,Customer 01839,customer01839@example.test,Germany,2024-08-14,Basic,7100.83
1840,Customer 01840,customer01840@example.test,Japan,2021-01-22,Premium,4283.68
1841,Customer 01841,customer01841@example.test,Canada,2024-06-10,Premium,3042.89
1842,Customer 01842,customer01842@example.test,France,2021-06-20,Basic,4728.83
1843,Customer 01843,customer01843@example.test,India,2021-05-23,Basic,7175.06
1844,Customer 01844,customer01844@example.test,United Kingdom,2023-08-18,Premium,108.21
1845,Customer 01845,customer01845@example.test,Canada,2022-08-18,Standard,7266.87
1846,Customer 01846,customer01846@example.test,France,2022-03-25,Basic,4021.24
1847,Customer 01847,customer01847@example.test,Japan,2023-12-21,Basic,6262.05
1848,Customer 01848,customer01848@example.test,Brazil,2021-06-08,Premium,5840.56
1849,Customer 01849,customer01849@example.test,Australia,2020-04-30,Standard,9762.92
1850,Customer 01850,customer01850@example.test,United Kingdom,2021-04-25,Standard,6358.29
1851,Customer 01851,customer01851@example.test,Australia,2023-10-05,Premium,2659.78
1852,Customer 01852,customer01852@example.test,Japan,2022-10-30,Standard,4138.69
1853,Customer 01853,customer01853@example.test,India,2023-10-06,Premium,9355.66
1854,Customer 01854,customer01854@example.test,Australia,2023-02-19,Basic,1880.85
1855,Customer 01855,customer01855@example.test,Canada,2021-06-17,Basic,5167.80
1856,Customer 01856,customer01856@example.test,United Kingdom,2021-11-25,Premium,940.02
1857,Customer 01857,customer01857@example.test,United States,2021-10-11,Standard,1486.83
1858,Customer 01858,customer01858@example.test,Brazil,2021-06-17,Standard,463.07
1859,Customer 01859,customer01859@example.test,United Kingdom,2020-09-18,Standard,7841.49
1860,Customer 01860,customer01860@example.test,Japan,2022-01-08,Standard,9466.46
1861,Customer 01861,customer01861@example.test,Germany,2024-11-30,Basic,8698.87
1862,Customer 01862,customer01862@example.test,Germany,2024-04-08,Basic,3282.15
1863,Customer 01863,customer01863@example.test,Canada,2022-06-11,Standard,7726.63
1864,Customer 01864,customer01864@example.test,Canada,2022-10-03,Basic,8944.70
1865,Customer 01865,customer01865@example.test,United Kingdom,2023-09-08,Premium,1980.96
1866,Customer 01866,customer01866@example.test,Australia,2020-10-31,Premium,1920.37
1867,Customer 01867,customer01867@example.test,United Kingdom,2020-03-14,Standard,1714.99
1868,Customer 01868,customer01868@example.test,United Kingdom,2023-12-16,Standard,1216.60
1869,Customer 01869,customer01869@example.test,Australia,2022-10-10,Standard,3738.38
1870,Customer 01870,customer01870@example.test,United States,2023-12-23,Standard,4799.95
1871,Customer 01871,customer01871@example.test,Brazil,2022-10-06,Basic,9089.88
1872,Customer 01872,customer01872@example.test,Brazil,2020-10-30,Standard,981.23
1873,Customer 01873,customer01873@example.test,Germany,2021-02-21,Premium,8755.12
1874,Customer 01874,customer01874@example.test,United States,2020-12-10,Standard,5906.07
1875,Customer 01875,customer01875@example.test,France,2024-12-29,Basic,43.26
1876,Customer 01876,customer01876@example.test,Canada,2022-12-13,Standard,9651.23
1877,Customer 01877,customer01877@example.test,France,2020-06-06,Standard,7097.90
1878,Customer 01878,customer01878@example.test,India,2020-07-12,Premium,2980.90
1879,Customer 01879,customer01879@example.test,Brazil,2023-10-27,Standard,3917.04
1880,Customer 01880,customer01880@example.test,Brazil,2023-04-24,Standard,1612.45
1881,Customer 01881,customer01881@example.test,Brazil,2020-02-29,Standard,8710.51
1882,Customer 01882,customer01882@example.test,United Kingdom,2023-12-20,Standard,6588.79
1883,Customer 01883,customer01883@example.test,Australia,2021-07-05,Standard,459.76
1884,Customer 01884,customer01884@example.test,United Kingdom,2023-09-05,Standard,9934.40
1885,Customer 01885,customer01885@example.test,Canada,2024-02-07,Premium,9052.13
1886,Customer 01886,customer01886@example.test,Germany,2020-04-09,Standard,8369.17
1887,Customer 01887,customer01887@example.test,Brazil,2020-04-23,Basic,9981.39
1888,Customer 01888,customer01888@example.test,Japan,2023-05-18,Premium,4182.33
1889,Customer 01889,customer01889@example.test,Canada,2021-06-06,Premium,8083.23
1890,Customer 01890,customer01890@example.test,Japan,2024-11-07,Premium,215.08
1891,Customer 01891,customer01891@example.test,France,2024-10-11,Premium,4073.74
1892,Customer 01892,customer01892@example.test,Japan,2024-05-15,Standard,6786.04
1893,Customer 01893,customer01893@example.test,Canada,2024-03-21,Premium,3130.48
1894,Customer 01894,customer01894@example.test,Japan,2022-10-02,Basic,8455.22
1895,Customer 01895,customer01895@example.test,Canada,2021-09-27,Standard,6978.48
1896,Customer 01896,customer01896@example.test,India,2020-07-15,Basic,2095.80
1897,Customer 01897,customer01897@example.test,United Kingdom,2022-09-29,Standard,4995.83
1898,Customer 01898,customer01898@example.test,Japan,2021-07-03,Premium,7932.37
1899,Customer 01899,customer01899@example.test,India,2022-05-15,Basic,1954.08
1900,Customer 01900,customer01900@example.test,Japan,2022-06-08,Premium,424.02
1901,Customer 01901,customer01901@example.test,India,2022-11-17,Standard,7092.98
1902,Customer 01902,customer01902@example.test,Canada,2021-04-04,Standard,5528.91
1903,Customer 01903,customer01903@example.test,United States,2023-07-13,Premium,3048.24
1904,Customer 01904,customer01904@example.test,Japan,2022-08-16,Premium,9512.76
1905,Customer 01905,customer01905@example.test,United Kingdom,2024-06-29,Standard,1558.25
1906,Customer 01906,customer01906@example.test,Germany,2020-09-18,Premium,5485.01
1907,Customer 01907,customer01907@example.test,Germany,2022-05-25,Basic,500.46
1908,Customer 01908,customer01908@example.test,Brazil,2023-02-02,Premium,5383.54
1909,Customer 01909,customer01909@example.test,United States,2020-08-08,Standard,4330.82
1910,Customer 01910,customer01910@example.test,United Kingdom,2020-07-12,Basic,7552.99
1911,Customer 01911,customer01911@example.test,Germany,2023-03-10,Standard,2672.40
1912,Customer 01912,customer01912@example.test,Brazil,2023-04-14,Basic,170.58
1913,Customer 01913,customer01913@example.test,United Kingdom,2020-08-21,Premium,8243.66
1914,Customer 01914,customer01914@example.test,Japan,2021-01-08,Premium,873.36
1915,Customer 01915,customer01915@example.test,Germany,2022-05-02,Standard,6157.32
1916,Customer 01916,customer01916@example.test,United Kingdom,2024-01-22,Basic,4718.04
1917,Customer 01917,customer01917@example.test,Germany,2023-07-01,Standard,9627.10
1918,Customer 01918,customer01918@example.test,Canada,2024-11-19,Premium,1940.78
1919,Customer 01919,customer01919@example.test,Germany,2020-06-09,Basic,1114.95
1920,Customer 01920,customer01920@example.test,United States,2022-06-07,Premium,61.31
1921,Customer 01921,customer01921@example.test,Brazil,2022-03-19,Premium,1800.77
1922,Customer 01922,customer01922@example.test,United Kingdom,2023-09-05,Standard,7254.11
1923,Customer 01923,customer01923@example.test,United Kingdom,2022-04-09,Standard,6485.43
1924,Customer 01924,customer01924@example.test,India,2024-07-23,Basic,7065.33
1925,Customer 01925,customer01925@example.test,Japan,2023-11-14,Standard,918.92
1926,Customer 01926,customer01926@example.test,Canada,2020-09-13,Premium,2000.70
1927,Customer 01927,customer01927@example.test,Australia,2020-08-17,Basic,1973.64
1928,Customer 01928,customer01928@example.test,Australia,2024-10-25,Premium,5044.87
1929,Customer 01929,customer01929@example.test,Canada,2023-08-21,Basic,2535.24
1930,Customer 01930,customer01930@example.test,United States,2022-06-11,Premium,902.75
1931,Customer 01931,customer01931@example.test,United Kingdom,2021-09-08,Premium,4970.13
1932,Customer 01932,customer01932@example.test,Australia,2022-05-14,Premium,1741.74
1933,Customer 01933,customer01933@example.test,United Kingdom,2020-11-08,Standard,4943.92
1934,Customer 01934,customer01934@example.test,United Kingdom,2020-02-10,Basic,2544.15
1935,Customer 01935,customer01935@example.test,Germany,2021-02-16,Basic,8697.42
1936,Customer 01936,customer01936@example.test,Japan,2024-09-03,Premium,3500.67
1937,Customer 01937,customer01937@example.test,Brazil,2020-01-17,Basic,8888.03
1938,Customer 01938,customer01938@example.test,Japan,2023-12-31,Standard,8898.38
1939,Customer 01939,customer01939@example.test,United States,2022-10-12,Standard,388.15
1940,Customer 01940,customer01940@example.test,Japan,2022-09-25,Standard,5382.92
1941,Customer 01941,customer01941@example.test,United Kingdom,2023-04-25,Premium,7489.87
1942,Customer 01942,customer01942@example.test,United States,2020-05-04,Premium,4425.03
1943,Customer 01943,customer01943@example.test,India,2023-03-26,Basic,665.95
1944,Customer 01944,customer01944@example.test,Japan,2021-07-02,Standard,1226.21
1945,Customer 01945,customer01945@example.test,India,2022-10-10,Standard,7313.96
1946,Customer 01946,customer01946@example.test,Australia,2022-06-12,Premium,3020.01
1947,Customer 01947,customer01947@example.test,France,2024-01-27,Standard,3605.50
1948,Customer 01948,customer01948@example.test,France,2022-06-16,Basic,2303.74
1949,Customer 01949,customer01949@example.test,India,2023-04-18,Basic,8949.11
1950,Customer 01950,customer01950@example.test,United Kingdom,2024-09-21,Premium,9260.74
1951,Customer 01951,customer01951@example.test,Japan,2021-08-23,Standard,8735.48
1952,Customer 01952,customer01952@example.test,India,2023-10-10,Standard,8386.03
1953,Customer 01953,customer01953@example.test,Canada,2024-09-25,Basic,2172.73
1954,Customer 01954,customer01954@example.test,Brazil,2021-08-01,Basic,5063.46
1955,Customer 01955,customer01955@example.test,Canada,2020-09-21,Premium,1639.07
1956,Customer 01956,customer01956@example.test,United Kingdom,2023-05-25,Premium,8320.26
1957,Customer 01957,customer01957@example.test,United Kingdom,2022-05-01,Standard,2461.20
1958,Customer 01958,customer01958@example.test,United States,2021-03-04,Premium,190.11
1959,Customer 01959,customer01959@example.test,Germany,2022-01-04,Standard,7098.10
1960,Customer 01960,customer01960@example.test,Canada,2020-11-20,Basic,335.22
1961,Customer 01961,customer01961@example.test,Brazil,2024-07-10,Standard,4515.38
1962,Customer 01962,customer01962@example.test,France,2020-08-21,Premium,5892.80
1963,Customer 01963,customer01963@example.test,United Kingdom,2021-04-03,Standard,3568.55
1964,Customer 01964,customer01964@example.test,India,2024-05-26,Premium,8075.03
1965,Customer 01965,customer01965@example.test,United States,2024-12-02,Standard,9398.57
1966,Customer 01966,customer01966@example.test,United States,2020-11-05,Basic,7020.06
1967,Customer 01967,customer01967@example.test,Australia,2020-08-01,Standard,8377.98
1968,Customer 01968,customer01968@example.test,Brazil,2022-07-25,Premium,8196.21
1969,Customer 01969,customer01969@example.test,Brazil,2023-06-04,Basic,440.08
1970,Customer 01970,customer01970@example.test,Brazil,2022-11-04,Premium,6605.25
1971,Customer 01971,customer01971@example.test,France,2020-08-29,Standard,1646.60
1972,Customer 01972,customer01972@example.test,Germany,2024-01-31,Basic,4629.65
1973,Customer 01973,customer01973@example.test,United States,2024-04-09,Standard,7681.36
1974,Customer 01974,customer01974@example.test,Brazil,2024-11-17,Premium,6785.26
1975,Customer 01975,customer01975@example.test,India,2022-01-14,Premium,1289.57
1976,Customer 01976,customer01976@example.test,France,2024-10-03,Standard,4359.45
1977,Customer 01977,customer01977@example.test,Australia,2024-04-24,Premium,8753.65
1978,Customer 01978,customer01978@example.test,United Kingdom,2024-07-15,Standard,3006.87
1979,Customer 01979,customer01979@example.test,Canada,2022-10-31,Premium,2789.37
1980,Customer 01980,customer01980@example.test,Japan,2022-02-01,Standard,6600.16
1981,Customer 01981,customer01981@example.test,France,2023-09-23,Premium,7897.94
1982,Customer 01982,customer01982@example.test,United States,2024-03-23,Standard,8254.55
1983,Customer 01983,customer01983@example.test,Canada,2021-04-12,Standard,4334.91
1984,Customer 01984,customer01984@example.test,United Kingdom,2022-04-18,Basic,8332.06
1985,Customer 01985,customer01985@example.test,India,2023-10-29,Premium,4640.77
1986,Customer 01986,customer01986@example.test,Australia,2020-10-25,Basic,8454.11
1987,Customer 01987,customer01987@example.test,Brazil,2022-11-25,Premium,3547.37
1988,Customer 01988,customer01988@example.test,Japan,2021-10-06,Premium,4551.57
1989,Customer 01989,customer01989@example.test,Japan,2020-05-05,Premium,6922.44
1990,Customer 01990,customer01990@example.test,Canada,2023-08-06,Basic,606.17
1991,Customer 01991,customer01991@example.test,United States,2023-07-17,Standard,4396.73
1992,Customer 01992,customer01992@example.test,United States,2022-04-03,Standard,7566.01
1993,Customer 01993,customer01993@example.test,India,2024-03-01,Standard,82.86
1994,Customer 01994,customer01994@example.test,Germany,2024-08-20,Basic,6400.51
1995,Customer 01995,customer01995@example.test,Japan,2020-10-27,Standard,6751.56
1996,Customer 01996,customer01996@example.test,United States,2021-02-24,Basic,8266.36
1997,Customer 01997,customer01997@example.test,United Kingdom,2023-06-20,Basic,3620.21
1998,Customer 01998,customer01998@example.test,Japan,2024-12-22,Premium,9237.68
1999,Customer 01999,customer01999@example.test,Brazil,2021-09-09,Premium,5635.39
2000,Customer 02000,customer02000@example.test,Japan,2021-11-16,Basic,7538.00
2001,Customer 02001,customer02001@example.test,Canada,2024-02-24,Basic,5670.59
2002,Customer 02002,customer02002@example.test,France,2021-08-04,Premium,5365.26
2003,Customer 02003,customer02003@example.test,Germany,2023-02-04,Basic,3572.59
2004,Customer 02004,customer02004@example.test,Canada,2024-03-30,Premium,292.46
2005,Customer 02005,customer02005@example.test,United States,2024-12-28,Basic,2712.56
2006,Customer 02006,customer02006@example.test,Germany,2021-05-09,Basic,4432.81
2007,Customer 02007,customer02007@example.test,Brazil,2022-10-31,Basic,628.57
2008,Customer 02008,customer02008@example.test,India,2024-09-19,Standard,6574.46
2009,Customer 02009,customer02009@example.test,India,2022-11-05,Premium,500.51
2010,Customer 02010,customer02010@example.test,Brazil,2024-03-29,Standard,3124.34
2011,Customer 02011,customer02011@example.test,Australia,2023-03-18,Standard,3554.46
2012,Customer 02012,customer02012@example.test,United States,2021-04-28,Basic,2451.96
2013,Customer 02013,customer02013@example.test,Germany,2021-12-18,Standard,6993.18
2014,Customer 02014,customer02014@example.test,Canada,2024-05-26,Basic,3960.11
2015,Customer 02015,customer02015@example.test,France,2022-11-30,Premium,3437.72
2016,Customer 02016,customer02016@example.test,France,2022-11-23,Standard,4763.78
2017,Customer 02017,customer02017@example.test,Canada,2020-07-19,Basic,4463.70
2018,Customer 02018,customer02018@example.test,Japan,2024-08-23,Premium,967.29
2019,Customer 02019,customer02019@example.test,Japan,2020-05-07,Premium,4993.87
2020,Customer 02020,customer02020@example.test,United Kingdom,2021-03-15,Premium,3872.33
2021,Customer 02021,customer02021@example.test,United States,2023-10-18,Standard,6168.13
2022,Customer 02022,customer02022@example.test,United States,2023-02-18,Standard,9143.73
2023,Customer 02023,customer02023@example.test,United Kingdom,2021-06-24,Basic,4439.90
2024,Customer 02024,customer02024@example.test,United Kingdom,2022-06-20,Basic,4371.74
2025,Customer 02025,customer02025@example.test,Canada,2024-08-14,Premium,5303.54
2026,Customer 02026,customer02026@example.test,United Kingdom,2020-09-17,Basic,4799.46
2027,Customer 02027,customer02027@example.test,United States,2020-09-21,Basic,1237.92
2028,Customer 02028,customer02028@example.test,France,2023-11-23,Standard,4963.49
2029,Customer 02029,customer02029@example.test,Canada,2020-03-07,Basic,3872.72
2030,Customer 02030,customer02030@example.test,Japan,2020-08-31,Premium,1267.37
2031,Customer 02031,customer02031@example.test,Germany,2022-01-26,Premium,5481.71
2032,Customer 02032,customer02032@example.test,Brazil,2020-11-09,Standard,3197.36
2033,Customer 02033,customer02033@example.test,Germany,2022-02-05,Standard,5095.29
2034,Customer 02034,customer02034@example.test,Canada,2020-02-27,Premium,8218.66
2035,Customer 02035,customer02035@example.test,Japan,2023-04-22,Premium,9823.27
2036,Customer 02036,customer02036@example.test,Germany,2021-09-16,Premium,1919.70
2037,Customer 02037,customer02037@example.test,United Kingdom,2024-08-04,Premium,1282.70
2038,Customer 02038,customer02038@example.test,India,2023-01-26,Premium,9127.08
2039,Customer 02039,customer02039@example.test,Japan,2020-04-01,Standard,6008.96
2040,Customer 02040,customer02040@example.test,United Kingdom,2021-09-26,Standard,8193.04
2041,Customer 02041,customer02041@example.test,United Kingdom,2022-02-11,Basic,8741.80
2042,Customer 02042,customer02042@example.test,Canada,2023-05-25,Premium,5292.83
2043,Customer 02043,customer02043@example.test,United Kingdom,2023-07-27,Standard,6996.31
2044,Customer 02044,customer02044@example.test,Canada,2022-07-08,Basic,3410.13
2045,Customer 02045,customer02045@example.test,Japan,2020-07-01,Standard,2441.31
2046,Customer 02046,customer02046@example.test,India,2022-03-20,Basic,480.45
2047,Customer 02047,customer02047@example.test,United Kingdom,2023-10-05,Basic,2908.48
2048,Customer 02048,customer02048@example.test,Brazil,2023-08-15,Premium,7415.61
2049,Customer 02049,customer02049@example.test,Germany,2020-02-20,Basic,6764.98
2050,Customer 02050,customer02050@example.test,United States,2020-09-10,Premium,2017.74
2051,Customer 02051,customer02051@example.test,United States,2023-06-21,Basic,7944.17
2052,Customer 02052,customer02052@example.test,United States,2020-04-18,Premium,7870.17
2053,Customer 02053,customer02053@example.test,United States,2022-09-01,Premium,1261.26
2054,Customer 02054,customer02054@example.test,United States,2023-09-10,Premium,198.95
2055,Customer 02055,customer02055@example.test,France,2021-07-17,Premium,8699.93
2056,Customer 02056,customer02056@example.test,United Kingdom,2023-12-16,Premium,8461.18
2057,Customer 02057,customer02057@example.test,India,2022-12-28,Standard,6174.99
2058,Customer 02058,customer02058@example.test,United Kingdom,2020-04-02,Premium,3564.70
2059,Customer 02059,customer02059@example.test,Canada,2022-06-14,Standard,252.25
2060,Customer 02060,customer02060@example.test,United States,2024-10-26,Standard,4005.67
2061,Customer 02061,customer02061@example.test,Brazil,2021-06-10,Premium,1041.58
2062,Customer 02062,customer02062@example.test,Canada,2023-01-14,Standard,1510.30
2063,Customer 02063,customer02063@example.test,Germany,2021-01-09,Premium,1617.19
2064,Customer 02064,customer02064@example.test,Japan,2021-09-20,Basic,1774.09
2065,Customer 02065,customer02065@example.test,India,2020-04-30,Premium,284.91
2066,Customer 02066,customer02066@example.test,Australia,2023-12-31,Standard,4088.81
2067,Customer 02067,customer02067@example.test,India,2020-07-21,Premium,4328.76
2068,Customer 02068,customer02068@example.test,Germany,2021-10-25,Standard,9873.15
2069,Customer 02069,customer02069@example.test,Brazil,2024-08-22,Premium,2123.98
2070,Customer 02070,customer02070@example.test,France,2021-05-05,Standard,5333.28
2071,Customer 02071,customer02071@example.test,United States,2024-03-20,Standard,9954.73
2072,Customer 02072,customer02072@example.test,Germany,2020-08-23,Premium,3337.99
2073,Customer 02073,customer02073@example.test,United States,2022-08-09,Standard,686.37
2074,Customer 02074,customer02074@example.test,Australia,2022-09-18,Standard,6643.16
2075,Customer 02075,customer02075@example.test,Australia,2021-04-23,Standard,5809.90
2076,Customer 02076,customer02076@example.test,Brazil,2023-04-15,Premium,8000.40
2077,Customer 02077,customer02077@example.test,Canada,2023-02-10,Standard,5958.48
2078,Customer 02078,customer02078@example.test,United Kingdom,2022-04-13,Premium,8873.86
2079,Customer 02079,customer02079@example.test,United States,2023-07-26,Premium,8209.10
2080,Customer 02080,customer02080@example.test,India,2020-10-18,Basic,1763.58
2081,Customer 02081,customer02081@example.test,France,2024-05-20,Basic,9988.86
2082,Customer 02082,customer02082@example.test,United States,2022-05-17,Standard,438.22
2083,Customer 02083,customer02083@example.test,United Kingdom,2020-01-03,Basic,3033.00
2084,Customer 02084,customer02084@example.test,Canada,2023-08-30,Premium,630.98
2085,Customer 02085,customer02085@example.test,Germany,2022-09-14,Basic,2630.76
2086,Customer 02086,customer02086@example.test,Japan,2024-09-15,Standard,8833.60
2087,Customer 02087,customer02087@example.test,France,2023-07-18,Basic,8815.21
2088,Customer 02088,customer02088@example.test,Germany,2022-11-11,Premium,1692.57
2089,Customer 02089,customer02089@example.test,United States,2024-02-22,Basic,733.32
2090,Customer 02090,customer02090@example.test,Brazil,2021-09-07,Standard,7323.56
2091,Customer 02091,customer02091@example.test,Canada,2020-09-08,Basic,5835.10
2092,Customer 02092,customer02092@example.test,Japan,2021-07-26,Premium,6400.98
2093,Customer 02093,customer02093@example.test,India,2022-10-30,Basic,9913.32
2094,Customer 02094,customer02094@example.test,Germany,2021-12-02,Basic,4747.09
2095,Customer 02095,customer02095@example.test,France,2021-07-13,Basic,3372.62
2096,Customer 02096,customer02096@example.test,France,2021-11-30,Standard,6286.35
2097,Customer 02097,customer02097@example.test,Australia,2021-11-03,Basic,1402.21
2098,Customer 02098,customer02098@example.test,Australia,2023-08-16,Basic,4996.76
2099,Customer 02099,customer02099@example.test,Australia,2020-01-09,Basic,1819.65
2100,Customer 02100,customer02100@example.test,United States,2022-04-26,Basic,7374.63
2101,Customer 02101,customer02101@example.test,Japan,2022-09-28,Basic,850.90
2102,Customer 02102,customer02102@example.test,Brazil,2024-05-31,Basic,324.50
2103,Customer 02103,customer02103@example.test,United Kingdom,2024-08-31,Basic,1294.10
2104,Customer 02104,customer02104@example.test,Japan,2021-12-23,Basic,3753.54
2105,Customer 02105,customer02105@example.test,Canada,2022-03-03,Basic,88.40
2106,Customer 02106,customer02106@example.test,United Kingdom,2020-09-12,Standard,9817.27
2107,Customer 02107,customer02107@example.test,United Kingdom,2021-01-30,Premium,2322.81
2108,Customer 02108,customer02108@example.test,Australia,2024-03-01,Standard,7136.12
2109,Customer 02109,customer02109@example.test,India,2023-12-23,Premium,943.36
2110,Customer 02110,customer02110@example.test,Germany,2024-07-29,Basic,2318.90
2111,Customer 02111,customer02111@example.test,United Kingdom,2021-04-24,Standard,385.83
2112,Customer 02112,customer02112@example.test,United Kingdom,2021-07-28,Basic,7413.09
2113,Customer 02113,customer02113@example.test,France,2023-05-26,Premium,2056.11
2114,Customer 02114,customer02114@example.test,Japan,2024-08-08,Premium,9121.73
2115,Customer 02115,customer02115@example.test,United States,2021-07-22,Standard,1787.58
2116,Customer 02116,customer02116@example.test,France,2023-02-04,Basic,7747.03
2117,Customer 02117,customer02117@example.test,Canada,2023-03-04,Premium,6167.35
2118,Customer 02118,customer02118@example.test,Brazil,2020-09-19,Premium,2722.35
2119,Customer 02119,customer02119@example.test,France,2023-03-13,Basic,7643.05
2120,Customer 02120,customer02120@example.test,Germany,2024-05-21,Premium,8888.43
2121,Customer 02121,customer02121@example.test,Australia,2023-10-20,Basic,7106.56
2122,Customer 02122,customer02122@example.test,Germany,2022-12-27,Basic,5873.24
2123,Customer 02123,customer02123@example.test,United Kingdom,2024-12-13,Premium,9834.49
2124,Customer 02124,customer02124@example.test,Australia,2022-05-24,Standard,4535.59
2125,Customer 02125,customer02125@example.test,Japan,2024-09-25,Standard,1276.30
2126,Customer 02126,customer02126@example.test,United States,2023-10-24,Standard,5196.47
2127,Customer 02127,customer02127@example.test,United States,2022-01-10,Premium,9267.34
2128,Customer 02128,customer02128@example.test,France,2024-01-17,Premium,2914.33
2129,Customer 02129,customer02129@example.test,United States,2022-05-10,Standard,3316.03
2130,Customer 02130,customer02130@example.test,Japan,2020-01-11,Premium,3509.64
2131,Customer 02131,customer02131@example.test,Australia,2020-06-16,Basic,2365.88
2132,Customer 02132,customer02132@example.test,Japan,2023-11-13,Premium,9615.39
2133,Customer 02133,customer02133@example.test,France,2021-05-26,Premium,3452.17
2134,Customer 02134,customer02134@example.test,Brazil,2021-09-28,Basic,6556.69
2135,Customer 02135,customer02135@example.test,Australia,2020-07-17,Standard,4529.31
2136,Customer 02136,customer02136@example.test,Australia,2024-07-12,Basic,8359.46
2137,Customer 02137,customer02137@example.test,India,2023-07-06,Standard,2591.59
2138,Customer 02138,customer02138@example.test,United Kingdom,2020-08-08,Premium,3573.56
2139,Customer 02139,customer02139@example.test,Australia,2024-08-31,Standard,5449.18
2140,Customer 02140,customer02140@example.test,France,2024-06-14,Premium,8134.32
2141,Customer 02141,customer02141@example.test,United Kingdom,2023-05-13,Premium,6557.25
2142,Customer 02142,customer02142@example.test,Brazil,2022-07-03,Premium,636.34
2143,Customer 02143,customer02143@example.test,Japan,2020-03-09,Standard,9333.20
2144,Customer 02144,customer02144@example.test,Brazil,2024-10-02,Premium,650.14
2145,Customer 02145,customer02145@example.test,United Kingdom,2024-07-01,Premium,3161.15
2146,Customer 02146,customer02146@example.test,Japan,2023-06-04,Premium,1067.73
2147,Customer 02147,customer02147@example.test,Australia,2023-10-19,Basic,547.38
2148,Customer 02148,customer02148@example.test,Japan,2021-08-26,Standard,1004.85
2149,Customer 02149,customer02149@example.test,Japan,2023-06-18,Premium,9065.80
2150,Customer 02150,customer02150@example.test,Australia,2023-05-12,Standard,4025.69
2151,Customer 02151,customer02151@example.test,Japan,2022-08-08,Basic,6493.10
2152,Customer 02152,customer02152@example.test,India,2020-07-26,Basic,9831.28
2153,Customer 02153,customer02153@example.test,Australia,2023-10-15,Standard,5423.37
2154,Customer 02154,customer02154@example.test,France,2021-11-03,Premium,1076.77
2155,Customer 02155,customer02155@example.test,Brazil,2020-01-26,Basic,8277.63
2156,Customer 02156,customer02156@example.test,France,2024-09-17,Basic,1321.01
2157,Customer 02157,customer02157@example.test,United States,2023-07-29,Standard,3726.54
2158,Customer 02158,customer02158@example.test,United Kingdom,2022-05-12,Basic,6510.09
2159,Customer 02159,customer02159@example.test,Canada,2022-06-29,Premium,1443.60
2160,Customer 02160,customer02160@example.test,Australia,2024-06-20,Premium,1338.82
2161,Customer 02161,customer02161@example.test,Japan,2021-09-30,Basic,6833.62
2162,Customer 02162,customer02162@example.test,India,2024-03-24,Standard,6120.18
2163,Customer 02163,customer02163@example.test,United States,2024-12-17,Premium,1545.69
2164,Customer 02164,customer02164@example.test,Germany,2022-08-19,Basic,3595.57
2165,Customer 02165,customer02165@example.test,India,2021-08-19,Premium,5428.27
2166,Customer 02166,customer02166@example.test,Canada,2023-04-16,Premium,2489.18
2167,Customer 02167,customer02167@example.test,United States,2022-11-04,Premium,4425.63
2168,Customer 02168,customer02168@example.test,France,2021-12-05,Premium,6716.70
2169,Customer 02169,customer02169@example.test,Brazil,2021-02-16,Standard,1985.53
2170,Customer 02170,customer02170@example.test,United Kingdom,2023-09-29,Basic,7254.47
2171,Customer 02171,customer02171@example.test,India,2022-08-15,Basic,5935.95
2172,Customer 02172,customer02172@example.test,Germany,2021-11-18,Standard,3445.82
2173,Customer 02173,customer02173@example.test,Brazil,2020-11-28,Standard,9186.63
2174,Customer 02174,customer02174@example.test,Australia,2024-06-04,Standard,2300.63
2175,Customer 02175,customer02175@example.test,France,2020-01-08,Basic,2414.59
2176,Customer 02176,customer02176@example.test,France,2022-08-13,Premium,5040.98
2177,Customer 02177,customer02177@example.test,India,2024-02-13,Basic,3941.72
2178,Customer 02178,customer02178@example.test,Japan,2021-02-24,Premium,8662.12
2179,Customer 02179,customer02179@example.test,India,2020-01-14,Premium,773.12
2180,Customer 02180,customer02180@example.test,Australia,2022-01-02,Basic,1207.84
2181,Customer 02181,customer02181@example.test,Germany,2020-10-18,Standard,2038.46
2182,Customer 02182,customer02182@example.test,India,2023-07-16,Premium,311.27
2183,Customer 02183,customer02183@example.test,France,2021-02-11,Standard,1826.05
2184,Customer 02184,customer02184@example.test,Germany,2021-03-24,Basic,1827.50
2185,Customer 02185,customer02185@example.test,United States,2021-11-26,Premium,1872.14
2186,Customer 02186,customer02186@example.test,Australia,2021-02-05,Premium,8838.25
2187,Customer 02187,customer02187@example.test,Brazil,2021-06-20,Premium,8718.34
2188,Customer 02188,customer02188@example.test,Canada,2023-10-19,Standard,6866.80
2189,Customer 02189,customer02189@example.test,Brazil,2024-05-31,Standard,9815.86
2190,Customer 02190,customer02190@example.test,Germany,2021-03-06,Standard,2518.15
2191,Customer 02191,customer02191@example.test,India,2022-01-27,Basic,1796.83
2192,Customer 02192,customer02192@example.test,Japan,2022-12-15,Basic,685.53
2193,Customer 02193,customer02193@example.test,Canada,2020-08-30,Premium,8335.11
2194,Customer 02194,customer02194@example.test,France,2021-01-23,Basic,3965.66
2195,Customer 02195,customer02195@example.test,India,2023-11-23,Standard,6286.72
2196,Customer 02196,customer02196@example.test,France,2022-05-29,Premium,8001.49
2197,Customer 02197,customer02197@example.test,France,2023-06-15,Basic,3084.72
2198,Customer 02198,customer02198@example.test,Canada,2024-06-05,Standard,2591.78
2199,Customer 02199,customer02199@example.test,Germany,2020-04-19,Premium,8928.65
2200,Customer 02200,customer02200@example.test,United Kingdom,2022-11-06,Premium,7626.27
2201,Customer 02201,customer02201@example.test,United Kingdom,2020-06-15,Basic,6447.55
2202,Customer 02202,customer02202@example.test,Canada,2020-05-12,Basic,4069.68
2203,Customer 02203,customer02203@example.test,United States,2024-03-18,Standard,5228.07
2204,Customer 02204,customer02204@example.test,United Kingdom,2022-11-28,Premium,3374.56
2205,Customer 02205,customer02205@example.test,India,2023-12-30,Basic,7282.46
2206,Customer 02206,customer02206@example.test,United Kingdom,2022-09-16,Standard,2813.70
2207,Customer 02207,customer02207@example.test,Japan,2023-04-05,Basic,9659.32
2208,Customer 02208,customer02208@example.test,Australia,2024-06-07,Premium,2301.89
2209,Customer 02209,customer02209@example.test,United Kingdom,2021-02-19,Premium,4151.31
2210,Customer 02210,customer02210@example.test,Germany,2021-03-23,Standard,9318.78
2211,Customer 02211,customer02211@example.test,Canada,2022-02-11,Standard,2668.93
2212,Customer 02212,customer02212@example.test,Brazil,2023-02-01,Premium,7881.33
2213,Customer 02213,customer02213@example.test,Germany,2020-06-21,Standard,5440.22
2214,Customer 02214,customer02214@example.test,France,2021-12-21,Basic,431.41
2215,Customer 02215,customer02215@example.test,United States,2022-08-10,Basic,3527.13
2216,Customer 02216,customer02216@example.test,United Kingdom,2022-05-22,Standard,4535.15
2217,Customer 02217,customer02217@example.test,India,2022-04-17,Standard,3324.20
2218,Customer 02218,customer02218@example.test,Japan,2021-07-13,Premium,1882.88
2219,Customer 02219,customer02219@example.test,France,2022-06-23,Standard,6767.03
2220,Customer 02220,customer02220@example.test,India,2020-06-04,Premium,3088.24
2221,Customer 02221,customer02221@example.test,United States,2024-09-21,Basic,5732.06
2222,Customer 02222,customer02222@example.test,Brazil,2023-08-11,Standard,9716.16
2223,Customer 02223,customer02223@example.test,Brazil,2021-04-11,Premium,748.14
2224,Customer 02224,customer02224@example.test,Australia,2022-01-07,Basic,2100.36
2225,Customer 02225,customer02225@example.test,France,2021-11-14,Basic,3452.34
2226,Customer 02226,customer02226@example.test,Germany,2021-05-27,Basic,8551.81
2227,Customer 02227,customer02227@example.test,Germany,2024-04-22,Premium,7399.19
2228,Customer 02228,customer02228@example.test,Canada,2023-05-22,Basic,7757.58
2229,Customer 02229,customer02229@example.test,Germany,2023-01-17,Premium,8074.83
2230,Customer 02230,customer02230@example.test,Germany,2021-09-05,Standard,8211.69
2231,Customer 02231,customer02231@example.test,Japan,2022-04-07,Basic,7946.17
2232,Customer 02232,customer02232@example.test,Australia,2023-09-04,Standard,6858.64
2233,Customer 02233,customer02233@example.test,Canada,2022-11-15,Standard,2386.33
2234,Customer 02234,customer02234@example.test,France,2021-04-09,Standard,2450.76
2235,Customer 02235,customer02235@example.test,United States,2022-11-22,Standard,7576.07
2236,Customer 02236,customer02236@example.test,United Kingdom,2024-07-25,Standard,8303.82
2237,Customer 02237,customer02237@example.test,India,2020-06-24,Premium,4496.22
2238,Customer 02238,customer02238@example.test,Japan,2024-04-26,Premium,4599.90
2239,Customer 02239,customer02239@example.test,United States,2022-07-10,Premium,3929.01
2240,Customer 02240,customer02240@example.test,Canada,2020-10-11,Standard,9891.78
2241,Customer 02241,customer02241@example.test,Australia,2024-02-20,Standard,8497.67
2242,Customer 02242,customer02242@example.test,India,2023-09-11,Standard,2364.44
2243,Customer 02243,customer02243@example.test,Japan,2022-05-08,Basic,7891.85
2244,Customer 02244,customer02244@example.test,United States,2022-04-06,Standard,3419.19
2245,Customer 02245,customer02245@example.test,Australia,2023-04-17,Basic,8235.07
2246,Customer 02246,customer02246@example.test,Canada,2020-03-06,Premium,9989.12
2247,Customer 02247,customer02247@example.test,Japan,2021-11-07,Standard,2141.24
2248,Customer 02248,customer02248@example.test,Brazil,2022-03-11,Basic,4052.05
2249,Customer 02249,customer02249@example.test,United Kingdom,2021-01-20,Premium,3448.15
2250,Customer 02250,customer02250@example.test,United Kingdom,2023-03-12,Basic,9382.06
2251,Customer 02251,customer02251@example.test,Brazil,2021-09-15,Premium,1093.80
2252,Customer 02252,customer02252@example.test,United States,2023-10-14,Premium,336.16
2253,Customer 02253,customer02253@example.test,United Kingdom,2024-08-19,Premium,1957.60
2254,Customer 02254,customer02254@example.test,Brazil,2021-02-11,Standard,2976.04
2255,Customer 02255,customer02255@example.test,France,2021-02-25,Standard,6916.09
2256,Customer 02256,customer02256@example.test,Brazil,2022-12-09,Standard,602.44
2257,Customer 02257,customer02257@example.test,United States,2022-01-24,Premium,1801.72
2258,Customer 02258,customer02258@example.test,Japan,2021-10-31,Standard,1646.63
2259,Customer 02259,customer02259@example.test,Canada,2020-08-14,Basic,4387.38
2260,Customer 02260,customer02260@example.test,Brazil,2022-09-06,Standard,9474.80
2261,Customer 02261,customer02261@example.test,France,2024-11-07,Premium,9127.32
2262,Customer 02262,customer02262@example.test,Germany,2021-02-25,Standard,8576.26
2263,Customer 02263,customer02263@example.test,United Kingdom,2023-12-24,Premium,6330.35
2264,Customer 02264,customer02264@example.test,Germany,2023-03-23,Basic,2128.32
2265,Customer 02265,customer02265@example.test,United Kingdom,2022-10-26,Standard,2115.00
2266,Customer 02266,customer02266@example.test,Canada,2020-01-16,Standard,670.77
2267,Customer 02267,customer02267@example.test,Japan,2024-08-15,Basic,8467.94
2268,Customer 02268,customer02268@example.test,United States,2021-05-20,Standard,9545.21
2269,Customer 02269,customer02269@example.test,United Kingdom,2023-03-11,Standard,4851.71
2270,Customer 02270,customer02270@example.test,Australia,2023-03-25,Basic,955.28
2271,Customer 02271,customer02271@example.test,United Kingdom,2021-08-12,Standard,7343.35
2272,Customer 02272,customer02272@example.test,Germany,2024-09-21,Standard,6428.05
2273,Customer 02273,customer02273@example.test,Canada,2024-08-13,Standard,2612.36
2274,Customer 02274,customer02274@example.test,Japan,2021-01-02,Standard,4033.50
2275,Customer 02275,customer02275@example.test,Canada,2023-09-11,Basic,5962.36
2276,Customer 02276,customer02276@example.test,Japan,2020-07-14,Basic,9916.25
2277,Customer 02277,customer02277@example.test,France,2020-03-30,Premium,2870.75
2278,Customer 02278,customer02278@example.test,United States,2024-12-12,Standard,6990.40
2279,Customer 02279,customer02279@example.test,France,2020-05-16,Standard,4312.56
2280,Customer 02280,customer02280@example.test,United States,2024-04-09,Premium,3866.43
2281,Customer 02281,customer02281@example.test,Brazil,2020-06-05,Basic,8037.74
2282,Customer 02282,customer02282@example.test,India,2024-05-15,Standard,4728.40
2283,Customer 02283,customer02283@example.test,Germany,2020-12-03,Premium,5306.47
2284,Customer 02284,customer02284@example.test,United Kingdom,2020-04-01,Premium,767.51
2285,Customer 02285,customer02285@example.test,United Kingdom,2023-08-01,Standard,3603.51
2286,Customer 02286,customer02286@example.test,Japan,2024-03-07,Premium,4159.43
2287,Customer 02287,customer02287@example.test,Australia,2020-03-18,Standard,1202.53
2288,Customer 02288,customer02288@example.test,Canada,2023-12-23,Standard,7028.55
2289,Customer 02289,customer02289@example.test,United Kingdom,2024-03-13,Standard,4837.67
2290,Customer 02290,customer02290@example.test,Brazil,2020-05-19,Basic,6889.38
2291,Customer 02291,customer02291@example.test,United Kingdom,2021-05-11,Premium,4936.56
2292,Customer 02292,customer02292@example.test,Germany,2024-08-07,Premium,1788.75
2293,Customer 02293,customer02293@example.test,Australia,2024-09-13,Basic,1053.97
2294,Customer 02294,customer02294@example.test,Germany,2020-12-28,Premium,5606.25
2295,Customer 02295,customer02295@example.test,Japan,2024-02-27,Premium,813.54
2296,Customer 02296,customer02296@example.test,Australia,2023-10-07,Basic,2865.25
2297,Customer 02297,customer02297@example.test,United Kingdom,2020-11-10,Standard,1865.83
2298,Customer 02298,customer02298@example.test,Australia,2021-03-19,Basic,5581.55
2299,Customer 02299,customer02299@example.test,United Kingdom,2021-03-18,Basic,500.75
2300,Customer 02300,customer02300@example.test,United States,2024-09-09,Basic,6947.23
2301,Customer 02301,customer02301@example.test,Brazil,2024-01-07,Standard,7238.80
2302,Customer 02302,customer02302@example.test,United Kingdom,2021-09-23,Premium,6272.63
2303,Customer 02303,customer02303@example.test,Australia,2020-01-10,Standard,8043.77
2304,Customer 02304,customer02304@example.test,France,2021-02-17,Standard,9529.00
2305,Customer 02305,customer02305@example.test,France,2021-05-03,Premium,168.17
2306,Customer 02306,customer02306@example.test,Australia,2022-05-13,Premium,3534.92
2307,Customer 02307,customer02307@example.test,France,2024-08-07,Basic,7014.44
2308,Customer 02308,customer02308@example.test,France,2020-05-09,Premium,8356.35
2309,Customer 02309,customer02309@example.test,Canada,2024-09-06,Basic,1751.61
2310,Customer 02310,customer02310@example.test,Japan,2020-03-31,Basic,1129.14
2311,Customer 02311,customer02311@example.test,India,2024-07-28,Standard,5893.56
2312,Customer 02312,customer02312@example.test,France,2023-07-07,Basic,2171.80
2313,Customer 02313,customer02313@example.test,Japan,2023-01-14,Standard,1266.72
2314,Customer 02314,customer02314@example.test,France,2021-04-20,Premium,3738.97
2315,Customer 02315,customer02315@example.test,Canada,2021-10-24,Premium,4216.73
2316,Customer 02316,customer02316@example.test,India,2023-09-01,Premium,4080.91
2317,Customer 02317,customer02317@example.test,United Kingdom,2021-03-11,Premium,692.23
2318,Customer 02318,customer02318@example.test,Germany,2023-09-09,Basic,6542.16
2319,Customer 02319,customer02319@example.test,Australia,2022-01-25,Premium,9284.72
2320,Customer 02320,customer02320@example.test,Japan,2021-03-23,Standard,8048.29
2321,Customer 02321,customer02321@example.test,United Kingdom,2023-05-11,Premium,7471.43
2322,Customer 02322,customer02322@example.test,Canada,2023-01-03,Standard,993.46
2323,Customer 02323,customer02323@example.test,India,2023-05-13,Basic,7301.39
2324,Customer 02324,customer02324@example.test,Canada,2022-03-06,Standard,1838.47
2325,Customer 02325,customer02325@example.test,India,2023-07-25,Basic,5055.50
2326,Customer 02326,customer02326@example.test,India,2020-05-18,Premium,6380.93
2327,Customer 02327,customer02327@example.test,United Kingdom,2023-04-13,Standard,5358.49
2328,Customer 02328,customer02328@example.test,France,2023-08-04,Basic,6160.05
2329,Customer 02329,customer02329@example.test,Australia,2023-12-14,Premium,222.43
2330,Customer 02330,customer02330@example.test,Brazil,2023-06-16,Standard,2478.79
2331,Customer 02331,customer02331@example.test,Japan,2024-02-20,Premium,6498.71
2332,Customer 02332,customer02332@example.test,Australia,2020-06-11,Premium,3927.16
2333,Customer 02333,customer02333@example.test,Germany,2022-10-18,Premium,1590.38
2334,Customer 02334,customer02334@example.test,France,2022-02-08,Basic,397.48
2335,Customer 02335,customer02335@example.test,United Kingdom,2021-05-02,Basic,9199.49
2336,Customer 02336,customer02336@example.test,Canada,2021-11-04,Standard,3329.63
2337,Customer 02337,customer02337@example.test,Australia,2023-08-11,Basic,8302.41
2338,Customer 02338,customer02338@example.test,Germany,2022-04-29,Premium,2401.34
2339,Customer 02339,customer02339@example.test,India,2024-09-30,Standard,2540.16
2340,Customer 02340,customer02340@example.test,United States,2021-02-25,Premium,9506.72
2341,Customer 02341,customer02341@example.test,France,2023-09-23,Basic,7301.00
2342,Customer 02342,customer02342@example.test,France,2024-01-13,Basic,9150.98
2343,Customer 02343,customer02343@example.test,United States,2022-02-20,Standard,1924.61
2344,Customer 02344,customer02344@example.test,Australia,2022-06-24,Premium,9121.21
2345,Customer 02345,customer02345@example.test,Brazil,2022-10-03,Premium,546.38
2346,Customer 02346,customer02346@example.test,Canada,2023-07-23,Premium,1316.60
2347,Customer 02347,customer02347@example.test,Canada,2020-07-06,Basic,5755.07
2348,Customer 02348,customer02348@example.test,France,2024-08-29,Premium,5320.73
2349,Customer 02349,customer02349@example.test,Japan,2020-06-09,Basic,4897.62
2350,Customer 02350,customer02350@example.test,Canada,2021-09-29,Basic,2071.31
2351,Customer 02351,customer02351@example.test,Japan,2021-05-16,Premium,6352.81
2352,Customer 02352,customer02352@example.test,Germany,2021-05-24,Standard,6044.22
2353,Customer 02353,customer02353@example.test,France,2022-07-07,Standard,9043.18
2354,Customer 02354,customer02354@example.test,United Kingdom,2024-05-19,Premium,9972.09
2355,Customer 02355,customer02355@example.test,Japan,2022-01-06,Standard,1759.15
2356,Customer 02356,customer02356@example.test,United Kingdom,2022-08-22,Standard,5298.37
2357,Customer 02357,customer02357@example.test,Japan,2023-06-02,Premium,8594.16
2358,Customer 02358,customer02358@example.test,United Kingdom,2024-06-13,Premium,7989.40
2359,Customer 02359,customer02359@example.test,Japan,2022-02-20,Premium,7957.20
2360,Customer 02360,customer02360@example.test,United States,2021-09-06,Premium,5797.07
2361,Customer 02361,customer02361@example.test,Canada,2024-01-28,Standard,3989.30
2362,Customer 02362,customer02362@example.test,Germany,2022-08-07,Standard,2969.83
2363,Customer 02363,customer02363@example.test,United States,2022-02-07,Basic,5042.01
2364,Customer 02364,customer02364@example.test,India,2020-05-27,Premium,7495.88
2365,Customer 02365,customer02365@example.test,France,2022-08-19,Premium,9606.33
2366,Customer 02366,customer02366@example.test,Australia,2021-01-23,Premium,9035.10
2367,Customer 02367,customer02367@example.test,India,2022-10-22,Standard,4242.06
2368,Customer 02368,customer02368@example.test,Japan,2022-05-01,Basic,3912.70
2369,Customer 02369,customer02369@example.test,United Kingdom,2022-02-25,Standard,6721.88
2370,Customer 02370,customer02370@example.test,Brazil,2023-04-19,Standard,9279.89
2371,Customer 02371,customer02371@example.test,Brazil,2020-03-20,Standard,9774.08
2372,Customer 02372,customer02372@example.test,Canada,2023-03-04,Premium,8000.11
2373,Customer 02373,customer02373@example.test,Germany,2022-06-12,Basic,3655.11
2374,Customer 02374,customer02374@example.test,United Kingdom,2022-11-09,Basic,7219.33
2375,Customer 02375,customer02375@example.test,Australia,2022-01-24,Basic,4040.51
2376,Customer 02376,customer02376@example.test,France,2022-05-18,Premium,5009.31
2377,Customer 02377,customer02377@example.test,India,2020-03-11,Basic,7408.80
2378,Customer 02378,customer02378@example.test,Australia,2023-10-17,Basic,6980.11
2379,Customer 02379,customer02379@example.test,Canada,2023-08-14,Standard,6348.45
2380,Customer 02380,customer02380@example.test,Canada,2022-07-21,Standard,2594.33
2381,Customer 02381,customer02381@example.test,Canada,2023-05-18,Premium,1224.00
2382,Customer 02382,customer02382@example.test,Brazil,2024-04-27,Basic,7461.76
2383,Customer 02383,customer02383@example.test,Japan,2022-02-26,Basic,6146.33
2384,Customer 02384,customer02384@example.test,United States,2020-06-13,Premium,9185.59
2385,Customer 02385,customer02385@example.test,Canada,2022-05-16,Standard,2651.54
2386,Customer 02386,customer02386@example.test,Germany,2023-11-17,Basic,5591.02
2387,Customer 02387,customer02387@example.test,Japan,2023-09-10,Basic,3229.39
2388,Customer 02388,customer02388@example.test,Japan,2024-02-12,Basic,9116.50
2389,Customer 02389,customer02389@example.test,Brazil,2020-07-01,Basic,6004.26
2390,Customer 02390,customer02390@example.test,India,2024-05-09,Premium,2820.89
2391,Customer 02391,customer02391@example.test,France,2024-03-13,Basic,4173.02
2392,Customer 02392,customer02392@example.test,Germany,2023-12-02,Premium,1765.78
2393,Customer 02393,customer02393@example.test,United Kingdom,2024-07-29,Premium,1015.76
2394,Customer 02394,customer02394@example.test,Japan,2020-05-23,Basic,4370.90
2395,Customer 02395,customer02395@example.test,Germany,2023-09-02,Basic,4518.83
2396,Customer 02396,customer02396@example.test,Canada,2020-12-15,Standard,1954.54
2397,Customer 02397,customer02397@example.test,Canada,2023-12-12,Premium,5101.02
2398,Customer 02398,customer02398@example.test,United States,2021-01-07,Premium,4725.52
2399,Customer 02399,customer02399@example.test,France,2023-03-07,Premium,2107.01
2400,Customer 02400,customer02400@example.test,Canada,2020-04-30,Premium,2719.50
2401,Customer 02401,customer02401@example.test,Japan,2024-11-20,Standard,6572.86
2402,Customer 02402,customer02402@example.test,Brazil,2023-07-02,Basic,1741.95
2403,Customer 02403,customer02403@example.test,Germany,2020-06-12,Premium,3960.77
2404,Customer 02404,customer02404@example.test,Germany,2020-09-12,Premium,3587.72
2405,Customer 02405,customer02405@example.test,France,2020-03-01,Standard,5087.63
2406,Customer 02406,customer02406@example.test,Brazil,2023-10-09,Premium,640.22
2407,Customer 02407,customer02407@example.test,Australia,2021-06-28,Basic,6107.38
2408,Customer 02408,customer02408@example.test,Australia,2024-06-04,Premium,2213.21
2409,Customer 02409,customer02409@example.test,Australia,2022-12-05,Standard,6322.75
2410,Customer 02410,customer02410@example.test,Germany,2022-12-01,Standard,4962.19
2411,Customer 02411,customer02411@example.test,India,2024-03-30,Basic,4503.14
2412,Customer 02412,customer02412@example.test,India,2021-11-20,Basic,9333.92
2413,Customer 02413,customer02413@example.test,India,2021-12-03,Premium,9867.00
2414,Customer 02414,customer02414@example.test,Japan,2022-01-09,Standard,6404.79
2415,Customer 02415,customer02415@example.test,India,2020-04-27,Standard,8454.35
2416,Customer 02416,customer02416@example.test,Australia,2020-07-24,Standard,9128.28
2417,Customer 02417,customer02417@example.test,Japan,2023-12-01,Basic,8760.02
2418,Customer 02418,customer02418@example.test,Canada,2024-12-23,Premium,6311.47
2419,Customer 02419,customer02419@example.test,United States,2020-09-08,Standard,9972.60
2420,Customer 02420,customer02420@example.test,France,2023-12-03,Standard,4738.70
2421,Customer 02421,customer02421@example.test,United Kingdom,2023-06-20,Basic,4331.94
2422,Customer 02422,customer02422@example.test,France,2023-09-14,Premium,6690.68
2423,Customer 02423,customer02423@example.test,India,2024-07-22,Premium,6645.63
2424,Customer 02424,customer02424@example.test,Australia,2022-01-07,Basic,3413.37
2425,Customer 02425,customer02425@example.test,United Kingdom,2023-10-20,Premium,6362.37
2426,Customer 02426,customer02426@example.test,Japan,2022-09-19,Basic,6423.49
2427,Customer 02427,customer02427@example.test,Brazil,2024-06-14,Standard,4487.02
2428,Customer 02428,customer02428@example.test,Brazil,2022-09-02,Basic,4035.53
2429,Customer 02429,customer02429@example.test,France,2021-08-24,Basic,1501.15
2430,Customer 02430,customer02430@example.test,United States,2024-11-16,Basic,8229.87
2431,Customer 02431,customer02431@example.test,United States,2024-10-20,Premium,1340.72
2432,Customer 02432,customer02432@example.test,Brazil,2022-10-16,Standard,8727.86
2433,Customer 02433,customer02433@example.test,United States,2023-10-10,Standard,1762.16
2434,Customer 02434,customer02434@example.test,Brazil,2022-07-02,Standard,6948.30
2435,Customer 02435,customer02435@example.test,France,2023-01-12,Premium,2219.21
2436,Customer 02436,customer02436@example.test,Brazil,2020-12-15,Premium,4560.18
2437,Customer 02437,customer02437@example.test,Australia,2024-01-05,Premium,9741.30
2438,Customer 02438,customer02438@example.test,Japan,2021-10-30,Standard,2310.81
2439,Customer 02439,customer02439@example.test,Germany,2024-01-12,Basic,4994.39
2440,Customer 02440,customer02440@example.test,Brazil,2023-10-05,Basic,1423.50
2441,Customer 02441,customer02441@example.test,United Kingdom,2022-12-30,Premium,8341.84
2442,Customer 02442,customer02442@example.test,India,2023-11-17,Premium,9770.42
2443,Customer 02443,customer02443@example.test,Brazil,2023-03-25,Basic,3598.98
2444,Customer 02444,customer02444@example.test,Japan,2022-02-11,Basic,6732.92
2445,Customer 02445,customer02445@example.test,United States,2024-05-26,Standard,8477.18
2446,Customer 02446,customer02446@example.test,France,2021-04-22,Standard,1213.09
2447,Customer 02447,customer02447@example.test,Brazil,2021-08-18,Premium,934.69
2448,Customer 02448,customer02448@example.test,France,2021-11-27,Basic,9877.66
2449,Customer 02449,customer02449@example.test,India,2020-08-25,Premium,8947.81
2450,Customer 02450,customer02450@example.test,Japan,2021-10-03,Basic,7727.14
2451,Customer 02451,customer02451@example.test,Germany,2020-01-04,Premium,6187.22
2452,Customer 02452,customer02452@example.test,France,2023-01-01,Standard,4442.80
2453,Customer 02453,customer02453@example.test,India,2021-10-16,Basic,9792.91
2454,Customer 02454,customer02454@example.test,Canada,2024-06-19,Basic,6959.84
2455,Customer 02455,customer02455@example.test,France,2023-05-17,Premium,4145.15
2456,Customer 02456,customer02456@example.test,United States,2020-01-19,Standard,3312.72
2457,Customer 02457,customer02457@example.test,Germany,2020-10-23,Premium,5241.12
2458,Customer 02458,customer02458@example.test,United Kingdom,2023-10-24,Premium,6306.82
2459,Customer 02459,customer02459@example.test,Canada,2021-08-03,Basic,6976.70
2460,Customer 02460,customer02460@example.test,Australia,2024-10-05,Basic,3356.90
2461,Customer 02461,customer02461@example.test,United States,2021-09-24,Basic,1294.61
2462,Customer 02462,customer02462@example.test,United Kingdom,2021-07-14,Basic,8689.41
2463,Customer 02463,customer02463@example.test,United Kingdom,2021-03-17,Standard,7383.44
2464,Customer 02464,customer02464@example.test,Australia,2022-02-10,Standard,1601.19
2465,Customer 02465,customer02465@example.test,France,2024-08-22,Basic,9798.23
2466,Customer 02466,customer02466@example.test,France,2024-07-17,Basic,7714.64
2467,Customer 02467,customer02467@example.test,Canada,2020-04-17,Standard,7627.29
2468,Customer 02468,customer02468@example.test,Germany,2022-03-13,Basic,9566.95
2469,Customer 02469,customer02469@example.test,Canada,2024-10-03,Premium,5745.59
2470,Customer 02470,customer02470@example.test,India,2022-03-14,Standard,7108.28
2471,Customer 02471,customer02471@example.test,India,2022-08-27,Standard,4100.59
2472,Customer 02472,customer02472@example.test,United States,2020-05-27,Basic,2967.88
2473,Customer 02473,customer02473@example.test,France,2021-08-01,Basic,8978.45
2474,Customer 02474,customer02474@example.test,Japan,2023-01-27,Premium,1372.59
2475,Customer 02475,customer02475@example.test,Australia,2021-10-24,Basic,3188.44
2476,Customer 02476,customer02476@example.test,Canada,2022-07-26,Basic,1442.43
2477,Customer 02477,customer02477@example.test,United Kingdom,2022-06-23,Standard,9408.01
2478,Customer 02478,customer02478@example.test,France,2020-10-23,Premium,8434.30
2479,Customer 02479,customer02479@example.test,France,2024-03-12,Basic,6828.72
2480,Customer 02480,customer02480@example.test,India,2020-01-19,Basic,8977.29
2481,Customer 02481,customer02481@example.test,Brazil,2023-03-24,Basic,8236.55
2482,Customer 02482,customer02482@example.test,Canada,2024-10-24,Standard,9965.64
2483,Customer 02483,customer02483@example.test,Canada,2022-05-24,Premium,1007.13
2484,Customer 02484,customer02484@example.test,United Kingdom,2021-12-29,Premium,9909.70
2485,Customer 02485,customer02485@example.test,Brazil,2020-04-17,Basic,6816.76
2486,Customer 02486,customer02486@example.test,Japan,2021-11-24,Premium,6574.28
2487,Customer 02487,customer02487@example.test,Japan,2024-01-19,Premium,356.44
2488,Customer 02488,customer02488@example.test,France,2020-08-31,Standard,5123.61
2489,Customer 02489,customer02489@example.test,Canada,2021-09-11,Basic,7813.99
2490,Customer 02490,customer02490@example.test,Brazil,2022-02-07,Standard,9069.08
2491,Customer 02491,customer02491@example.test,Japan,2024-08-02,Standard,6630.49
2492,Customer 02492,customer02492@example.test,United Kingdom,2023-08-30,Standard,121.66
2493,Customer 02493,customer02493@example.test,Brazil,2020-09-02,Premium,1279.80
2494,Customer 02494,customer02494@example.test,United States,2022-09-28,Premium,241.45
2495,Customer 02495,customer02495@example.test,United Kingdom,2023-04-16,Standard,7274.24
2496,Customer 02496,customer02496@example.test,Brazil,2024-03-06,Basic,1898.93
2497,Customer 02497,customer02497@example.test,United Kingdom,2022-02-25,Basic,7368.73
2498,Customer 02498,customer02498@example.test,Germany,2022-06-07,Basic,1313.19
2499,Customer 02499,customer02499@example.test,India,2020-07-22,Premium,7484.40
2500,Customer 02500,customer02500@example.test,United States,2024-10-31,Premium,4250.19
2501,Customer 02501,customer02501@example.test,Australia,2024-07-22,Standard,5830.71
2502,Customer 02502,customer02502@example.test,United States,2024-08-01,Basic,5122.95
2503,Customer 02503,customer02503@example.test,United States,2020-05-10,Basic,5651.63
2504,Customer 02504,customer02504@example.test,Brazil,2024-01-01,Premium,6905.73
2505,Customer 02505,customer02505@example.test,Canada,2020-08-28,Basic,7289.86
2506,Customer 02506,customer02506@example.test,Australia,2021-01-03,Basic,4689.57
2507,Customer 02507,customer02507@example.test,India,2024-06-27,Premium,410.44
2508,Customer 02508,customer02508@example.test,France,2020-09-20,Basic,1690.41
2509,Customer 02509,customer02509@example.test,United States,2020-06-28,Standard,8928.10
2510,Customer 02510,customer02510@example.test,Australia,2024-03-22,Premium,1307.75
2511,Customer 02511,customer02511@example.test,Germany,2022-11-02,Standard,5708.73
2512,Customer 02512,customer02512@example.test,Japan,2020-12-17,Basic,0.89
2513,Customer 02513,customer02513@example.test,Germany,2021-05-23,Premium,9921.77
2514,Customer 02514,customer02514@example.test,Germany,2022-11-29,Basic,5600.46
2515,Customer 02515,customer02515@example.test,Canada,2022-06-30,Basic,5142.66
2516,Customer 02516,customer02516@example.test,India,2023-11-24,Basic,9550.25
2517,Customer 02517,customer02517@example.test,United States,2021-12-22,Basic,2200.32
2518,Customer 02518,customer02518@example.test,Brazil,2023-11-09,Basic,8595.84
2519,Customer 02519,customer02519@example.test,France,2020-04-01,Premium,1972.09
2520,Customer 02520,customer02520@example.test,Germany,2020-10-17,Premium,1407.27
2521,Customer 02521,customer02521@example.test,United States,2023-05-18,Premium,6205.29
2522,Customer 02522,customer02522@example.test,Germany,2022-01-05,Premium,7645.21
2523,Customer 02523,customer02523@example.test,Japan,2023-06-28,Premium,5765.58
2524,Customer 02524,customer02524@example.test,Germany,2021-06-06,Standard,6813.32
2525,Customer 02525,customer02525@example.test,Japan,2020-11-30,Standard,872.98
2526,Customer 02526,customer02526@example.test,Japan,2021-06-04,Basic,1502.02
2527,Customer 02527,customer02527@example.test,France,2023-01-02,Premium,6601.50
2528,Customer 02528,customer02528@example.test,Germany,2024-02-09,Basic,7306.50
2529,Customer 02529,customer02529@example.test,France,2023-08-15,Basic,3902.19
2530,Customer 02530,customer02530@example.test,United States,2023-02-28,Basic,1720.11
2531,Customer 02531,customer02531@example.test,Canada,2022-05-09,Standard,8260.51
2532,Customer 02532,customer02532@example.test,Japan,2022-06-07,Premium,6329.28
2533,Customer 02533,customer02533@example.test,Brazil,2021-05-21,Standard,1306.74
2534,Customer 02534,customer02534@example.test,Brazil,2022-12-24,Basic,5750.06
2535,Customer 02535,customer02535@example.test,Brazil,2022-04-13,Standard,6712.74
2536,Customer 02536,customer02536@example.test,India,2020-07-01,Standard,8158.66
2537,Customer 02537,customer02537@example.test,Canada,2021-07-13,Premium,2869.39
2538,Customer 02538,customer02538@example.test,Brazil,2020-01-21,Standard,2330.20
2539,Customer 02539,customer02539@example.test,Brazil,2022-02-14,Premium,1842.67
2540,Customer 02540,customer02540@example.test,Germany,2022-12-14,Basic,8612.40
2541,Customer 02541,customer02541@example.test,United Kingdom,2024-07-10,Premium,5546.54
2542,Customer 02542,customer02542@example.test,Germany,2021-12-15,Basic,2842.20
2543,Customer 02543,customer02543@example.test,Brazil,2023-05-29,Premium,1790.41
2544,Customer 02544,customer02544@example.test,Japan,2021-10-13,Premium,3619.40
2545,Customer 02545,customer02545@example.test,United States,2024-07-08,Basic,6235.01
2546,Customer 02546,customer02546@example.test,Japan,2024-12-11,Standard,6210.82
2547,Customer 02547,customer02547@example.test,Germany,2020-09-18,Premium,7200.13
2548,Customer 02548,customer02548@example.test,Canada,2022-11-17,Basic,1325.06
2549,Customer 02549,customer02549@example.test,Japan,2020-10-19,Basic,7711.46
2550,Customer 02550,customer02550@example.test,Australia,2021-07-01,Basic,6702.42
2551,Customer 02551,customer02551@example.test,France,2022-01-28,Basic,6382.71
2552,Customer 02552,customer02552@example.test,United Kingdom,2022-05-06,Premium,4602.82
2553,Customer 02553,customer02553@example.test,United Kingdom,2021-12-25,Basic,3007.52
2554,Customer 02554,customer02554@example.test,Japan,2021-07-18,Basic,9874.19
2555,Customer 02555,customer02555@example.test,France,2024-01-11,Standard,6665.11
2556,Customer 02556,customer02556@example.test,Brazil,2024-10-23,Standard,4262.61
2557,Customer 02557,customer02557@example.test,India,2024-04-27,Premium,6655.06
2558,Customer 02558,customer02558@example.test,Brazil,2020-06-11,Basic,2516.96
2559,Customer 02559,customer02559@example.test,Canada,2020-07-10,Basic,602.00
2560,Customer 02560,customer02560@example.test,Germany,2020-06-22,Basic,9747.44
2561,Customer 02561,customer02561@example.test,Australia,2022-10-06,Standard,7099.20
2562,Customer 02562,customer02562@example.test,Canada,2022-11-07,Standard,5219.86
2563,Customer 02563,customer02563@example.test,United States,2022-11-20,Basic,1307.48
2564,Customer 02564,customer02564@example.test,Australia,2022-04-10,Basic,1994.22
2565,Customer 02565,customer02565@example.test,Australia,2024-08-29,Basic,4456.22
2566,Customer 02566,customer02566@example.test,United States,2023-12-09,Basic,3618.22
2567,Customer 02567,customer02567@example.test,United States,2021-05-15,Basic,6387.85
2568,Customer 02568,customer02568@example.test,United Kingdom,2020-03-27,Premium,7072.87
2569,Customer 02569,customer02569@example.test,United States,2024-12-11,Premium,1833.05
2570,Customer 02570,customer02570@example.test,India,2020-06-02,Premium,5386.37
2571,Customer 02571,customer02571@example.test,Australia,2021-12-24,Standard,5195.77
2572,Customer 02572,customer02572@example.test,Canada,2022-02-15,Standard,1187.33
2573,Customer 02573,customer02573@example.test,France,2021-11-23,Basic,8921.04
2574,Customer 02574,customer02574@example.test,Brazil,2024-04-18,Standard,3137.10
2575,Customer 02575,customer02575@example.test,Germany,2022-09-16,Standard,2234.15
2576,Customer 02576,customer02576@example.test,Japan,2020-01-05,Premium,9678.94
2577,Customer 02577,customer02577@example.test,United States,2021-09-16,Premium,9808.53
2578,Customer 02578,customer02578@example.test,United Kingdom,2022-08-06,Premium,3730.24
2579,Customer 02579,customer02579@example.test,United Kingdom,2020-01-13,Standard,3128.43
2580,Customer 02580,customer02580@example.test,Brazil,2021-12-25,Premium,3667.09
2581,Customer 02581,customer02581@example.test,Canada,2024-12-28,Standard,3717.54
2582,Customer 02582,customer02582@example.test,Brazil,2020-01-19,Standard,5159.47
2583,Customer 02583,customer02583@example.test,Brazil,2021-02-08,Basic,5393.02
2584,Customer 02584,customer02584@example.test,Japan,2020-11-10,Premium,9574.64
2585,Customer 02585,customer02585@example.test,Australia,2022-09-25,Premium,8068.24
2586,Customer 02586,customer02586@example.test,Germany,2023-09-06,Premium,4935.63
2587,Customer 02587,customer02587@example.test,India,2022-03-20,Standard,3822.01
2588,Customer 02588,customer02588@example.test,Canada,2022-05-27,Basic,8509.65
2589,Customer 02589,customer02589@example.test,Brazil,2021-07-05,Standard,6881.59
2590,Customer 02590,customer02590@example.test,United Kingdom,2024-09-15,Premium,1466.68
2591,Customer 02591,customer02591@example.test,Japan,2021-12-25,Premium,3766.87
2592,Customer 02592,customer02592@example.test,France,2024-12-14,Premium,1987.75
2593,Customer 02593,customer02593@example.test,Australia,2021-08-06,Premium,4137.11
2594,Customer 02594,customer02594@example.test,India,2022-05-12,Premium,1680.99
2595,Customer 02595,customer02595@example.test,France,2023-09-26,Standard,6975.57
2596,Customer 02596,customer02596@example.test,Brazil,2021-06-28,Standard,5128.24
2597,Customer 02597,customer02597@example.test,United Kingdom,2023-01-31,Basic,7490.19
2598,Customer 02598,customer02598@example.test,India,2020-09-17,Standard,5262.36
2599,Customer 02599,customer02599@example.test,Japan,2024-01-26,Premium,1150.63
2600,Customer 02600,customer02600@example.test,Australia,2020-08-08,Premium,1630.97
2601,Customer 02601,customer02601@example.test,United States,2021-12-05,Premium,8046.61
2602,Customer 02602,customer02602@example.test,France,2023-11-02,Premium,7112.59
2603,Customer 02603,customer02603@example.test,India,2024-08-26,Standard,6260.90
2604,Customer 02604,customer02604@example.test,Australia,2024-02-19,Standard,5035.18
2605,Customer 02605,customer02605@example.test,Germany,2021-08-15,Standard,866.27
2606,Customer 02606,customer02606@example.test,Japan,2024-04-07,Premium,6476.14
2607,Customer 02607,customer02607@example.test,United States,2020-11-08,Premium,2615.84
2608,Customer 02608,customer02608@example.test,Brazil,2021-07-29,Standard,7350.05
2609,Customer 02609,customer02609@example.test,Japan,2021-05-21,Premium,4969.12
2610,Customer 02610,customer02610@example.test,Brazil,2023-12-17,Basic,7659.39
2611,Customer 02611,customer02611@example.test,Canada,2022-10-25,Premium,8963.98
2612,Customer 02612,customer02612@example.test,Canada,2023-04-25,Premium,1263.12
2613,Customer 02613,customer02613@example.test,Japan,2020-09-27,Premium,2871.64
2614,Customer 02614,customer02614@example.test,Canada,2021-01-28,Standard,185.19
2615,Customer 02615,customer02615@example.test,France,2023-06-16,Premium,9063.36
2616,Customer 02616,customer02616@example.test,Japan,2020-04-14,Standard,5504.72
2617,Customer 02617,customer02617@example.test,France,2021-09-19,Premium,3525.08
2618,Customer 02618,customer02618@example.test,United Kingdom,2022-05-22,Premium,5346.30
2619,Customer 02619,customer02619@example.test,Australia,2022-05-24,Standard,1154.00
2620,Customer 02620,customer02620@example.test,India,2021-07-05,Standard,9888.05
2621,Customer 02621,customer02621@example.test,Japan,2021-12-19,Premium,3353.77
2622,Customer 02622,customer02622@example.test,Canada,2020-04-07,Premium,5.61
2623,Customer 02623,customer02623@example.test,India,2020-04-16,Premium,2991.76
2624,Customer 02624,customer02624@example.test,Germany,2022-08-24,Basic,1056.56
2625,Customer 02625,customer02625@example.test,Canada,2022-06-01,Standard,9943.94
2626,Customer 02626,customer02626@example.test,India,2022-10-03,Standard,3191.41
2627,Customer 02627,customer02627@example.test,Brazil,2020-08-16,Basic,143.25
2628,Customer 02628,customer02628@example.test,United States,2023-10-30,Premium,3473.00
2629,Customer 02629,customer02629@example.test,India,2022-01-08,Basic,8166.39
2630,Customer 02630,customer02630@example.test,United States,2023-04-21,Basic,3896.42
2631,Customer 02631,customer02631@example.test,Germany,2021-05-02,Premium,6127.11
2632,Customer 02632,customer02632@example.test,Brazil,2022-02-25,Premium,1368.23
2633,Customer 02633,customer02633@example.test,Brazil,2023-07-13,Premium,6150.54
2634,Customer 02634,customer02634@example.test,France,2024-12-15,Premium,7388.89
2635,Customer 02635,customer02635@example.test,Brazil,2022-07-01,Premium,9875.67
2636,Customer 02636,customer02636@example.test,India,2023-01-24,Standard,7605.85
2637,Customer 02637,customer02637@example.test,France,2022-08-29,Basic,7557.81
2638,Customer 02638,customer02638@example.test,Australia,2020-11-10,Premium,2010.19
2639,Customer 02639,customer02639@example.test,United States,2022-05-06,Basic,2647.92
2640,Customer 02640,customer02640@example.test,United States,2024-12-30,Standard,9383.84
2641,Customer 02641,customer02641@example.test,United Kingdom,2022-01-19,Basic,7521.70
2642,Customer 02642,customer02642@example.test,Japan,2020-08-28,Premium,5062.74
2643,Customer 02643,customer02643@example.test,United States,2022-05-08,Basic,8293.03
2644,Customer 02644,customer02644@example.test,Canada,2020-02-14,Basic,2874.65
2645,Customer 02645,customer02645@example.test,Canada,2023-11-27,Standard,476.52
2646,Customer 02646,customer02646@example.test,Australia,2023-03-05,Basic,1994.29
2647,Customer 02647,customer02647@example.test,Japan,2024-02-25,Standard,7179.53
2648,Customer 02648,customer02648@example.test,United States,2022-12-26,Premium,1735.58
2649,Customer 02649,customer02649@example.test,United States,2022-06-15,Standard,5898.22
2650,Customer 02650,customer02650@example.test,Japan,2024-05-15,Standard,6367.14
2651,Customer 02651,customer02651@example.test,France,2021-07-10,Premium,37.75
2652,Customer 02652,customer02652@example.test,France,2020-11-23,Basic,7305.65
2653,Customer 02653,customer02653@example.test,United States,2020-01-19,Standard,5282.91
2654,Customer 02654,customer02654@example.test,United States,2023-12-20,Standard,3181.48
2655,Customer 02655,customer02655@example.test,France,2024-10-11,Standard,7426.58
2656,Customer 02656,customer02656@example.test,United States,2021-07-03,Premium,1794.20
2657,Customer 02657,customer02657@example.test,Australia,2021-04-03,Basic,2497.88
2658,Customer 02658,customer02658@example.test,Australia,2021-08-20,Basic,1553.35
2659,Customer 02659,customer02659@example.test,Germany,2024-12-14,Premium,2835.71
2660,Customer 02660,customer02660@example.test,Australia,2024-11-23,Basic,2611.03
2661,Customer 02661,customer02661@example.test,France,2024-08-13,Basic,1218.28
2662,Customer 02662,customer02662@example.test,India,2020-01-03,Basic,6345.55
2663,Customer 02663,customer02663@example.test,India,2022-01-25,Premium,9924.01
2664,Customer 02664,customer02664@example.test,United States,2023-12-15,Standard,7571.55
2665,Customer 02665,customer02665@example.test,Japan,2020-09-30,Basic,3092.20
2666,Customer 02666,customer02666@example.test,Australia,2021-10-26,Basic,8555.56
2667,Customer 02667,customer02667@example.test,India,2020-01-22,Premium,7659.60
2668,Customer 02668,customer02668@example.test,Canada,2021-07-26,Standard,163.98
2669,Customer 02669,customer02669@example.test,Brazil,2023-01-05,Basic,7819.96
2670,Customer 02670,customer02670@example.test,Japan,2023-11-10,Basic,2698.45
2671,Customer 02671,customer02671@example.test,United States,2024-11-16,Premium,8565.26
2672,Customer 02672,customer02672@example.test,France,2022-06-24,Standard,2818.50
2673,Customer 02673,customer02673@example.test,Japan,2021-02-21,Premium,4677.23
2674,Customer 02674,customer02674@example.test,Japan,2021-04-19,Standard,1555.39
2675,Customer 02675,customer02675@example.test,Brazil,2022-09-08,Standard,1903.30
2676,Customer 02676,customer02676@example.test,Canada,2022-07-29,Premium,1980.33
2677,Customer 02677,customer02677@example.test,United Kingdom,2023-03-12,Basic,1891.70
2678,Customer 02678,customer02678@example.test,Germany,2023-08-19,Premium,3252.26
2679,Customer 02679,customer02679@example.test,Canada,2020-11-29,Standard,7207.56
2680,Customer 02680,customer02680@example.test,France,2023-05-29,Premium,1504.94
2681,Customer 02681,customer02681@example.test,Japan,2020-05-27,Premium,4771.27
2682,Customer 02682,customer02682@example.test,Japan,2023-08-14,Premium,7594.90
2683,Customer 02683,customer02683@example.test,Canada,2022-12-14,Basic,7868.97
2684,Customer 02684,customer02684@example.test,Australia,2024-07-12,Basic,1045.74
2685,Customer 02685,customer02685@example.test,Japan,2022-02-12,Premium,1153.80
2686,Customer 02686,customer02686@example.test,Australia,2024-08-19,Basic,9800.80
2687,Customer 02687,customer02687@example.test,Canada,2020-03-30,Premium,8075.26
2688,Customer 02688,customer02688@example.test,Germany,2020-06-20,Premium,9841.91
2689,Customer 02689,customer02689@example.test,Australia,2023-07-08,Premium,8301.16
2690,Customer 02690,customer02690@example.test,United States,2020-08-05,Basic,8580.02
2691,Customer 02691,customer02691@example.test,Brazil,2021-11-24,Premium,1459.93
2692,Customer 02692,customer02692@example.test,United Kingdom,2022-09-10,Premium,3223.16
2693,Customer 02693,customer02693@example.test,United Kingdom,2021-11-10,Premium,2556.52
2694,Customer 02694,customer02694@example.test,United States,2020-04-24,Basic,2804.48
2695,Customer 02695,customer02695@example.test,United States,2023-07-09,Premium,222.38
2696,Customer 02696,customer02696@example.test,Australia,2024-08-16,Premium,5710.98
2697,Customer 02697,customer02697@example.test,Brazil,2021-08-30,Basic,9295.17
2698,Customer 02698,customer02698@example.test,Japan,2024-09-09,Premium,12.69
2699,Customer 02699,customer02699@example.test,Australia,2021-04-04,Premium,4478.83
2700,Customer 02700,customer02700@example.test,Canada,2022-02-28,Standard,6871.99
2701,Customer 02701,customer02701@example.test,France,2021-08-10,Basic,4034.33
2702,Customer 02702,customer02702@example.test,Brazil,2023-11-07,Standard,1777.95
2703,Customer 02703,customer02703@example.test,France,2020-08-13,Premium,2955.03
2704,Customer 02704,customer02704@example.test,Brazil,2022-01-01,Basic,3499.35
2705,Customer 02705,customer02705@example.test,India,2020-08-30,Premium,9390.90
2706,Customer 02706,customer02706@example.test,Canada,2020-03-29,Premium,4494.49
2707,Customer 02707,customer02707@example.test,India,2022-12-22,Basic,1901.75
2708,Customer 02708,customer02708@example.test,Japan,2023-10-23,Premium,9365.01
2709,Customer 02709,customer02709@example.test,Germany,2023-09-28,Basic,8572.76
2710,Customer 02710,customer02710@example.test,India,2021-08-10,Premium,2842.61
2711,Customer 02711,customer02711@example.test,India,2022-10-19,Standard,8501.00
2712,Customer 02712,customer02712@example.test,Brazil,2023-12-27,Premium,9035.72
2713,Customer 02713,customer02713@example.test,Canada,2020-10-31,Standard,1549.58
2714,Customer 02714,customer02714@example.test,United Kingdom,2022-03-10,Basic,8355.58
2715,Customer 02715,customer02715@example.test,United Kingdom,2024-05-27,Premium,1186.61
2716,Customer 02716,customer02716@example.test,Japan,2023-03-29,Basic,2920.03
2717,Customer 02717,customer02717@example.test,Brazil,2020-10-23,Standard,1337.30
2718,Customer 02718,customer02718@example.test,Japan,2021-01-07,Standard,3348.26
2719,Customer 02719,customer02719@example.test,Japan,2022-10-09,Standard,7271.04
2720,Customer 02720,customer02720@example.test,India,2022-04-27,Premium,8411.05
2721,Customer 02721,customer02721@example.test,France,2023-09-01,Standard,4389.96
2722,Customer 02722,customer02722@example.test,United Kingdom,2023-01-30,Basic,5596.99
2723,Customer 02723,customer02723@example.test,United States,2022-10-05,Basic,8613.04
2724,Customer 02724,customer02724@example.test,Japan,2021-04-16,Premium,6091.84
2725,Customer 02725,customer02725@example.test,Japan,2024-01-04,Basic,6059.47
2726,Customer 02726,customer02726@example.test,France,2024-05-09,Basic,914.88
2727,Customer 02727,customer02727@example.test,India,2021-04-26,Premium,2131.54
2728,Customer 02728,customer02728@example.test,Australia,2024-10-08,Standard,5854.98
2729,Customer 02729,customer02729@example.test,Canada,2022-08-28,Premium,624.71
2730,Customer 02730,customer02730@example.test,India,2021-12-16,Premium,3090.12
2731,Customer 02731,customer02731@example.test,Canada,2022-07-31,Basic,9765.82
2732,Customer 02732,customer02732@example.test,France,2022-05-12,Premium,8680.34
2733,Customer 02733,customer02733@example.test,Australia,2021-04-04,Basic,1444.95
2734,Customer 02734,customer02734@example.test,Canada,2020-08-28,Standard,7686.91
2735,Customer 02735,customer02735@example.test,Japan,2020-02-23,Standard,567.10
2736,Customer 02736,customer02736@example.test,Brazil,2023-12-07,Basic,6098.59
2737,Customer 02737,customer02737@example.test,United Kingdom,2020-05-31,Basic,9127.61
2738,Customer 02738,customer02738@example.test,Australia,2020-11-19,Premium,3829.86
2739,Customer 02739,customer02739@example.test,Brazil,2020-10-16,Premium,808.08
2740,Customer 02740,customer02740@example.test,Japan,2020-01-26,Premium,8025.98
2741,Customer 02741,customer02741@example.test,United Kingdom,2021-01-08,Basic,1469.18
2742,Customer 02742,customer02742@example.test,United States,2024-03-12,Basic,9948.53
2743,Customer 02743,customer02743@example.test,United Kingdom,2021-09-05,Standard,7576.56
2744,Customer 02744,customer02744@example.test,United Kingdom,2021-11-21,Basic,7290.19
2745,Customer 02745,customer02745@example.test,Germany,2020-01-28,Premium,1634.59
2746,Customer 02746,customer02746@example.test,Australia,2020-05-02,Basic,7876.19
2747,Customer 02747,customer02747@example.test,United States,2020-12-21,Premium,113.95
2748,Customer 02748,customer02748@example.test,Japan,2022-03-22,Basic,9943.03
2749,Customer 02749,customer02749@example.test,United Kingdom,2024-11-28,Basic,7459.64
2750,Customer 02750,customer02750@example.test,Germany,2024-08-25,Basic,5262.51
2751,Customer 02751,customer02751@example.test,France,2021-09-18,Standard,9766.96
2752,Customer 02752,customer02752@example.test,Germany,2020-11-17,Premium,5468.33
2753,Customer 02753,customer02753@example.test,Canada,2022-02-12,Basic,2221.55
2754,Customer 02754,customer02754@example.test,Australia,2022-03-31,Premium,4113.46
2755,Customer 02755,customer02755@example.test,United States,2021-01-11,Basic,8826.00
2756,Customer 02756,customer02756@example.test,United Kingdom,2020-06-07,Standard,3284.03
2757,Customer 02757,customer02757@example.test,Japan,2023-08-29,Standard,1728.30
2758,Customer 02758,customer02758@example.test,India,2020-04-21,Basic,4448.28
2759,Customer 02759,customer02759@example.test,Germany,2021-02-02,Premium,1094.71
2760,Customer 02760,customer02760@example.test,India,2020-06-08,Basic,8166.28
2761,Customer 02761,customer02761@example.test,India,2024-09-29,Premium,2511.65
2762,Customer 02762,customer02762@example.test,Canada,2021-07-31,Basic,1116.36
2763,Customer 02763,customer02763@example.test,France,2020-05-13,Basic,115.10
2764,Customer 02764,customer02764@example.test,Germany,2024-03-29,Premium,5784.90
2765,Customer 02765,customer02765@example.test,Australia,2021-02-17,Premium,2822.43
2766,Customer 02766,customer02766@example.test,Australia,2020-06-23,Basic,8286.11
2767,Customer 02767,customer02767@example.test,Australia,2022-09-17,Premium,3298.61
2768,Customer 02768,customer02768@example.test,Germany,2020-07-09,Premium,3739.73
2769,Customer 02769,customer02769@example.test,Germany,2024-03-19,Standard,5245.14
2770,Customer 02770,customer02770@example.test,India,2021-02-03,Standard,7609.39
2771,Customer 02771,customer02771@example.test,Canada,2021-12-29,Basic,7074.59
2772,Customer 02772,customer02772@example.test,India,2020-07-18,Standard,9400.60
2773,Customer 02773,customer02773@example.test,United States,2024-02-27,Premium,5265.70
2774,Customer 02774,customer02774@example.test,Canada,2024-07-11,Premium,6156.98
2775,Customer 02775,customer02775@example.test,Japan,2024-06-18,Standard,6148.41
2776,Customer 02776,customer02776@example.test,Australia,2024-11-14,Standard,1690.54
2777,Customer 02777,customer02777@example.test,United Kingdom,2020-11-06,Premium,9282.03
2778,Customer 02778,customer02778@example.test,Brazil,2023-07-05,Basic,2428.18
2779,Customer 02779,customer02779@example.test,France,2024-12-16,Basic,6859.99
2780,Customer 02780,customer02780@example.test,Canada,2020-10-15,Basic,5413.80
2781,Customer 02781,customer02781@example.test,United States,2024-02-01,Standard,4692.17
2782,Customer 02782,customer02782@example.test,Canada,2024-05-27,Standard,3049.69
2783,Customer 02783,customer02783@example.test,Japan,2022-01-07,Premium,9339.45
2784,Customer 02784,customer02784@example.test,Japan,2023-12-30,Premium,2189.64
2785,Customer 02785,customer02785@example.test,Brazil,2023-06-04,Premium,5944.38
2786,Customer 02786,customer02786@example.test,United Kingdom,2023-07-09,Premium,8438.16
2787,Customer 02787,customer02787@example.test,Canada,2020-01-31,Standard,5737.13
2788,Customer 02788,customer02788@example.test,Brazil,2024-11-11,Standard,986.85
2789,Customer 02789,customer02789@example.test,India,2022-07-20,Premium,9794.28
2790,Customer 02790,customer02790@example.test,Canada,2021-08-28,Premium,2937.24
2791,Customer 02791,customer02791@example.test,India,2023-03-26,Standard,935.63
2792,Customer 02792,customer02792@example.test,Canada,2020-05-25,Basic,8094.38
2793,Customer 02793,customer02793@example.test,Germany,2022-08-01,Standard,2684.63
2794,Customer 02794,customer02794@example.test,United Kingdom,2024-04-11,Basic,9690.52
2795,Customer 02795,customer02795@example.test,Brazil,2020-10-14,Basic,5119.76
2796,Customer 02796,customer02796@example.test,India,2020-03-22,Standard,4204.15
2797,Customer 02797,customer02797@example.test,Canada,2022-04-17,Standard,3845.46
2798,Customer 02798,customer02798@example.test,India,2022-11-15,Standard,875.46
2799,Customer 02799,customer02799@example.test,Japan,2023-10-29,Basic,4719.55
2800,Customer 02800,customer02800@example.test,Australia,2021-06-22,Basic,6751.43
2801,Customer 02801,customer02801@example.test,France,2020-04-26,Basic,8611.27
2802,Customer 02802,customer02802@example.test,Australia,2023-02-22,Premium,8944.98
2803,Customer 02803,customer02803@example.test,Germany,2020-08-03,Standard,1658.90
2804,Customer 02804,customer02804@example.test,Japan,2023-03-13,Premium,2338.86
2805,Customer 02805,customer02805@example.test,United Kingdom,2022-03-06,Basic,980.45
2806,Customer 02806,customer02806@example.test,United Kingdom,2021-12-15,Standard,6736.93
2807,Customer 02807,customer02807@example.test,United Kingdom,2022-12-31,Premium,899.91
2808,Customer 02808,customer02808@example.test,Brazil,2021-01-04,Standard,8055.33
2809,Customer 02809,customer02809@example.test,France,2022-06-06,Standard,3446.88
2810,Customer 02810,customer02810@example.test,India,2020-05-12,Standard,6337.27
2811,Customer 02811,customer02811@example.test,France,2022-09-22,Basic,7772.93
2812,Customer 02812,customer02812@example.test,Brazil,2022-09-02,Standard,4766.60
2813,Customer 02813,customer02813@example.test,United States,2020-03-19,Premium,9946.09
2814,Customer 02814,customer02814@example.test,Canada,2022-08-20,Basic,2238.39
2815,Customer 02815,customer02815@example.test,Australia,2021-10-17,Basic,8118.13
2816,Customer 02816,customer02816@example.test,Australia,2022-02-17,Standard,8279.12
2817,Customer 02817,customer02817@example.test,United Kingdom,2022-05-30,Premium,567.04
2818,Customer 02818,customer02818@example.test,Australia,2021-03-09,Basic,4434.64
2819,Customer 02819,customer02819@example.test,Germany,2021-07-06,Basic,1846.60
2820,Customer 02820,customer02820@example.test,Canada,2020-06-20,Premium,2872.10
2821,Customer 02821,customer02821@example.test,Brazil,2022-04-09,Standard,9162.20
2822,Customer 02822,customer02822@example.test,United Kingdom,2023-12-29,Standard,5502.69
2823,Customer 02823,customer02823@example.test,Germany,2021-03-14,Premium,8708.93
2824,Customer 02824,customer02824@example.test,Brazil,2020-04-20,Standard,3586.33
2825,Customer 02825,customer02825@example.test,Germany,2024-03-22,Premium,2082.52
2826,Customer 02826,customer02826@example.test,Japan,2021-12-16,Standard,4985.97
2827,Customer 02827,customer02827@example.test,Canada,2023-01-01,Basic,4580.01
2828,Customer 02828,customer02828@example.test,Japan,2021-12-27,Premium,5881.55
2829,Customer 02829,customer02829@example.test,France,2024-05-22,Premium,7578.30
2830,Customer 02830,customer02830@example.test,Canada,2023-09-29,Standard,6963.20
2831,Customer 02831,customer02831@example.test,India,2024-08-13,Premium,1578.17
2832,Customer 02832,customer02832@example.test,Canada,2022-07-28,Standard,9062.85
2833,Customer 02833,customer02833@example.test,Brazil,2021-10-10,Basic,4261.27
2834,Customer 02834,customer02834@example.test,United States,2021-06-22,Basic,38.55
2835,Customer 02835,customer02835@example.test,Canada,2022-07-11,Basic,4711.55
2836,Customer 02836,customer02836@example.test,Brazil,2023-08-01,Premium,2292.42
2837,Customer 02837,customer02837@example.test,France,2024-03-07,Standard,7302.76
2838,Customer 02838,customer02838@example.test,Canada,2023-01-23,Basic,3958.96
2839,Customer 02839,customer02839@example.test,India,2021-03-18,Premium,9986.39
2840,Customer 02840,customer02840@example.test,Australia,2021-01-26,Standard,8533.09
2841,Customer 02841,customer02841@example.test,Australia,2022-01-15,Standard,9402.10
2842,Customer 02842,customer02842@example.test,United States,2021-09-20,Premium,7332.87
2843,Customer 02843,customer02843@example.test,United Kingdom,2022-10-19,Standard,4303.21
2844,Customer 02844,customer02844@example.test,India,2021-12-21,Basic,4465.35
2845,Customer 02845,customer02845@example.test,India,2022-12-07,Premium,9713.47
2846,Customer 02846,customer02846@example.test,United Kingdom,2020-12-26,Standard,3912.46
2847,Customer 02847,customer02847@example.test,United States,2020-12-28,Basic,1705.58
2848,Customer 02848,customer02848@example.test,Japan,2023-01-16,Standard,2988.73
2849,Customer 02849,customer02849@example.test,Japan,2024-09-26,Basic,2970.07
2850,Customer 02850,customer02850@example.test,Brazil,2023-12-08,Premium,8450.89
2851,Customer 02851,customer02851@example.test,Brazil,2024-09-10,Premium,6811.80
2852,Customer 02852,customer02852@example.test,Japan,2020-02-03,Premium,5205.18
2853,Customer 02853,customer02853@example.test,United States,2024-03-15,Premium,6642.99
2854,Customer 02854,customer02854@example.test,United States,2022-06-28,Basic,8450.16
2855,Customer 02855,customer02855@example.test,Germany,2020-03-07,Standard,2221.62
2856,Customer 02856,customer02856@example.test,United Kingdom,2021-04-01,Basic,3995.91
2857,Customer 02857,customer02857@example.test,France,2020-08-22,Standard,9967.25
2858,Customer 02858,customer02858@example.test,India,2020-09-11,Standard,4329.93
2859,Customer 02859,customer02859@example.test,Japan,2024-08-07,Premium,9852.59
2860,Customer 02860,customer02860@example.test,France,2022-02-06,Basic,2973.80
2861,Customer 02861,customer02861@example.test,Germany,2021-07-02,Standard,8792.14
2862,Customer 02862,customer02862@example.test,Japan,2024-06-16,Basic,2532.88
2863,Customer 02863,customer02863@example.test,Japan,2020-01-09,Premium,162.84
2864,Customer 02864,customer02864@example.test,Canada,2020-02-23,Standard,8816.10
2865,Customer 02865,customer02865@example.test,United States,2024-07-30,Basic,6290.88
2866,Customer 02866,customer02866@example.test,India,2021-10-12,Premium,5999.82
2867,Customer 02867,customer02867@example.test,France,2022-05-30,Basic,4103.73
2868,Customer 02868,customer02868@example.test,Japan,2021-01-29,Premium,8402.57
2869,Customer 02869,customer02869@example.test,Japan,2023-03-29,Premium,9850.23
2870,Customer 02870,customer02870@example.test,Japan,2023-07-27,Basic,1821.55
2871,Customer 02871,customer02871@example.test,India,2022-04-05,Basic,1661.40
2872,Customer 02872,customer02872@example.test,France,2022-06-14,Premium,7445.15
2873,Customer 02873,customer02873@example.test,Canada,2024-06-28,Basic,1241.22
2874,Customer 02874,customer02874@example.test,Japan,2023-07-17,Basic,9611.93
2875,Customer 02875,customer02875@example.test,United States,2021-06-16,Premium,9947.84
2876,Customer 02876,customer02876@example.test,France,2021-10-22,Premium,977.95
2877,Customer 02877,customer02877@example.test,Japan,2020-02-22,Premium,6594.43
2878,Customer 02878,customer02878@example.test,Canada,2024-04-26,Premium,6481.24
2879,Customer 02879,customer02879@example.test,United States,2023-12-20,Premium,5995.69
2880,Customer 02880,customer02880@example.test,Australia,2022-02-22,Basic,7698.32
2881,Customer 02881,customer02881@example.test,United Kingdom,2020-09-24,Basic,6621.77
2882,Customer 02882,customer02882@example.test,India,2024-05-11,Premium,2513.66
2883,Customer 02883,customer02883@example.test,France,2023-08-29,Standard,2032.44
2884,Customer 02884,customer02884@example.test,France,2023-01-01,Basic,8179.19
2885,Customer 02885,customer02885@example.test,Japan,2024-07-10,Standard,6912.81
2886,Customer 02886,customer02886@example.test,Germany,2020-04-15,Premium,9803.93
2887,Customer 02887,customer02887@example.test,Australia,2020-10-21,Basic,6074.97
2888,Customer 02888,customer02888@example.test,Brazil,2024-11-10,Premium,4814.30
2889,Customer 02889,customer02889@example.test,Brazil,2023-05-05,Premium,1487.25
2890,Customer 02890,customer02890@example.test,Germany,2021-08-01,Premium,972.83
2891,Customer 02891,customer02891@example.test,United Kingdom,2020-06-07,Standard,9570.55
2892,Customer 02892,customer02892@example.test,France,2024-09-12,Standard,1055.61
2893,Customer 02893,customer02893@example.test,Australia,2022-10-02,Standard,771.49
2894,Customer 02894,customer02894@example.test,Brazil,2022-09-23,Premium,7207.24
2895,Customer 02895,customer02895@example.test,Japan,2022-05-09,Standard,6643.27
2896,Customer 02896,customer02896@example.test,Canada,2022-07-12,Premium,3132.67
2897,Customer 02897,customer02897@example.test,Canada,2020-01-21,Basic,5948.50
2898,Customer 02898,customer02898@example.test,Australia,2023-07-16,Premium,3594.62
2899,Customer 02899,customer02899@example.test,United Kingdom,2021-12-11,Basic,6291.38
2900,Customer 02900,customer02900@example.test,Australia,2023-01-24,Premium,5470.93
2901,Customer 02901,customer02901@example.test,Germany,2024-02-27,Premium,2022.12
2902,Customer 02902,customer02902@example.test,Australia,2023-05-26,Basic,241.57
2903,Customer 02903,customer02903@example.test,United States,2022-11-26,Premium,2268.13
2904,Customer 02904,customer02904@example.test,India,2024-11-10,Premium,9422.21
2905,Customer 02905,customer02905@example.test,Australia,2021-03-20,Standard,1452.95
2906,Customer 02906,customer02906@example.test,Brazil,2021-03-26,Basic,7251.96
2907,Customer 02907,customer02907@example.test,Germany,2020-09-16,Standard,5049.67
2908,Customer 02908,customer02908@example.test,Brazil,2021-02-12,Standard,7424.79
2909,Customer 02909,customer02909@example.test,Germany,2023-02-03,Standard,7813.93
2910,Customer 02910,customer02910@example.test,United Kingdom,2024-07-14,Standard,5375.59
2911,Customer 02911,customer02911@example.test,France,2022-03-30,Standard,1813.61
2912,Customer 02912,customer02912@example.test,Germany,2021-02-09,Standard,1078.92
2913,Customer 02913,customer02913@example.test,Germany,2023-04-10,Premium,8326.73
2914,Customer 02914,customer02914@example.test,United Kingdom,2021-02-25,Standard,9257.43
2915,Customer 02915,customer02915@example.test,Japan,2022-07-02,Basic,7833.69
2916,Customer 02916,customer02916@example.test,India,2021-07-10,Basic,1127.83
2917,Customer 02917,customer02917@example.test,Japan,2023-05-28,Standard,2094.22
2918,Customer 02918,customer02918@example.test,India,2023-03-07,Standard,9415.10
2919,Customer 02919,customer02919@example.test,Brazil,2023-07-19,Standard,1753.73
2920,Customer 02920,customer02920@example.test,Australia,2024-12-26,Basic,2653.56
2921,Customer 02921,customer02921@example.test,Japan,2023-04-16,Standard,6332.16
2922,Customer 02922,customer02922@example.test,United States,2024-08-20,Standard,4176.54
2923,Customer 02923,customer02923@example.test,Brazil,2020-03-02,Premium,8483.40
2924,Customer 02924,customer02924@example.test,Japan,2021-10-22,Premium,3751.22
2925,Customer 02925,customer02925@example.test,Brazil,2021-05-17,Premium,6888.66
2926,Customer 02926,customer02926@example.test,India,2022-01-31,Premium,8173.80
2927,Customer 02927,customer02927@example.test,Brazil,2021-10-05,Premium,3340.64
2928,Customer 02928,customer02928@example.test,Australia,2023-11-10,Basic,3448.44
2929,Customer 02929,customer02929@example.test,United Kingdom,2021-03-13,Basic,8338.68
2930,Customer 02930,customer02930@example.test,France,2021-10-20,Basic,694.52
2931,Customer 02931,customer02931@example.test,Germany,2022-02-28,Basic,2224.81
2932,Customer 02932,customer02932@example.test,France,2022-12-15,Premium,5882.07
2933,Customer 02933,customer02933@example.test,Brazil,2021-07-23,Basic,9360.26
2934,Customer 02934,customer02934@example.test,Japan,2023-08-16,Basic,7929.34
2935,Customer 02935,customer02935@example.test,India,2022-06-10,Standard,2077.75
2936,Customer 02936,customer02936@example.test,Australia,2021-02-07,Standard,5228.73
2937,Customer 02937,customer02937@example.test,Germany,2020-04-05,Standard,1250.52
2938,Customer 02938,customer02938@example.test,United Kingdom,2020-09-11,Premium,6306.45
2939,Customer 02939,customer02939@example.test,Japan,2021-10-31,Premium,6044.13
2940,Customer 02940,customer02940@example.test,Germany,2020-02-13,Premium,6749.33
2941,Customer 02941,customer02941@example.test,Australia,2024-05-23,Standard,2981.79
2942,Customer 02942,customer02942@example.test,Japan,2020-09-25,Premium,9393.45
2943,Customer 02943,customer02943@example.test,United States,2022-12-28,Premium,3537.78
2944,Customer 02944,customer02944@example.test,Australia,2023-08-13,Premium,4927.18
2945,Customer 02945,customer02945@example.test,Japan,2020-07-13,Basic,3156.19
2946,Customer 02946,customer02946@example.test,India,2021-07-16,Standard,4197.91
2947,Customer 02947,customer02947@example.test,United States,2020-06-12,Standard,5178.06
2948,Customer 02948,customer02948@example.test,Australia,2023-06-08,Standard,3129.41
2949,Customer 02949,customer02949@example.test,United Kingdom,2023-11-27,Standard,8898.97
2950,Customer 02950,customer02950@example.test,Brazil,2023-08-05,Standard,9832.53
2951,Customer 02951,customer02951@example.test,Brazil,2023-06-19,Premium,2348.96
2952,Customer 02952,customer02952@example.test,Australia,2020-04-07,Premium,1102.42
2953,Customer 02953,customer02953@example.test,Japan,2021-10-23,Premium,1784.58
2954,Customer 02954,customer02954@example.test,France,2020-06-29,Basic,9461.05
2955,Customer 02955,customer02955@example.test,India,2024-07-21,Basic,51.81
2956,Customer 02956,customer02956@example.test,Australia,2023-11-10,Standard,9262.27
2957,Customer 02957,customer02957@example.test,Australia,2024-05-26,Premium,503.35
2958,Customer 02958,customer02958@example.test,Brazil,2021-09-15,Standard,3453.26
2959,Customer 02959,customer02959@example.test,Japan,2023-11-09,Standard,7326.03
2960,Customer 02960,customer02960@example.test,Canada,2020-12-14,Basic,4830.72
2961,Customer 02961,customer02961@example.test,Canada,2020-09-02,Standard,9037.62
2962,Customer 02962,customer02962@example.test,Japan,2020-10-30,Basic,4684.82
2963,Customer 02963,customer02963@example.test,Brazil,2023-09-30,Basic,5532.17
2964,Customer 02964,customer02964@example.test,United Kingdom,2021-05-07,Basic,5139.11
2965,Customer 02965,customer02965@example.test,India,2021-07-28,Basic,5061.54
2966,Customer 02966,customer02966@example.test,Brazil,2021-04-07,Standard,8034.21
2967,Customer 02967,customer02967@example.test,Brazil,2021-08-29,Standard,5856.45
2968,Customer 02968,customer02968@example.test,France,2024-09-07,Basic,6785.69
2969,Customer 02969,customer02969@example.test,France,2024-02-14,Basic,818.06
2970,Customer 02970,customer02970@example.test,United Kingdom,2020-06-02,Premium,2227.96
2971,Customer 02971,customer02971@example.test,France,2020-01-27,Standard,8582.71
2972,Customer 02972,customer02972@example.test,France,2022-02-27,Standard,1096.12
2973,Customer 02973,customer02973@example.test,France,2021-11-28,Basic,7985.98
2974,Customer 02974,customer02974@example.test,United States,2022-12-16,Standard,7974.29
2975,Customer 02975,customer02975@example.test,United Kingdom,2021-09-30,Basic,1614.79
2976,Customer 02976,customer02976@example.test,United States,2024-10-02,Premium,9585.29
2977,Customer 02977,customer02977@example.test,France,2020-09-23,Standard,4043.05
2978,Customer 02978,customer02978@example.test,United States,2022-07-15,Premium,8179.11
2979,Customer 02979,customer02979@example.test,France,2022-03-30,Premium,2913.34
2980,Customer 02980,customer02980@example.test,Canada,2022-05-16,Basic,3220.66
2981,Customer 02981,customer02981@example.test,Brazil,2024-11-16,Premium,4833.45
2982,Customer 02982,customer02982@example.test,Brazil,2024-11-29,Basic,1155.52
2983,Customer 02983,customer02983@example.test,Australia,2021-05-07,Standard,1961.14
2984,Customer 02984,customer02984@example.test,Australia,2021-06-30,Standard,6940.37
2985,Customer 02985,customer02985@example.test,United Kingdom,2022-12-23,Standard,2784.79
2986,Customer 02986,customer02986@example.test,United States,2020-08-30,Premium,3716.43
2987,Customer 02987,customer02987@example.test,France,2022-06-02,Premium,4162.09
2988,Customer 02988,customer02988@example.test,Japan,2022-10-25,Basic,3499.51
2989,Customer 02989,customer02989@example.test,United Kingdom,2020-04-18,Standard,3877.43
2990,Customer 02990,customer02990@example.test,Australia,2020-07-19,Basic,4011.03
2991,Customer 02991,customer02991@example.test,Japan,2024-02-08,Premium,3082.87
2992,Customer 02992,customer02992@example.test,Japan,2021-01-22,Premium,6229.05
2993,Customer 02993,customer02993@example.test,United States,2021-07-19,Basic,5175.94
2994,Customer 02994,customer02994@example.test,Japan,2022-11-28,Premium,7142.48
2995,Customer 02995,customer02995@example.test,France,2020-04-12,Premium,2302.46
2996,Customer 02996,customer02996@example.test,Australia,2020-08-23,Premium,6031.72
2997,Customer 02997,customer02997@example.test,France,2021-06-29,Premium,5579.80
2998,Customer 02998,customer02998@example.test,Germany,2020-07-25,Premium,9254.73
2999,Customer 02999,customer02999@example.test,Japan,2023-06-24,Standard,4119.70
3000,Customer 03000,customer03000@example.test,France,2020-07-26,Basic,8640.98
3001,Customer 03001,customer03001@example.test,Germany,2024-12-06,Standard,2156.97
3002,Customer 03002,customer03002@example.test,France,2020-12-16,Standard,6678.37
3003,Customer 03003,customer03003@example.test,Germany,2021-08-12,Basic,32.57
3004,Customer 03004,customer03004@example.test,Canada,2020-07-12,Basic,9518.78
3005,Customer 03005,customer03005@example.test,United Kingdom,2023-12-05,Basic,3201.55
3006,Customer 03006,customer03006@example.test,France,2024-10-12,Premium,3304.19
3007,Customer 03007,customer03007@example.test,Brazil,2023-10-27,Premium,1964.44
3008,Customer 03008,customer03008@example.test,United Kingdom,2021-11-11,Premium,133.53
3009,Customer 03009,customer03009@example.test,United Kingdom,2023-09-26,Standard,3502.81
3010,Customer 03010,customer03010@example.test,Canada,2020-02-12,Standard,9240.65
3011,Customer 03011,customer03011@example.test,Canada,2020-06-06,Basic,7971.91
3012,Customer 03012,customer03012@example.test,Australia,2024-10-13,Basic,3692.49
3013,Customer 03013,customer03013@example.test,Australia,2022-08-28,Standard,9156.36
3014,Customer 03014,customer03014@example.test,United Kingdom,2021-05-21,Premium,473.71
3015,Customer 03015,customer03015@example.test,Australia,2024-08-04,Basic,7130.80
3016,Customer 03016,customer03016@example.test,France,2021-08-18,Basic,5275.87
3017,Customer 03017,customer03017@example.test,Canada,2020-12-08,Premium,1048.49
3018,Customer 03018,customer03018@example.test,India,2021-09-15,Standard,5144.96
3019,Customer 03019,customer03019@example.test,India,2024-02-13,Basic,2698.40
3020,Customer 03020,customer03020@example.test,United Kingdom,2023-09-20,Standard,3819.85
3021,Customer 03021,customer03021@example.test,Australia,2022-07-28,Standard,3157.61
3022,Customer 03022,customer03022@example.test,India,2023-12-25,Basic,8121.49
3023,Customer 03023,customer03023@example.test,United Kingdom,2023-09-21,Premium,2830.49
3024,Customer 03024,customer03024@example.test,United States,2023-11-05,Basic,6708.79
3025,Customer 03025,customer03025@example.test,Canada,2020-02-12,Standard,8978.59
3026,Customer 03026,customer03026@example.test,Canada,2021-03-27,Standard,5220.14
3027,Customer 03027,customer03027@example.test,France,2020-03-04,Basic,7770.07
3028,Customer 03028,customer03028@example.test,Japan,2023-11-26,Standard,2163.29
3029,Customer 03029,customer03029@example.test,Brazil,2024-03-04,Premium,9653.68
3030,Customer 03030,customer03030@example.test,Brazil,2022-02-12,Standard,9197.52
3031,Customer 03031,customer03031@example.test,United States,2023-07-07,Standard,9186.49
3032,Customer 03032,customer03032@example.test,Canada,2022-12-15,Standard,9545.47
3033,Customer 03033,customer03033@example.test,India,2023-10-22,Standard,4100.20
3034,Customer 03034,customer03034@example.test,Japan,2023-04-21,Standard,3243.48
3035,Customer 03035,customer03035@example.test,Australia,2021-01-25,Basic,5453.41
3036,Customer 03036,customer03036@example.test,India,2023-12-08,Basic,1289.34
3037,Customer 03037,customer03037@example.test,United Kingdom,2022-06-06,Basic,8310.23
3038,Customer 03038,customer03038@example.test,India,2024-06-10,Standard,1155.43
3039,Customer 03039,customer03039@example.test,United Kingdom,2020-01-18,Basic,1542.78
3040,Customer 03040,customer03040@example.test,Canada,2022-08-13,Basic,3038.58
3041,Customer 03041,customer03041@example.test,United States,2023-07-01,Basic,1705.05
3042,Customer 03042,customer03042@example.test,United Kingdom,2021-09-13,Standard,677.55
3043,Customer 03043,customer03043@example.test,Germany,2024-06-25,Premium,4759.04
3044,Customer 03044,customer03044@example.test,France,2020-03-24,Standard,8655.68
3045,Customer 03045,customer03045@example.test,Brazil,2023-04-29,Premium,5120.89
3046,Customer 03046,customer03046@example.test,Australia,2021-09-18,Standard,3693.66
3047,Customer 03047,customer03047@example.test,Australia,2023-09-14,Premium,2636.47
3048,Customer 03048,customer03048@example.test,India,2020-10-09,Standard,8234.08
3049,Customer 03049,customer03049@example.test,United States,2024-10-25,Basic,8062.34
3050,Customer 03050,customer03050@example.test,Canada,2023-02-22,Premium,7478.41
3051,Customer 03051,customer03051@example.test,Canada,2021-07-08,Basic,2062.83
3052,Customer 03052,customer03052@example.test,Brazil,2022-06-03,Standard,2294.89
3053,Customer 03053,customer03053@example.test,United Kingdom,2020-03-06,Standard,2608.10
3054,Customer 03054,customer03054@example.test,Japan,2024-07-20,Standard,4185.00
3055,Customer 03055,customer03055@example.test,Germany,2020-07-19,Standard,6260.40
3056,Customer 03056,customer03056@example.test,Canada,2021-09-28,Basic,4569.86
3057,Customer 03057,customer03057@example.test,India,2023-10-22,Basic,1459.36
3058,Customer 03058,customer03058@example.test,France,2023-10-31,Standard,1422.82
3059,Customer 03059,customer03059@example.test,United States,2022-05-02,Premium,3156.86
3060,Customer 03060,customer03060@example.test,Brazil,2021-09-16,Standard,5941.91
3061,Customer 03061,customer03061@example.test,United Kingdom,2023-07-10,Basic,1922.79
3062,Customer 03062,customer03062@example.test,Japan,2022-02-08,Premium,1453.42
3063,Customer 03063,customer03063@example.test,United Kingdom,2022-12-14,Basic,3284.77
3064,Customer 03064,customer03064@example.test,India,2022-10-28,Standard,3713.99
3065,Customer 03065,customer03065@example.test,United Kingdom,2022-05-25,Standard,4301.87
3066,Customer 03066,customer03066@example.test,Australia,2022-08-02,Basic,277.05
3067,Customer 03067,customer03067@example.test,Japan,2024-04-19,Premium,7925.72
3068,Customer 03068,customer03068@example.test,Germany,2020-10-14,Premium,6085.12
3069,Customer 03069,customer03069@example.test,India,2022-11-14,Premium,6510.50
3070,Customer 03070,customer03070@example.test,Germany,2023-01-17,Premium,7920.26
3071,Customer 03071,customer03071@example.test,Japan,2024-09-26,Premium,4225.15
3072,Customer 03072,customer03072@example.test,Australia,2023-10-04,Standard,8467.05
3073,Customer 03073,customer03073@example.test,United States,2024-04-11,Standard,8799.62
3074,Customer 03074,customer03074@example.test,Brazil,2020-04-21,Premium,2832.98
3075,Customer 03075,customer03075@example.test,Brazil,2024-08-26,Standard,6232.10
3076,Customer 03076,customer03076@example.test,Germany,2020-07-18,Basic,5048.55
3077,Customer 03077,customer03077@example.test,India,2023-11-15,Premium,1273.41
3078,Customer 03078,customer03078@example.test,United States,2024-02-25,Basic,7517.78
3079,Customer 03079,customer03079@example.test,France,2020-04-18,Basic,1511.54
3080,Customer 03080,customer03080@example.test,United Kingdom,2023-02-25,Premium,2344.02
3081,Customer 03081,customer03081@example.test,Canada,2023-10-15,Standard,6587.56
3082,Customer 03082,customer03082@example.test,Australia,2021-09-28,Standard,6539.59
3083,Customer 03083,customer03083@example.test,France,2023-11-09,Premium,704.03
3084,Customer 03084,customer03084@example.test,Canada,2020-01-01,Basic,9226.41
3085,Customer 03085,customer03085@example.test,United States,2020-09-04,Premium,2592.14
3086,Customer 03086,customer03086@example.test,Brazil,2021-02-22,Standard,258.54
3087,Customer 03087,customer03087@example.test,United States,2024-09-01,Standard,4096.93
3088,Customer 03088,customer03088@example.test,Brazil,2020-04-23,Standard,4242.09
3089,Customer 03089,customer03089@example.test,Canada,2022-09-17,Premium,8826.08
3090,Customer 03090,customer03090@example.test,United States,2024-10-02,Standard,8616.00
3091,Customer 03091,customer03091@example.test,United Kingdom,2023-06-08,Basic,6471.37
3092,Customer 03092,customer03092@example.test,Japan,2020-09-09,Premium,6671.01
3093,Customer 03093,customer03093@example.test,Canada,2020-02-14,Premium,8583.11
3094,Customer 03094,customer03094@example.test,France,2024-03-04,Premium,5363.62
3095,Customer 03095,customer03095@example.test,United States,2024-02-27,Premium,4992.88
3096,Customer 03096,customer03096@example.test,Germany,2022-09-10,Standard,6999.61
3097,Customer 03097,customer03097@example.test,United Kingdom,2020-07-23,Standard,7001.33
3098,Customer 03098,customer03098@example.test,Japan,2021-07-17,Standard,7315.41
3099,Customer 03099,customer03099@example.test,Brazil,2024-06-26,Standard,4371.47
3100,Customer 03100,customer03100@example.test,Japan,2024-07-24,Premium,293.29
3101,Customer 03101,customer03101@example.test,United Kingdom,2021-08-03,Premium,5916.16
3102,Customer 03102,customer03102@example.test,Australia,2022-03-08,Basic,3174.68
3103,Customer 03103,customer03103@example.test,United Kingdom,2020-03-10,Premium,9522.20
3104,Customer 03104,customer03104@example.test,Canada,2021-12-27,Standard,9252.88
3105,Customer 03105,customer03105@example.test,United Kingdom,2024-01-20,Standard,95.63
3106,Customer 03106,customer03106@example.test,India,2020-11-20,Basic,8974.12
3107,Customer 03107,customer03107@example.test,United States,2024-10-29,Premium,3657.79
3108,Customer 03108,customer03108@example.test,United States,2023-12-17,Standard,5379.66
3109,Customer 03109,customer03109@example.test,Canada,2020-05-08,Basic,1587.57
3110,Customer 03110,customer03110@example.test,India,2021-12-21,Standard,7499.23
3111,Customer 03111,customer03111@example.test,Canada,2024-10-24,Standard,8230.91
3112,Customer 03112,customer03112@example.test,Germany,2024-04-10,Standard,715.23
3113,Customer 03113,customer03113@example.test,United Kingdom,2024-09-14,Standard,4946.68
3114,Customer 03114,customer03114@example.test,Canada,2023-05-25,Basic,7429.16
3115,Customer 03115,customer03115@example.test,United States,2022-11-04,Standard,1357.08
3116,Customer 03116,customer03116@example.test,India,2023-11-30,Basic,6089.34
3117,Customer 03117,customer03117@example.test,Japan,2021-12-13,Premium,471.11
3118,Customer 03118,customer03118@example.test,Canada,2020-03-01,Premium,1012.29
3119,Customer 03119,customer03119@example.test,Brazil,2023-09-24,Standard,9796.15
3120,Customer 03120,customer03120@example.test,United Kingdom,2023-10-23,Standard,7968.22
3121,Customer 03121,customer03121@example.test,France,2021-04-19,Premium,9435.02
3122,Customer 03122,customer03122@example.test,Canada,2024-12-08,Basic,9358.25
3123,Customer 03123,customer03123@example.test,Japan,2022-02-25,Premium,649.34
3124,Customer 03124,customer03124@example.test,Germany,2023-06-07,Premium,392.35
3125,Customer 03125,customer03125@example.test,Brazil,2024-09-30,Standard,8004.32
3126,Customer 03126,customer03126@example.test,Australia,2022-02-05,Premium,3367.59
3127,Customer 03127,customer03127@example.test,United Kingdom,2020-08-08,Standard,1396.87
3128,Customer 03128,customer03128@example.test,United States,2023-07-29,Premium,2052.25
3129,Customer 03129,customer03129@example.test,United Kingdom,2021-06-01,Standard,7118.24
3130,Customer 03130,customer03130@example.test,France,2021-08-08,Premium,7782.04
3131,Customer 03131,customer03131@example.test,Japan,2020-11-27,Basic,8479.54
3132,Customer 03132,customer03132@example.test,France,2024-06-05,Premium,6103.84
3133,Customer 03133,customer03133@example.test,Brazil,2020-02-19,Premium,348.53
3134,Customer 03134,customer03134@example.test,Canada,2024-07-16,Premium,3770.27
3135,Customer 03135,customer03135@example.test,Japan,2024-05-04,Basic,5731.31
3136,Customer 03136,customer03136@example.test,Brazil,2024-11-05,Standard,1943.05
3137,Customer 03137,customer03137@example.test,United States,2023-10-29,Standard,1993.72
3138,Customer 03138,customer03138@example.test,France,2024-08-31,Basic,8677.76
3139,Customer 03139,customer03139@example.test,United States,2022-08-28,Standard,3738.01
3140,Customer 03140,customer03140@example.test,United States,2023-06-20,Premium,8405.34
3141,Customer 03141,customer03141@example.test,United Kingdom,2020-05-17,Standard,6558.53
3142,Customer 03142,customer03142@example.test,Brazil,2022-02-09,Basic,819.39
3143,Customer 03143,customer03143@example.test,United States,2020-09-17,Standard,1058.14
3144,Customer 03144,customer03144@example.test,United Kingdom,2020-08-29,Premium,539.79
3145,Customer 03145,customer03145@example.test,United States,2023-05-16,Standard,236.37
3146,Customer 03146,customer03146@example.test,Germany,2021-04-03,Standard,4093.91
3147,Customer 03147,customer03147@example.test,India,2023-12-11,Premium,9148.22
3148,Customer 03148,customer03148@example.test,Canada,2024-11-19,Standard,784.09
3149,Customer 03149,customer03149@example.test,France,2022-12-30,Basic,9770.72
3150,Customer 03150,customer03150@example.test,United States,2023-06-05,Standard,4186.12
3151,Customer 03151,customer03151@example.test,Australia,2023-06-20,Basic,7314.00
3152,Customer 03152,customer03152@example.test,Brazil,2024-12-31,Basic,4938.56
3153,Customer 03153,customer03153@example.test,Australia,2021-06-22,Premium,3544.66
3154,Customer 03154,customer03154@example.test,Germany,2022-05-13,Premium,3507.91
3155,Customer 03155,customer03155@example.test,Australia,2024-12-23,Premium,2141.54
3156,Customer 03156,customer03156@example.test,India,2023-01-25,Basic,9566.36
3157,Customer 03157,customer03157@example.test,Australia,2024-12-03,Premium,5175.30
3158,Customer 03158,customer03158@example.test,Australia,2020-05-29,Standard,742.00
3159,Customer 03159,customer03159@example.test,Brazil,2022-05-02,Basic,5020.28
3160,Customer 03160,customer03160@example.test,Germany,2020-09-22,Basic,437.68
3161,Customer 03161,customer03161@example.test,Australia,2020-08-01,Standard,5322.61
3162,Customer 03162,customer03162@example.test,India,2021-04-06,Standard,5007.92
3163,Customer 03163,customer03163@example.test,France,2021-09-13,Premium,9764.82
3164,Customer 03164,customer03164@example.test,Australia,2020-04-23,Premium,5601.34
3165,Customer 03165,customer03165@example.test,Japan,2023-05-30,Basic,7168.01
3166,Customer 03166,customer03166@example.test,Australia,2024-02-20,Basic,5055.95
3167,Customer 03167,customer03167@example.test,Japan,2020-04-16,Standard,7292.22
3168,Customer 03168,customer03168@example.test,Japan,2020-09-13,Basic,4475.67
3169,Customer 03169,customer03169@example.test,Canada,2023-01-30,Premium,4592.26
3170,Customer 03170,customer03170@example.test,India,2020-08-29,Standard,2030.52
3171,Customer 03171,customer03171@example.test,Japan,2021-12-03,Premium,2497.39
3172,Customer 03172,customer03172@example.test,Brazil,2021-04-20,Basic,105.37
3173,Customer 03173,customer03173@example.test,Japan,2021-04-10,Basic,7891.25
3174,Customer 03174,customer03174@example.test,United States,2024-12-24,Basic,480.03
3175,Customer 03175,customer03175@example.test,Australia,2024-06-30,Basic,2620.62
3176,Customer 03176,customer03176@example.test,Australia,2024-07-22,Premium,594.06
3177,Customer 03177,customer03177@example.test,United Kingdom,2020-09-16,Premium,2963.23
3178,Customer 03178,customer03178@example.test,India,2020-03-30,Standard,6316.78
3179,Customer 03179,customer03179@example.test,France,2023-09-03,Standard,1360.17
3180,Customer 03180,customer03180@example.test,Japan,2023-05-26,Standard,6895.25
3181,Customer 03181,customer03181@example.test,Brazil,2020-09-07,Premium,2623.52
3182,Customer 03182,customer03182@example.test,France,2023-01-18,Standard,7395.13
3183,Customer 03183,customer03183@example.test,India,2024-02-14,Premium,4650.87
3184,Customer 03184,customer03184@example.test,Germany,2023-12-31,Standard,8181.07
3185,Customer 03185,customer03185@example.test,Germany,2023-02-03,Basic,2560.68
3186,Customer 03186,customer03186@example.test,Germany,2022-12-14,Standard,7316.66
3187,Customer 03187,customer03187@example.test,United States,2023-01-13,Premium,566.20
3188,Customer 03188,customer03188@example.test,Japan,2021-12-10,Basic,9967.38
3189,Customer 03189,customer03189@example.test,United Kingdom,2023-06-27,Standard,822.56
3190,Customer 03190,customer03190@example.test,Canada,2021-02-20,Basic,2417.34
3191,Customer 03191,customer03191@example.test,United States,2021-09-16,Premium,1287.10
3192,Customer 03192,customer03192@example.test,Canada,2022-02-01,Premium,2465.25
3193,Customer 03193,customer03193@example.test,United Kingdom,2023-12-01,Basic,8013.13
3194,Customer 03194,customer03194@example.test,Brazil,2022-07-18,Premium,5231.42
3195,Customer 03195,customer03195@example.test,Australia,2024-09-08,Standard,2914.69
3196,Customer 03196,customer03196@example.test,Japan,2023-04-19,Standard,8673.59
3197,Customer 03197,customer03197@example.test,Australia,2020-06-22,Standard,8960.86
3198,Customer 03198,customer03198@example.test,Japan,2023-06-02,Standard,197.64
3199,Customer 03199,customer03199@example.test,Japan,2024-11-01,Standard,4655.88
3200,Customer 03200,customer03200@example.test,France,2020-03-31,Premium,3977.53
3201,Customer 03201,customer03201@example.test,Japan,2021-01-12,Basic,547.98
3202,Customer 03202,customer03202@example.test,Germany,2023-09-14,Premium,5678.55
3203,Customer 03203,customer03203@example.test,India,2024-04-11,Premium,9542.60
3204,Customer 03204,customer03204@example.test,India,2023-05-31,Standard,8496.02
3205,Customer 03205,customer03205@example.test,France,2024-03-22,Premium,3575.06
3206,Customer 03206,customer03206@example.test,Japan,2024-01-26,Standard,8206.28
3207,Customer 03207,customer03207@example.test,Australia,2024-02-02,Premium,5801.70
3208,Customer 03208,customer03208@example.test,Germany,2022-03-05,Basic,4860.17
3209,Customer 03209,customer03209@example.test,United States,2022-05-18,Standard,1704.44
3210,Customer 03210,customer03210@example.test,United Kingdom,2022-02-19,Basic,9695.77
3211,Customer 03211,customer03211@example.test,Canada,2021-05-02,Premium,2943.35
3212,Customer 03212,customer03212@example.test,Germany,2024-06-25,Premium,2620.73
3213,Customer 03213,customer03213@example.test,United States,2024-04-28,Standard,3539.28
3214,Customer 03214,customer03214@example.test,Japan,2023-03-15,Premium,6454.48
3215,Customer 03215,customer03215@example.test,India,2021-07-15,Standard,6912.52
3216,Customer 03216,customer03216@example.test,Australia,2021-05-28,Premium,3218.02
3217,Customer 03217,customer03217@example.test,India,2023-03-10,Standard,8887.65
3218,Customer 03218,customer03218@example.test,United Kingdom,2021-01-01,Standard,181.05
3219,Customer 03219,customer03219@example.test,Australia,2022-06-19,Standard,388.01
3220,Customer 03220,customer03220@example.test,United Kingdom,2022-01-04,Basic,8853.39
3221,Customer 03221,customer03221@example.test,France,2023-02-13,Standard,614.30
3222,Customer 03222,customer03222@example.test,Brazil,2023-04-01,Standard,9406.19
3223,Customer 03223,customer03223@example.test,United States,2023-06-03,Standard,9996.00
3224,Customer 03224,customer03224@example.test,United Kingdom,2020-05-11,Premium,2705.39
3225,Customer 03225,customer03225@example.test,Germany,2024-04-17,Standard,9112.70
3226,Customer 03226,customer03226@example.test,Canada,2022-10-10,Premium,6609.57
3227,Customer 03227,customer03227@example.test,Canada,2020-12-23,Basic,6878.42
3228,Customer 03228,customer03228@example.test,France,2020-04-11,Premium,6863.98
3229,Customer 03229,customer03229@example.test,Canada,2020-03-19,Basic,5313.33
3230,Customer 03230,customer03230@example.test,United Kingdom,2024-10-28,Basic,3327.49
3231,Customer 03231,customer03231@example.test,United States,2020-03-26,Basic,2390.25
3232,Customer 03232,customer03232@example.test,Germany,2020-05-04,Standard,169.01
3233,Customer 03233,customer03233@example.test,India,2023-10-21,Basic,7532.12
3234,Customer 03234,customer03234@example.test,France,2020-04-01,Standard,1144.66
3235,Customer 03235,customer03235@example.test,United States,2020-06-07,Standard,1186.80
3236,Customer 03236,customer03236@example.test,Brazil,2022-11-12,Premium,2139.53
3237,Customer 03237,customer03237@example.test,India,2021-10-29,Basic,4361.75
3238,Customer 03238,customer03238@example.test,Japan,2020-05-26,Standard,1500.29
3239,Customer 03239,customer03239@example.test,India,2020-02-20,Basic,8264.50
3240,Customer 03240,customer03240@example.test,India,2022-01-07,Standard,9409.83
3241,Customer 03241,customer03241@example.test,India,2023-08-28,Standard,9882.61
3242,Customer 03242,customer03242@example.test,Australia,2021-08-25,Premium,3861.92
3243,Customer 03243,customer03243@example.test,Germany,2020-04-01,Premium,9561.67
3244,Customer 03244,customer03244@example.test,Australia,2023-04-25,Premium,6386.22
3245,Customer 03245,customer03245@example.test,India,2021-03-09,Basic,7505.37
3246,Customer 03246,customer03246@example.test,United States,2024-05-18,Basic,7474.67
3247,Customer 03247,customer03247@example.test,France,2021-12-05,Standard,8710.80
3248,Customer 03248,customer03248@example.test,Australia,2023-04-08,Basic,7615.38
3249,Customer 03249,customer03249@example.test,Japan,2020-11-03,Basic,822.55
3250,Customer 03250,customer03250@example.test,France,2020-06-07,Basic,5279.53
3251,Customer 03251,customer03251@example.test,United States,2023-03-22,Basic,4383.88
3252,Customer 03252,customer03252@example.test,Brazil,2023-01-08,Basic,8369.79
3253,Customer 03253,customer03253@example.test,United Kingdom,2020-04-15,Basic,5499.23
3254,Customer 03254,customer03254@example.test,United Kingdom,2022-12-01,Standard,2822.58
3255,Customer 03255,customer03255@example.test,Germany,2021-02-03,Premium,3446.50
3256,Customer 03256,customer03256@example.test,India,2021-05-12,Premium,4779.63
3257,Customer 03257,customer03257@example.test,Brazil,2021-10-06,Basic,2527.55
3258,Customer 03258,customer03258@example.test,Japan,2022-06-30,Standard,835.61
3259,Customer 03259,customer03259@example.test,United States,2021-12-21,Basic,801.57
3260,Customer 03260,customer03260@example.test,United Kingdom,2022-01-11,Basic,2415.39
3261,Customer 03261,customer03261@example.test,Japan,2022-07-08,Premium,5969.98
3262,Customer 03262,customer03262@example.test,Canada,2024-08-22,Basic,2568.42
3263,Customer 03263,customer03263@example.test,Japan,2024-05-09,Basic,6131.60
3264,Customer 03264,customer03264@example.test,Canada,2023-09-25,Basic,2729.22
3265,Customer 03265,customer03265@example.test,Germany,2024-06-17,Standard,3290.89
3266,Customer 03266,customer03266@example.test,Brazil,2020-08-29,Standard,4414.74
3267,Customer 03267,customer03267@example.test,Canada,2022-10-31,Basic,5182.06
3268,Customer 03268,customer03268@example.test,France,2023-07-19,Premium,9189.77
3269,Customer 03269,customer03269@example.test,Australia,2022-07-18,Premium,1266.56
3270,Customer 03270,customer03270@example.test,Germany,2022-05-07,Basic,7459.37
3271,Customer 03271,customer03271@example.test,Brazil,2022-08-20,Premium,9116.93
3272,Customer 03272,customer03272@example.test,Japan,2020-03-10,Premium,7235.66
3273,Customer 03273,customer03273@example.test,Brazil,2020-12-07,Premium,5399.08
3274,Customer 03274,customer03274@example.test,United States,2024-11-10,Standard,9481.85
3275,Customer 03275,customer03275@example.test,India,2022-05-14,Premium,4218.60
3276,Customer 03276,customer03276@example.test,United States,2023-11-28,Premium,7465.68
3277,Customer 03277,customer03277@example.test,Brazil,2021-08-23,Standard,9410.19
3278,Customer 03278,customer03278@example.test,India,2024-08-16,Basic,6383.28
3279,Customer 03279,customer03279@example.test,Brazil,2023-06-16,Basic,474.35
3280,Customer 03280,customer03280@example.test,India,2020-05-31,Standard,9549.11
3281,Customer 03281,customer03281@example.test,United Kingdom,2022-04-17,Basic,8753.56
3282,Customer 03282,customer03282@example.test,Germany,2022-06-11,Standard,7341.22
3283,Customer 03283,customer03283@example.test,Canada,2020-10-02,Basic,8031.62
3284,Customer 03284,customer03284@example.test,United States,2023-04-22,Premium,1596.52
3285,Customer 03285,customer03285@example.test,India,2020-01-16,Basic,6809.50
3286,Customer 03286,customer03286@example.test,Japan,2022-07-17,Standard,4598.91
3287,Customer 03287,customer03287@example.test,United States,2020-12-27,Basic,6166.47
3288,Customer 03288,customer03288@example.test,Brazil,2021-07-26,Premium,3117.92
3289,Customer 03289,customer03289@example.test,India,2022-10-07,Premium,5915.34
3290,Customer 03290,customer03290@example.test,United States,2022-11-26,Basic,5329.15
3291,Customer 03291,customer03291@example.test,Japan,2024-09-24,Standard,3384.80
3292,Customer 03292,customer03292@example.test,India,2022-02-25,Premium,9998.31
3293,Customer 03293,customer03293@example.test,Australia,2020-10-20,Basic,9252.46
3294,Customer 03294,customer03294@example.test,France,2024-02-06,Standard,5443.52
3295,Customer 03295,customer03295@example.test,India,2021-07-23,Premium,3642.18
3296,Customer 03296,customer03296@example.test,Canada,2021-08-06,Premium,3018.25
3297,Customer 03297,customer03297@example.test,United Kingdom,2021-07-14,Standard,2344.96
3298,Customer 03298,customer03298@example.test,Canada,2024-12-18,Standard,9848.27
3299,Customer 03299,customer03299@example.test,Brazil,2021-06-15,Premium,6988.06
3300,Customer 03300,customer03300@example.test,Canada,2021-07-24,Premium,2168.90
3301,Customer 03301,customer03301@example.test,United States,2023-02-04,Premium,286.78
3302,Customer 03302,customer03302@example.test,Australia,2023-05-10,Basic,5640.45
3303,Customer 03303,customer03303@example.test,France,2024-06-24,Premium,5120.88
3304,Customer 03304,customer03304@example.test,Australia,2024-08-31,Standard,2130.08
3305,Customer 03305,customer03305@example.test,Japan,2021-07-31,Basic,4664.32
3306,Customer 03306,customer03306@example.test,Canada,2022-12-02,Standard,3092.68
3307,Customer 03307,customer03307@example.test,Brazil,2020-08-12,Standard,9320.57
3308,Customer 03308,customer03308@example.test,United Kingdom,2022-06-04,Standard,910.83
3309,Customer 03309,customer03309@example.test,Canada,2024-11-05,Standard,7671.73
3310,Customer 03310,customer03310@example.test,Brazil,2023-10-01,Standard,8426.78
3311,Customer 03311,customer03311@example.test,France,2020-06-10,Basic,779.61
3312,Customer 03312,customer03312@example.test,Canada,2021-10-31,Basic,3516.26
3313,Customer 03313,customer03313@example.test,United Kingdom,2021-07-19,Basic,7712.50
3314,Customer 03314,customer03314@example.test,Brazil,2022-11-16,Basic,7213.54
3315,Customer 03315,customer03315@example.test,Australia,2021-10-06,Standard,1053.17
3316,Customer 03316,customer03316@example.test,United States,2023-12-15,Standard,1996.47
3317,Customer 03317,customer03317@example.test,United States,2024-09-19,Basic,8783.23
3318,Customer 03318,customer03318@example.test,Australia,2024-12-02,Basic,6577.56
3319,Customer 03319,customer03319@example.test,France,2020-01-17,Premium,6148.25
3320,Customer 03320,customer03320@example.test,France,2022-02-09,Basic,2051.83
3321,Customer 03321,customer03321@example.test,United Kingdom,2021-06-27,Premium,5080.42
3322,Customer 03322,customer03322@example.test,Canada,2024-07-24,Basic,5208.55
3323,Customer 03323,customer03323@example.test,Canada,2021-08-01,Premium,6656.07
3324,Customer 03324,customer03324@example.test,Brazil,2024-11-28,Basic,8987.94
3325,Customer 03325,customer03325@example.test,France,2024-01-21,Premium,4554.16
3326,Customer 03326,customer03326@example.test,United Kingdom,2020-05-17,Basic,6409.07
3327,Customer 03327,customer03327@example.test,Canada,2021-03-03,Premium,4384.71
3328,Customer 03328,customer03328@example.test,Germany,2023-11-09,Basic,3987.63
3329,Customer 03329,customer03329@example.test,France,2023-07-16,Basic,3656.42
3330,Customer 03330,customer03330@example.test,United States,2022-09-18,Basic,1888.11
3331,Customer 03331,customer03331@example.test,Germany,2024-12-02,Premium,9175.44
3332,Customer 03332,customer03332@example.test,United Kingdom,2021-08-21,Standard,8354.48
3333,Customer 03333,customer03333@example.test,Japan,2023-07-14,Basic,3744.75
3334,Customer 03334,customer03334@example.test,United Kingdom,2023-01-17,Standard,1012.22
3335,Customer 03335,customer03335@example.test,Brazil,2021-03-24,Standard,4399.76
3336,Customer 03336,customer03336@example.test,India,2022-07-04,Premium,6945.95
3337,Customer 03337,customer03337@example.test,Brazil,2022-05-20,Premium,4873.10
3338,Customer 03338,customer03338@example.test,Brazil,2021-10-15,Standard,7308.24
3339,Customer 03339,customer03339@example.test,Canada,2022-03-26,Standard,8809.30
3340,Customer 03340,customer03340@example.test,United Kingdom,2024-07-06,Basic,4320.16
3341,Customer 03341,customer03341@example.test,France,2023-11-08,Premium,3050.62
3342,Customer 03342,customer03342@example.test,United States,2021-07-02,Premium,9330.34
3343,Customer 03343,customer03343@example.test,Japan,2024-10-08,Premium,5895.69
3344,Customer 03344,customer03344@example.test,India,2024-04-29,Standard,7077.77
3345,Customer 03345,customer03345@example.test,Japan,2021-10-12,Standard,8483.30
3346,Customer 03346,customer03346@example.test,Japan,2022-06-24,Standard,2733.63
3347,Customer 03347,customer03347@example.test,Germany,2020-04-21,Standard,7635.59
3348,Customer 03348,customer03348@example.test,India,2021-03-24,Basic,8582.85
3349,Customer 03349,customer03349@example.test,Germany,2020-04-03,Standard,4297.18
3350,Customer 03350,customer03350@example.test,Canada,2021-03-29,Basic,2162.17
3351,Customer 03351,customer03351@example.test,Brazil,2024-05-15,Basic,6404.19
3352,Customer 03352,customer03352@example.test,Canada,2021-11-06,Basic,5659.87
3353,Customer 03353,customer03353@example.test,Australia,2020-02-10,Standard,946.36
3354,Customer 03354,customer03354@example.test,India,2024-05-17,Standard,8040.92
3355,Customer 03355,customer03355@example.test,United States,2024-04-17,Premium,6867.45
3356,Customer 03356,customer03356@example.test,United States,2020-04-10,Premium,3796.87
3357,Customer 03357,customer03357@example.test,France,2023-01-01,Premium,8788.62
3358,Customer 03358,customer03358@example.test,Japan,2023-01-02,Basic,2404.74
3359,Customer 03359,customer03359@example.test,Canada,2021-08-17,Standard,3476.05
3360,Customer 03360,customer03360@example.test,France,2022-04-26,Basic,7689.56
3361,Customer 03361,customer03361@example.test,Australia,2021-05-24,Premium,8865.52
3362,Customer 03362,customer03362@example.test,United States,2020-02-11,Premium,5258.60
3363,Customer 03363,customer03363@example.test,United Kingdom,2022-03-25,Premium,1645.69
3364,Customer 03364,customer03364@example.test,Germany,2021-08-02,Premium,2411.77
3365,Customer 03365,customer03365@example.test,France,2023-07-17,Premium,2856.93
3366,Customer 03366,customer03366@example.test,Brazil,2024-03-15,Standard,6871.06
3367,Customer 03367,customer03367@example.test,Canada,2022-03-31,Basic,9192.04
3368,Customer 03368,customer03368@example.test,Brazil,2021-07-06,Premium,774.79
3369,Customer 03369,customer03369@example.test,Japan,2022-10-30,Premium,154.57
3370,Customer 03370,customer03370@example.test,United States,2024-02-29,Basic,9636.14
3371,Customer 03371,customer03371@example.test,Brazil,2020-11-06,Basic,6167.67
3372,Customer 03372,customer03372@example.test,Japan,2024-06-11,Premium,8718.61
3373,Customer 03373,customer03373@example.test,Germany,2023-05-25,Standard,4458.04
3374,Customer 03374,customer03374@example.test,Australia,2022-11-15,Standard,2873.61
3375,Customer 03375,customer03375@example.test,France,2022-07-28,Premium,2771.07
3376,Customer 03376,customer03376@example.test,United Kingdom,2023-09-05,Standard,3053.85
3377,Customer 03377,customer03377@example.test,Brazil,2022-05-29,Premium,4260.68
3378,Customer 03378,customer03378@example.test,Germany,2023-02-22,Standard,2982.39
3379,Customer 03379,customer03379@example.test,United States,2023-12-10,Basic,2564.96
3380,Customer 03380,customer03380@example.test,Australia,2022-02-22,Standard,7628.99
3381,Customer 03381,customer03381@example.test,India,2022-03-17,Basic,7492.90
3382,Customer 03382,customer03382@example.test,United Kingdom,2020-08-09,Premium,6059.50
3383,Customer 03383,customer03383@example.test,Japan,2020-02-20,Premium,4688.02
3384,Customer 03384,customer03384@example.test,United Kingdom,2022-01-27,Basic,1142.40
3385,Customer 03385,customer03385@example.test,Germany,2023-08-09,Standard,1507.55
3386,Customer 03386,customer03386@example.test,Brazil,2024-07-16,Premium,5881.30
3387,Customer 03387,customer03387@example.test,France,2020-12-12,Standard,6222.34
3388,Customer 03388,customer03388@example.test,Brazil,2021-05-26,Premium,4227.80
3389,Customer 03389,customer03389@example.test,United Kingdom,2023-06-16,Basic,7581.54
3390,Customer 03390,customer03390@example.test,France,2024-09-15,Premium,8046.86
3391,Customer 03391,customer03391@example.test,Germany,2022-10-07,Standard,3265.84
3392,Customer 03392,customer03392@example.test,India,2024-02-25,Premium,382.83
3393,Customer 03393,customer03393@example.test,Japan,2021-10-20,Premium,2811.70
3394,Customer 03394,customer03394@example.test,France,2023-11-14,Basic,8332.98
3395,Customer 03395,customer03395@example.test,United States,2022-09-27,Standard,3282.21
3396,Customer 03396,customer03396@example.test,France,2023-08-28,Standard,4837.83
3397,Customer 03397,customer03397@example.test,United Kingdom,2023-12-22,Basic,5817.57
3398,Customer 03398,customer03398@example.test,Brazil,2024-10-24,Premium,4463.80
3399,Customer 03399,customer03399@example.test,Brazil,2023-12-03,Standard,1334.65
3400,Customer 03400,customer03400@example.test,Australia,2024-03-30,Premium,5451.95
3401,Customer 03401,customer03401@example.test,Brazil,2024-03-12,Premium,2069.54
3402,Customer 03402,customer03402@example.test,Brazil,2022-06-15,Premium,9285.17
3403,Customer 03403,customer03403@example.test,United Kingdom,2022-05-18,Premium,6565.81
3404,Customer 03404,customer03404@example.test,United States,2024-07-02,Standard,1466.59
3405,Customer 03405,customer03405@example.test,United States,2024-03-13,Standard,4188.07
3406,Customer 03406,customer03406@example.test,Germany,2020-01-19,Premium,4566.33
3407,Customer 03407,customer03407@example.test,Germany,2021-08-25,Basic,3380.46
3408,Customer 03408,customer03408@example.test,India,2023-06-13,Basic,6818.05
3409,Customer 03409,customer03409@example.test,Canada,2020-12-05,Standard,5486.68
3410,Customer 03410,customer03410@example.test,France,2023-11-03,Basic,9982.39
3411,Customer 03411,customer03411@example.test,India,2024-01-03,Basic,6338.82
3412,Customer 03412,customer03412@example.test,United Kingdom,2021-05-29,Standard,2208.48
3413,Customer 03413,customer03413@example.test,Canada,2021-11-07,Premium,5498.50
3414,Customer 03414,customer03414@example.test,United Kingdom,2024-01-04,Premium,3331.20
3415,Customer 03415,customer03415@example.test,Canada,2022-05-02,Premium,4933.48
3416,Customer 03416,customer03416@example.test,Australia,2020-05-17,Standard,7355.38
3417,Customer 03417,customer03417@example.test,France,2021-01-19,Basic,984.06
3418,Customer 03418,customer03418@example.test,United Kingdom,2023-01-06,Standard,993.15
3419,Customer 03419,customer03419@example.test,United Kingdom,2020-05-05,Basic,1640.52
3420,Customer 03420,customer03420@example.test,India,2020-05-16,Basic,5863.17
3421,Customer 03421,customer03421@example.test,France,2024-12-14,Standard,6593.67
3422,Customer 03422,customer03422@example.test,France,2020-01-29,Standard,2979.92
3423,Customer 03423,customer03423@example.test,Japan,2024-08-07,Basic,7647.50
3424,Customer 03424,customer03424@example.test,India,2021-09-18,Basic,8042.46
3425,Customer 03425,customer03425@example.test,Germany,2022-04-05,Basic,5672.97
3426,Customer 03426,customer03426@example.test,France,2023-08-06,Premium,6214.27
3427,Customer 03427,customer03427@example.test,Brazil,2020-11-08,Basic,2269.55
3428,Customer 03428,customer03428@example.test,Canada,2021-07-27,Standard,5910.40
3429,Customer 03429,customer03429@example.test,Canada,2020-07-28,Basic,6158.46
3430,Customer 03430,customer03430@example.test,Japan,2023-08-13,Standard,6036.18
3431,Customer 03431,customer03431@example.test,Germany,2024-04-30,Basic,9136.62
3432,Customer 03432,customer03432@example.test,United Kingdom,2023-06-15,Premium,1762.64
3433,Customer 03433,customer03433@example.test,France,2020-01-06,Premium,957.75
3434,Customer 03434,customer03434@example.test,Canada,2024-07-03,Premium,1728.24
3435,Customer 03435,customer03435@example.test,Australia,2022-08-31,Standard,815.66
3436,Customer 03436,customer03436@example.test,Canada,2020-04-16,Basic,8464.46
3437,Customer 03437,customer03437@example.test,Japan,2022-06-19,Basic,4946.01
3438,Customer 03438,customer03438@example.test,Germany,2021-10-31,Basic,7969.25
3439,Customer 03439,customer03439@example.test,France,2020-08-28,Basic,4123.49
3440,Customer 03440,customer03440@example.test,Japan,2022-02-11,Basic,4975.26
3441,Customer 03441,customer03441@example.test,Germany,2021-12-28,Basic,3323.69
3442,Customer 03442,customer03442@example.test,Brazil,2022-12-22,Basic,8831.01
3443,Customer 03443,customer03443@example.test,Canada,2021-03-14,Basic,8740.98
3444,Customer 03444,customer03444@example.test,Canada,2021-07-22,Standard,5877.12
3445,Customer 03445,customer03445@example.test,United Kingdom,2022-06-23,Basic,8272.89
3446,Customer 03446,customer03446@example.test,Brazil,2021-05-28,Basic,9434.68
3447,Customer 03447,customer03447@example.test,India,2022-06-10,Premium,265.24
3448,Customer 03448,customer03448@example.test,India,2024-11-08,Standard,8081.84
3449,Customer 03449,customer03449@example.test,India,2023-10-04,Basic,4446.77
3450,Customer 03450,customer03450@example.test,United States,2021-03-13,Premium,4010.35
3451,Customer 03451,customer03451@example.test,Canada,2022-02-05,Basic,111.90
3452,Customer 03452,customer03452@example.test,United Kingdom,2021-02-05,Standard,5515.53
3453,Customer 03453,customer03453@example.test,Australia,2021-02-03,Basic,3254.68
3454,Customer 03454,customer03454@example.test,Brazil,2021-11-03,Standard,9602.93
3455,Customer 03455,customer03455@example.test,United States,2021-06-03,Premium,6362.49
3456,Customer 03456,customer03456@example.test,Australia,2021-07-13,Basic,2883.07
3457,Customer 03457,customer03457@example.test,United Kingdom,2023-08-07,Standard,460.50
3458,Customer 03458,customer03458@example.test,Germany,2023-11-25,Standard,6556.43
3459,Customer 03459,customer03459@example.test,Australia,2020-04-27,Basic,9726.32
3460,Customer 03460,customer03460@example.test,United Kingdom,2022-08-22,Standard,1822.12
3461,Customer 03461,customer03461@example.test,United States,2022-08-27,Premium,400.48
3462,Customer 03462,customer03462@example.test,Australia,2022-01-26,Basic,9377.04
3463,Customer 03463,customer03463@example.test,Canada,2023-12-31,Basic,7719.57
3464,Customer 03464,customer03464@example.test,Canada,2020-12-28,Premium,4399.53
3465,Customer 03465,customer03465@example.test,Brazil,2024-09-04,Premium,4649.15
3466,Customer 03466,customer03466@example.test,Australia,2023-07-29,Standard,1022.10
3467,Customer 03467,customer03467@example.test,United States,2024-10-22,Standard,8939.90
3468,Customer 03468,customer03468@example.test,Australia,2021-02-01,Standard,8779.44
3469,Customer 03469,customer03469@example.test,India,2023-10-08,Basic,1774.33
3470,Customer 03470,customer03470@example.test,India,2023-04-16,Basic,148.59
3471,Customer 03471,customer03471@example.test,Japan,2023-09-22,Standard,8784.09
3472,Customer 03472,customer03472@example.test,Australia,2023-09-29,Premium,2023.12
3473,Customer 03473,customer03473@example.test,United States,2024-08-16,Premium,7643.66
3474,Customer 03474,customer03474@example.test,Brazil,2021-06-30,Premium,4649.37
3475,Customer 03475,customer03475@example.test,Germany,2020-04-01,Basic,2083.34
3476,Customer 03476,customer03476@example.test,United States,2023-11-11,Standard,1813.70
3477,Customer 03477,customer03477@example.test,Australia,2023-07-25,Standard,2870.61
3478,Customer 03478,customer03478@example.test,India,2023-02-22,Premium,3580.38
3479,Customer 03479,customer03479@example.test,Brazil,2022-08-12,Basic,9754.61
3480,Customer 03480,customer03480@example.test,Brazil,2022-08-06,Premium,9626.04
3481,Customer 03481,customer03481@example.test,Canada,2020-07-04,Basic,906.15
3482,Customer 03482,customer03482@example.test,India,2021-01-15,Basic,6570.63
3483,Customer 03483,customer03483@example.test,Canada,2020-02-11,Premium,2280.92
3484,Customer 03484,customer03484@example.test,India,2023-07-30,Standard,852.22
3485,Customer 03485,customer03485@example.test,France,2024-12-01,Standard,8779.81
3486,Customer 03486,customer03486@example.test,France,2023-10-26,Basic,7925.47
3487,Customer 03487,customer03487@example.test,Canada,2024-02-20,Standard,559.26
3488,Customer 03488,customer03488@example.test,Germany,2022-02-15,Premium,2925.14
3489,Customer 03489,customer03489@example.test,India,2020-10-14,Standard,2369.36
3490,Customer 03490,customer03490@example.test,France,2024-09-06,Standard,9264.88
3491,Customer 03491,customer03491@example.test,Canada,2021-02-12,Standard,2719.52
3492,Customer 03492,customer03492@example.test,United Kingdom,2023-11-29,Standard,969.01
3493,Customer 03493,customer03493@example.test,India,2022-09-30,Basic,3812.76
3494,Customer 03494,customer03494@example.test,United States,2021-12-15,Standard,8697.93
3495,Customer 03495,customer03495@example.test,Canada,2023-07-16,Premium,9957.96
3496,Customer 03496,customer03496@example.test,Japan,2024-09-05,Premium,5640.80
3497,Customer 03497,customer03497@example.test,France,2023-03-10,Basic,4549.28
3498,Customer 03498,customer03498@example.test,Germany,2021-12-11,Premium,3588.02
3499,Customer 03499,customer03499@example.test,United States,2023-12-03,Basic,8701.68
3500,Customer 03500,customer03500@example.test,Germany,2024-03-01,Premium,5382.05
3501,Customer 03501,customer03501@example.test,France,2024-05-02,Standard,2288.56
3502,Customer 03502,customer03502@example.test,Germany,2022-08-15,Premium,9667.02
3503,Customer 03503,customer03503@example.test,United States,2020-08-24,Basic,6617.70
3504,Customer 03504,customer03504@example.test,United Kingdom,2021-01-16,Premium,4899.43
3505,Customer 03505,customer03505@example.test,India,2023-04-16,Standard,5911.55
3506,Customer 03506,customer03506@example.test,Australia,2022-02-12,Standard,7353.54
3507,Customer 03507,customer03507@example.test,India,2020-08-02,Premium,1664.61
3508,Customer 03508,customer03508@example.test,United Kingdom,2022-05-13,Standard,3530.26
3509,Customer 03509,customer03509@example.test,Brazil,2023-08-19,Premium,9575.05
3510,Customer 03510,customer03510@example.test,Germany,2022-01-03,Premium,4895.18
3511,Customer 03511,customer03511@example.test,Canada,2023-01-24,Premium,4603.33
3512,Customer 03512,customer03512@example.test,United Kingdom,2024-07-15,Basic,6039.43
3513,Customer 03513,customer03513@example.test,Japan,2023-11-23,Basic,4187.31
3514,Customer 03514,customer03514@example.test,France,2022-08-27,Standard,7585.10
3515,Customer 03515,customer03515@example.test,India,2022-02-03,Standard,7115.17
3516,Customer 03516,customer03516@example.test,Germany,2022-04-01,Premium,9741.16
3517,Customer 03517,customer03517@example.test,France,2024-12-01,Basic,1130.94
3518,Customer 03518,customer03518@example.test,Japan,2022-05-12,Standard,6055.40
3519,Customer 03519,customer03519@example.test,Australia,2022-03-31,Premium,5370.85
3520,Customer 03520,customer03520@example.test,Germany,2020-12-06,Basic,7315.19
3521,Customer 03521,customer03521@example.test,France,2022-12-09,Basic,7883.71
3522,Customer 03522,customer03522@example.test,Canada,2020-10-12,Basic,3493.30
3523,Customer 03523,customer03523@example.test,Australia,2024-06-02,Premium,3242.96
3524,Customer 03524,customer03524@example.test,Canada,2024-06-11,Standard,4809.95
3525,Customer 03525,customer03525@example.test,Canada,2022-03-21,Standard,8.84
3526,Customer 03526,customer03526@example.test,Canada,2023-09-10,Premium,9258.45
3527,Customer 03527,customer03527@example.test,Germany,2020-12-18,Standard,842.79
3528,Customer 03528,customer03528@example.test,France,2021-01-13,Premium,4577.54
3529,Customer 03529,customer03529@example.test,France,2020-07-03,Premium,7179.74
3530,Customer 03530,customer03530@example.test,India,2023-02-11,Premium,5005.31
3531,Customer 03531,customer03531@example.test,India,2020-11-22,Premium,4936.70
3532,Customer 03532,customer03532@example.test,Japan,2023-01-31,Basic,2228.13
3533,Customer 03533,customer03533@example.test,Japan,2022-08-25,Standard,7405.29
3534,Customer 03534,customer03534@example.test,Brazil,2021-05-12,Standard,1347.44
3535,Customer 03535,customer03535@example.test,Canada,2021-10-13,Standard,8108.22
3536,Customer 03536,customer03536@example.test,Germany,2021-10-31,Basic,7658.50
3537,Customer 03537,customer03537@example.test,Japan,2024-11-22,Basic,4129.82
3538,Customer 03538,customer03538@example.test,Brazil,2022-12-29,Standard,5120.29
3539,Customer 03539,customer03539@example.test,Australia,2023-10-03,Premium,9286.06
3540,Customer 03540,customer03540@example.test,Canada,2023-05-31,Premium,3870.63
3541,Customer 03541,customer03541@example.test,India,2022-01-11,Basic,8632.27
3542,Customer 03542,customer03542@example.test,Japan,2020-01-04,Premium,6769.36
3543,Customer 03543,customer03543@example.test,Canada,2021-04-16,Standard,1971.01
3544,Customer 03544,customer03544@example.test,France,2020-03-31,Standard,4565.50
3545,Customer 03545,customer03545@example.test,India,2020-07-09,Standard,6858.15
3546,Customer 03546,customer03546@example.test,Japan,2021-01-03,Premium,2988.06
3547,Customer 03547,customer03547@example.test,Japan,2021-09-29,Basic,8611.69
3548,Customer 03548,customer03548@example.test,Australia,2022-09-11,Standard,4422.23
3549,Customer 03549,customer03549@example.test,Canada,2021-01-02,Standard,7154.85
3550,Customer 03550,customer03550@example.test,Brazil,2022-11-25,Standard,8453.92
3551,Customer 03551,customer03551@example.test,India,2020-06-18,Basic,7682.60
3552,Customer 03552,customer03552@example.test,Japan,2020-07-26,Premium,1686.98
3553,Customer 03553,customer03553@example.test,Canada,2021-10-15,Basic,5315.97
3554,Customer 03554,customer03554@example.test,United Kingdom,2022-02-25,Premium,5097.54
3555,Customer 03555,customer03555@example.test,Japan,2023-09-01,Standard,8088.29
3556,Customer 03556,customer03556@example.test,Germany,2020-04-21,Standard,2712.13
3557,Customer 03557,customer03557@example.test,Brazil,2024-02-28,Basic,8463.31
3558,Customer 03558,customer03558@example.test,United Kingdom,2024-07-01,Basic,3909.35
3559,Customer 03559,customer03559@example.test,United Kingdom,2024-05-18,Basic,3513.39
3560,Customer 03560,customer03560@example.test,United States,2024-09-24,Standard,1170.96
3561,Customer 03561,customer03561@example.test,Canada,2024-05-27,Standard,5575.40
3562,Customer 03562,customer03562@example.test,Japan,2024-04-04,Basic,838.95
3563,Customer 03563,customer03563@example.test,Australia,2020-11-03,Standard,9942.61
3564,Customer 03564,customer03564@example.test,Germany,2023-12-20,Premium,5399.07
3565,Customer 03565,customer03565@example.test,United Kingdom,2024-07-22,Standard,509.01
3566,Customer 03566,customer03566@example.test,Germany,2022-08-09,Premium,1274.55
3567,Customer 03567,customer03567@example.test,United Kingdom,2024-11-12,Standard,3849.36
3568,Customer 03568,customer03568@example.test,India,2020-04-12,Standard,4463.81
3569,Customer 03569,customer03569@example.test,Germany,2021-11-22,Premium,5691.13
3570,Customer 03570,customer03570@example.test,Canada,2021-07-01,Standard,3742.21
3571,Customer 03571,customer03571@example.test,Australia,2022-05-04,Standard,3404.01
3572,Customer 03572,customer03572@example.test,Australia,2021-09-01,Basic,1171.08
3573,Customer 03573,customer03573@example.test,Australia,2022-01-01,Basic,7745.62
3574,Customer 03574,customer03574@example.test,France,2022-03-22,Premium,881.29
3575,Customer 03575,customer03575@example.test,Brazil,2022-12-31,Premium,7620.91
3576,Customer 03576,customer03576@example.test,United Kingdom,2020-10-23,Standard,9360.81
3577,Customer 03577,customer03577@example.test,India,2021-07-16,Standard,7224.60
3578,Customer 03578,customer03578@example.test,France,2023-06-18,Basic,8603.41
3579,Customer 03579,customer03579@example.test,United Kingdom,2022-12-08,Premium,802.53
3580,Customer 03580,customer03580@example.test,India,2021-10-30,Premium,1538.78
3581,Customer 03581,customer03581@example.test,Brazil,2023-06-01,Standard,5375.33
3582,Customer 03582,customer03582@example.test,Brazil,2024-01-25,Standard,9724.91
3583,Customer 03583,customer03583@example.test,Germany,2023-07-28,Standard,4202.05
3584,Customer 03584,customer03584@example.test,Canada,2020-02-15,Basic,2693.35
3585,Customer 03585,customer03585@example.test,Brazil,2024-01-17,Standard,1220.80
3586,Customer 03586,customer03586@example.test,France,2024-06-13,Basic,2736.52
3587,Customer 03587,customer03587@example.test,United States,2021-09-12,Basic,8957.39
3588,Customer 03588,customer03588@example.test,France,2024-06-13,Basic,8377.64
3589,Customer 03589,customer03589@example.test,India,2020-04-10,Basic,4958.90
3590,Customer 03590,customer03590@example.test,Japan,2021-03-16,Standard,7831.49
3591,Customer 03591,customer03591@example.test,Canada,2023-11-11,Standard,5259.27
3592,Customer 03592,customer03592@example.test,Australia,2023-10-07,Basic,4180.36
3593,Customer 03593,customer03593@example.test,Germany,2021-01-06,Standard,52.96
3594,Customer 03594,customer03594@example.test,France,2022-04-13,Premium,8200.39
3595,Customer 03595,customer03595@example.test,Canada,2022-04-28,Standard,2800.25
3596,Customer 03596,customer03596@example.test,India,2022-08-05,Premium,2320.74
3597,Customer 03597,customer03597@example.test,Australia,2021-04-05,Basic,3403.77
3598,Customer 03598,customer03598@example.test,Brazil,2021-03-28,Basic,3018.13
3599,Customer 03599,customer03599@example.test,United Kingdom,2024-01-31,Basic,4412.03
3600,Customer 03600,customer03600@example.test,India,2023-07-24,Basic,4079.37
3601,Customer 03601,customer03601@example.test,United States,2022-09-01,Premium,3596.09
3602,Customer 03602,customer03602@example.test,India,2021-11-28,Standard,8625.88
3603,Customer 03603,customer03603@example.test,Canada,2022-06-29,Standard,8958.57
3604,Customer 03604,customer03604@example.test,United Kingdom,2024-02-29,Premium,5580.94
3605,Customer 03605,customer03605@example.test,Canada,2023-11-29,Basic,4090.08
3606,Customer 03606,customer03606@example.test,Japan,2021-06-07,Premium,6927.92
3607,Customer 03607,customer03607@example.test,Brazil,2024-10-11,Basic,5101.72
3608,Customer 03608,customer03608@example.test,India,2023-02-23,Premium,2176.33
3609,Customer 03609,customer03609@example.test,United States,2024-03-11,Standard,3188.01
3610,Customer 03610,customer03610@example.test,India,2021-08-20,Standard,7072.65
3611,Customer 03611,customer03611@example.test,Australia,2022-08-15,Premium,6552.16
3612,Customer 03612,customer03612@example.test,Canada,2023-04-12,Basic,3687.06
3613,Customer 03613,customer03613@example.test,Japan,2023-03-02,Standard,8020.97
3614,Customer 03614,customer03614@example.test,Germany,2020-02-17,Basic,7801.95
3615,Customer 03615,customer03615@example.test,France,2022-10-02,Standard,9659.23
3616,Customer 03616,customer03616@example.test,Canada,2023-01-05,Standard,6366.13
3617,Customer 03617,customer03617@example.test,Brazil,2024-10-06,Premium,4149.73
3618,Customer 03618,customer03618@example.test,France,2021-03-23,Premium,5984.69
3619,Customer 03619,customer03619@example.test,Canada,2021-08-15,Premium,8041.26
3620,Customer 03620,customer03620@example.test,Japan,2024-05-11,Basic,4283.60
3621,Customer 03621,customer03621@example.test,France,2021-12-21,Standard,9441.99
3622,Customer 03622,customer03622@example.test,Germany,2023-05-12,Standard,8079.27
3623,Customer 03623,customer03623@example.test,Brazil,2022-01-13,Basic,9277.35
3624,Customer 03624,customer03624@example.test,India,2023-11-07,Basic,5616.45
3625,Customer 03625,customer03625@example.test,Japan,2022-12-26,Premium,9007.86
3626,Customer 03626,customer03626@example.test,United Kingdom,2022-04-07,Standard,3001.89
3627,Customer 03627,customer03627@example.test,United Kingdom,2024-08-18,Premium,9687.90
3628,Customer 03628,customer03628@example.test,Canada,2024-11-23,Standard,3024.17
3629,Customer 03629,customer03629@example.test,United States,2020-01-07,Standard,7999.95
3630,Customer 03630,customer03630@example.test,Canada,2022-08-08,Basic,9513.52
3631,Customer 03631,customer03631@example.test,Japan,2020-07-20,Basic,6848.29
3632,Customer 03632,customer03632@example.test,Japan,2022-05-06,Standard,1980.49
3633,Customer 03633,customer03633@example.test,Australia,2023-07-27,Basic,2350.82
3634,Customer 03634,customer03634@example.test,United States,2020-10-10,Premium,6286.92
3635,Customer 03635,customer03635@example.test,Japan,2023-03-14,Premium,3408.08
3636,Customer 03636,customer03636@example.test,France,2023-06-02,Premium,5969.60
3637,Customer 03637,customer03637@example.test,United Kingdom,2023-07-05,Basic,953.85
3638,Customer 03638,customer03638@example.test,Australia,2022-01-28,Basic,6305.53
3639,Customer 03639,customer03639@example.test,Japan,2024-12-14,Basic,5361.74
3640,Customer 03640,customer03640@example.test,France,2024-11-03,Premium,4800.05
3641,Customer 03641,customer03641@example.test,France,2022-01-25,Premium,4951.04
3642,Customer 03642,customer03642@example.test,France,2023-12-30,Standard,1390.93
3643,Customer 03643,customer03643@example.test,Brazil,2021-08-23,Premium,2170.62
3644,Customer 03644,customer03644@example.test,United Kingdom,2023-03-28,Standard,2569.50
3645,Customer 03645,customer03645@example.test,United Kingdom,2023-11-01,Premium,8354.56
3646,Customer 03646,customer03646@example.test,United Kingdom,2020-12-28,Basic,6725.34
3647,Customer 03647,customer03647@example.test,India,2020-08-15,Premium,2567.57
3648,Customer 03648,customer03648@example.test,Brazil,2022-08-04,Premium,7849.72
3649,Customer 03649,customer03649@example.test,Japan,2020-03-07,Basic,4930.50
3650,Customer 03650,customer03650@example.test,Japan,2024-10-31,Premium,8210.79
3651,Customer 03651,customer03651@example.test,Germany,2022-05-04,Basic,5634.43
3652,Customer 03652,customer03652@example.test,United States,2020-09-04,Basic,248.72
3653,Customer 03653,customer03653@example.test,United Kingdom,2022-06-17,Basic,626.90
3654,Customer 03654,customer03654@example.test,Japan,2021-08-22,Basic,8061.04
3655,Customer 03655,customer03655@example.test,India,2020-03-22,Standard,7514.35
3656,Customer 03656,customer03656@example.test,United Kingdom,2022-11-13,Standard,8256.73
3657,Customer 03657,customer03657@example.test,Brazil,2020-09-11,Premium,8882.17
3658,Customer 03658,customer03658@example.test,Brazil,2021-06-21,Basic,1771.60
3659,Customer 03659,customer03659@example.test,Japan,2022-01-20,Basic,3563.42
3660,Customer 03660,customer03660@example.test,France,2020-10-17,Standard,2202.90
3661,Customer 03661,customer03661@example.test,Brazil,2021-06-25,Standard,6732.23
3662,Customer 03662,customer03662@example.test,Brazil,2023-11-21,Standard,9428.74
3663,Customer 03663,customer03663@example.test,United Kingdom,2023-12-23,Premium,7937.51
3664,Customer 03664,customer03664@example.test,India,2021-06-16,Standard,7226.72
3665,Customer 03665,customer03665@example.test,India,2022-06-29,Standard,7335.43
3666,Customer 03666,customer03666@example.test,Germany,2021-06-12,Basic,374.80
3667,Customer 03667,customer03667@example.test,Canada,2024-04-08,Premium,5471.25
3668,Customer 03668,customer03668@example.test,Australia,2021-08-13,Premium,9229.25
3669,Customer 03669,customer03669@example.test,India,2022-01-29,Basic,3053.64
3670,Customer 03670,customer03670@example.test,Canada,2021-09-20,Basic,6646.86
3671,Customer 03671,customer03671@example.test,United Kingdom,2021-09-16,Basic,4612.29
3672,Customer 03672,customer03672@example.test,Germany,2023-10-10,Premium,7798.60
3673,Customer 03673,customer03673@example.test,Canada,2024-07-07,Premium,6369.56
3674,Customer 03674,customer03674@example.test,Japan,2021-08-21,Standard,6676.93
3675,Customer 03675,customer03675@example.test,Australia,2021-04-11,Premium,6115.61
3676,Customer 03676,customer03676@example.test,Canada,2021-09-12,Basic,126.52
3677,Customer 03677,customer03677@example.test,India,2021-06-15,Basic,5332.96
3678,Customer 03678,customer03678@example.test,United States,2024-03-06,Standard,5001.43
3679,Customer 03679,customer03679@example.test,Canada,2023-06-20,Standard,6751.27
3680,Customer 03680,customer03680@example.test,United States,2020-11-15,Standard,5487.59
3681,Customer 03681,customer03681@example.test,Japan,2022-02-05,Standard,6798.72
3682,Customer 03682,customer03682@example.test,United States,2020-12-12,Standard,1839.06
3683,Customer 03683,customer03683@example.test,Japan,2022-09-18,Premium,7012.29
3684,Customer 03684,customer03684@example.test,India,2020-05-12,Premium,3243.33
3685,Customer 03685,customer03685@example.test,France,2021-02-26,Premium,2918.35
3686,Customer 03686,customer03686@example.test,Brazil,2023-05-31,Basic,2065.08
3687,Customer 03687,customer03687@example.test,United Kingdom,2021-12-31,Standard,5970.67
3688,Customer 03688,customer03688@example.test,Australia,2023-07-31,Basic,8868.28
3689,Customer 03689,customer03689@example.test,United States,2024-08-04,Premium,7773.91
3690,Customer 03690,customer03690@example.test,India,2021-02-18,Basic,344.35
3691,Customer 03691,customer03691@example.test,Brazil,2022-03-27,Standard,5320.64
3692,Customer 03692,customer03692@example.test,Germany,2020-05-17,Basic,5607.30
3693,Customer 03693,customer03693@example.test,United States,2024-09-29,Premium,8366.77
3694,Customer 03694,customer03694@example.test,United Kingdom,2020-04-24,Basic,5483.51
3695,Customer 03695,customer03695@example.test,France,2021-05-22,Standard,8359.98
3696,Customer 03696,customer03696@example.test,Canada,2024-02-23,Basic,9818.16
3697,Customer 03697,customer03697@example.test,France,2023-08-25,Premium,7231.37
3698,Customer 03698,customer03698@example.test,United Kingdom,2024-01-09,Premium,421.87
3699,Customer 03699,customer03699@example.test,Germany,2023-06-01,Basic,2909.55
3700,Customer 03700,customer03700@example.test,France,2020-07-06,Basic,8710.44
3701,Customer 03701,customer03701@example.test,Canada,2020-05-10,Basic,3174.67
3702,Customer 03702,customer03702@example.test,France,2020-05-04,Premium,2557.90
3703,Customer 03703,customer03703@example.test,United Kingdom,2023-04-14,Standard,1030.43
3704,Customer 03704,customer03704@example.test,Australia,2023-01-04,Standard,8283.91
3705,Customer 03705,customer03705@example.test,Brazil,2023-07-22,Premium,5015.32
3706,Customer 03706,customer03706@example.test,United Kingdom,2020-08-26,Premium,4991.59
3707,Customer 03707,customer03707@example.test,Brazil,2021-02-08,Basic,6180.05
3708,Customer 03708,customer03708@example.test,United Kingdom,2021-03-16,Standard,5969.85
3709,Customer 03709,customer03709@example.test,Japan,2020-01-20,Premium,7549.55
3710,Customer 03710,customer03710@example.test,United Kingdom,2024-12-20,Basic,2042.61
3711,Customer 03711,customer03711@example.test,United Kingdom,2023-04-21,Premium,2639.76
3712,Customer 03712,customer03712@example.test,Japan,2024-03-25,Basic,2838.94
3713,Customer 03713,customer03713@example.test,Canada,2022-10-05,Standard,5319.35
3714,Customer 03714,customer03714@example.test,United States,2022-09-16,Standard,9976.52
3715,Customer 03715,customer03715@example.test,Germany,2023-08-14,Standard,9093.89
3716,Customer 03716,customer03716@example.test,France,2022-12-25,Standard,2886.60
3717,Customer 03717,customer03717@example.test,United States,2023-10-20,Basic,3238.04
3718,Customer 03718,customer03718@example.test,United Kingdom,2023-07-05,Premium,7933.65
3719,Customer 03719,customer03719@example.test,United Kingdom,2021-01-08,Premium,3347.13
3720,Customer 03720,customer03720@example.test,United Kingdom,2022-11-09,Standard,1710.55
3721,Customer 03721,customer03721@example.test,Brazil,2021-01-01,Standard,7056.66
3722,Customer 03722,customer03722@example.test,Brazil,2021-09-15,Standard,3590.65
3723,Customer 03723,customer03723@example.test,United States,2023-07-30,Premium,2029.99
3724,Customer 03724,customer03724@example.test,Brazil,2024-05-13,Premium,2235.73
3725,Customer 03725,customer03725@example.test,United States,2021-09-21,Standard,3355.60
3726,Customer 03726,customer03726@example.test,United States,2024-04-18,Standard,1079.16
3727,Customer 03727,customer03727@example.test,Germany,2023-11-03,Basic,2205.07
3728,Customer 03728,customer03728@example.test,Canada,2023-03-15,Standard,1639.84
3729,Customer 03729,customer03729@example.test,Japan,2021-01-28,Premium,8937.61
3730,Customer 03730,customer03730@example.test,Canada,2020-11-19,Standard,5415.54
3731,Customer 03731,customer03731@example.test,Japan,2022-08-28,Basic,2824.68
3732,Customer 03732,customer03732@example.test,Germany,2021-04-13,Standard,9797.15
3733,Customer 03733,customer03733@example.test,Germany,2024-10-19,Standard,1520.29
3734,Customer 03734,customer03734@example.test,India,2021-09-19,Basic,3711.26
3735,Customer 03735,customer03735@example.test,India,2024-08-25,Standard,3229.79
3736,Customer 03736,customer03736@example.test,Japan,2022-05-21,Standard,59.48
3737,Customer 03737,customer03737@example.test,Japan,2024-04-10,Premium,4286.45
3738,Customer 03738,customer03738@example.test,Canada,2021-12-25,Standard,8043.08
3739,Customer 03739,customer03739@example.test,Australia,2021-07-15,Basic,2120.35
3740,Customer 03740,customer03740@example.test,Germany,2021-03-03,Standard,8729.93
3741,Customer 03741,customer03741@example.test,Australia,2022-02-03,Standard,4482.64
3742,Customer 03742,customer03742@example.test,Japan,2024-06-07,Standard,5851.76
3743,Customer 03743,customer03743@example.test,France,2023-02-20,Premium,6475.54
3744,Customer 03744,customer03744@example.test,United Kingdom,2022-10-27,Standard,1120.24
3745,Customer 03745,customer03745@example.test,France,2020-06-01,Premium,3412.93
3746,Customer 03746,customer03746@example.test,United Kingdom,2024-01-20,Basic,6217.42
3747,Customer 03747,customer03747@example.test,Australia,2022-08-20,Basic,4090.10
3748,Customer 03748,customer03748@example.test,United Kingdom,2023-11-09,Premium,2937.50
3749,Customer 03749,customer03749@example.test,Japan,2023-05-27,Premium,1063.67
3750,Customer 03750,customer03750@example.test,India,2020-04-24,Standard,5640.24
3751,Customer 03751,customer03751@example.test,United Kingdom,2022-01-26,Standard,1164.24
3752,Customer 03752,customer03752@example.test,Canada,2022-08-24,Basic,775.82
3753,Customer 03753,customer03753@example.test,Japan,2021-10-26,Premium,9164.03
3754,Customer 03754,customer03754@example.test,Germany,2020-11-04,Basic,2097.09
3755,Customer 03755,customer03755@example.test,Brazil,2023-02-24,Standard,2571.38
3756,Customer 03756,customer03756@example.test,United States,2021-11-02,Basic,2733.83
3757,Customer 03757,customer03757@example.test,United States,2023-02-14,Standard,7230.66
3758,Customer 03758,customer03758@example.test,Canada,2020-02-14,Premium,9130.21
3759,Customer 03759,customer03759@example.test,India,2024-05-28,Standard,9490.69
3760,Customer 03760,customer03760@example.test,United Kingdom,2024-05-01,Basic,9275.54
3761,Customer 03761,customer03761@example.test,Canada,2021-03-15,Standard,4910.75
3762,Customer 03762,customer03762@example.test,United Kingdom,2021-04-11,Standard,3491.88
3763,Customer 03763,customer03763@example.test,Germany,2021-02-11,Standard,6329.38
3764,Customer 03764,customer03764@example.test,Australia,2024-03-11,Premium,1249.80
3765,Customer 03765,customer03765@example.test,Japan,2023-08-08,Standard,4155.59
3766,Customer 03766,customer03766@example.test,United Kingdom,2024-07-08,Premium,8720.73
3767,Customer 03767,customer03767@example.test,Australia,2022-12-18,Basic,3916.16
3768,Customer 03768,customer03768@example.test,Japan,2020-02-03,Premium,5287.04
3769,Customer 03769,customer03769@example.test,India,2024-11-23,Basic,5159.09
3770,Customer 03770,customer03770@example.test,India,2021-08-01,Basic,703.69
3771,Customer 03771,customer03771@example.test,Brazil,2024-02-13,Basic,966.19
3772,Customer 03772,customer03772@example.test,Brazil,2023-02-17,Basic,1659.09
3773,Customer 03773,customer03773@example.test,United States,2024-06-23,Premium,6018.04
3774,Customer 03774,customer03774@example.test,France,2022-08-17,Premium,8043.78
3775,Customer 03775,customer03775@example.test,Japan,2023-11-01,Standard,4883.37
3776,Customer 03776,customer03776@example.test,Canada,2022-07-13,Basic,3464.80
3777,Customer 03777,customer03777@example.test,Canada,2020-05-29,Basic,6031.65
3778,Customer 03778,customer03778@example.test,United Kingdom,2021-11-26,Basic,8190.56
3779,Customer 03779,customer03779@example.test,Japan,2023-11-19,Premium,4209.67
3780,Customer 03780,customer03780@example.test,Germany,2023-03-23,Premium,6539.86
3781,Customer 03781,customer03781@example.test,Japan,2024-08-23,Premium,89.52
3782,Customer 03782,customer03782@example.test,India,2021-04-06,Standard,1578.05
3783,Customer 03783,customer03783@example.test,France,2021-06-14,Basic,7073.04
3784,Customer 03784,customer03784@example.test,India,2024-04-21,Basic,4799.89
3785,Customer 03785,customer03785@example.test,France,2023-08-31,Basic,9703.06
3786,Customer 03786,customer03786@example.test,Canada,2021-12-27,Premium,8105.40
3787,Customer 03787,customer03787@example.test,France,2020-10-30,Standard,1904.07
3788,Customer 03788,customer03788@example.test,Australia,2020-07-25,Basic,6311.60
3789,Customer 03789,customer03789@example.test,Australia,2024-09-25,Premium,5663.10
3790,Customer 03790,customer03790@example.test,Brazil,2021-12-14,Standard,9128.44
3791,Customer 03791,customer03791@example.test,France,2021-10-07,Basic,2189.50
3792,Customer 03792,customer03792@example.test,Germany,2021-02-17,Premium,4448.93
3793,Customer 03793,customer03793@example.test,France,2021-07-09,Premium,8098.62
3794,Customer 03794,customer03794@example.test,Australia,2021-12-28,Premium,9202.69
3795,Customer 03795,customer03795@example.test,Brazil,2022-06-19,Standard,266.58
3796,Customer 03796,customer03796@example.test,France,2022-06-28,Standard,516.04
3797,Customer 03797,customer03797@example.test,United Kingdom,2022-07-04,Standard,2082.86
3798,Customer 03798,customer03798@example.test,Japan,2021-02-25,Basic,8540.64
3799,Customer 03799,customer03799@example.test,Brazil,2020-09-12,Premium,5313.16
3800,Customer 03800,customer03800@example.test,United States,2023-03-30,Premium,1707.95
3801,Customer 03801,customer03801@example.test,France,2024-03-29,Premium,9863.91
3802,Customer 03802,customer03802@example.test,India,2022-09-28,Basic,3322.72
3803,Customer 03803,customer03803@example.test,France,2022-04-30,Premium,952.01
3804,Customer 03804,customer03804@example.test,United States,2024-06-25,Standard,5011.97
3805,Customer 03805,customer03805@example.test,United States,2021-06-06,Premium,9907.96
3806,Customer 03806,customer03806@example.test,Australia,2022-07-24,Premium,3984.89
3807,Customer 03807,customer03807@example.test,Japan,2024-07-03,Standard,8991.46
3808,Customer 03808,customer03808@example.test,India,2020-07-23,Standard,9916.71
3809,Customer 03809,customer03809@example.test,Brazil,2021-09-26,Standard,9918.90
3810,Customer 03810,customer03810@example.test,Germany,2024-10-02,Premium,7352.76
3811,Customer 03811,customer03811@example.test,Japan,2020-06-21,Standard,166.19
3812,Customer 03812,customer03812@example.test,India,2021-07-16,Premium,1475.72
3813,Customer 03813,customer03813@example.test,France,2024-10-01,Premium,5920.04
3814,Customer 03814,customer03814@example.test,Canada,2020-01-19,Basic,1633.24
3815,Customer 03815,customer03815@example.test,United Kingdom,2020-10-14,Premium,641.53
3816,Customer 03816,customer03816@example.test,France,2023-05-06,Basic,6930.58
3817,Customer 03817,customer03817@example.test,India,2021-08-23,Basic,4350.29
3818,Customer 03818,customer03818@example.test,Canada,2024-08-13,Standard,1807.95
3819,Customer 03819,customer03819@example.test,United States,2020-12-23,Premium,7780.08
3820,Customer 03820,customer03820@example.test,Canada,2024-07-15,Standard,9217.79
3821,Customer 03821,customer03821@example.test,Canada,2020-08-12,Premium,5217.24
3822,Customer 03822,customer03822@example.test,Germany,2021-02-21,Standard,6556.87
3823,Customer 03823,customer03823@example.test,Germany,2022-02-03,Basic,3366.69
3824,Customer 03824,customer03824@example.test,Australia,2020-02-28,Standard,298.81
3825,Customer 03825,customer03825@example.test,United Kingdom,2024-12-25,Premium,7706.51
3826,Customer 03826,customer03826@example.test,Canada,2024-11-20,Standard,487.58
3827,Customer 03827,customer03827@example.test,Japan,2023-01-09,Basic,7576.19
3828,Customer 03828,customer03828@example.test,Canada,2022-12-11,Premium,1049.78
3829,Customer 03829,customer03829@example.test,India,2020-01-31,Premium,965.98
3830,Customer 03830,customer03830@example.test,Brazil,2022-05-09,Premium,4987.96
3831,Customer 03831,customer03831@example.test,Japan,2022-08-09,Basic,4618.09
3832,Customer 03832,customer03832@example.test,Australia,2020-10-02,Standard,4993.77
3833,Customer 03833,customer03833@example.test,Germany,2022-08-19,Premium,3385.60
3834,Customer 03834,customer03834@example.test,United States,2023-09-06,Standard,6434.16
3835,Customer 03835,customer03835@example.test,Brazil,2023-09-30,Standard,5167.40
3836,Customer 03836,customer03836@example.test,France,2024-03-13,Premium,2299.64
3837,Customer 03837,customer03837@example.test,Canada,2022-11-20,Premium,2365.08
3838,Customer 03838,customer03838@example.test,Brazil,2023-09-12,Basic,993.93
3839,Customer 03839,customer03839@example.test,Japan,2024-01-08,Standard,9300.00
3840,Customer 03840,customer03840@example.test,Brazil,2023-06-13,Premium,2372.12
3841,Customer 03841,customer03841@example.test,Canada,2021-05-28,Basic,6913.98
3842,Customer 03842,customer03842@example.test,India,2021-09-08,Basic,4845.98
3843,Customer 03843,customer03843@example.test,United States,2023-09-30,Basic,6052.03
3844,Customer 03844,customer03844@example.test,Germany,2024-12-14,Premium,3438.74
3845,Customer 03845,customer03845@example.test,India,2022-05-14,Basic,1522.75
3846,Customer 03846,customer03846@example.test,Australia,2023-04-01,Basic,9500.25
3847,Customer 03847,customer03847@example.test,Japan,2024-06-25,Basic,503.50
3848,Customer 03848,customer03848@example.test,France,2024-06-14,Premium,150.17
3849,Customer 03849,customer03849@example.test,Australia,2020-10-19,Premium,1697.48
3850,Customer 03850,customer03850@example.test,India,2022-03-23,Premium,5998.76
3851,Customer 03851,customer03851@example.test,United Kingdom,2022-09-11,Standard,1968.68
3852,Customer 03852,customer03852@example.test,Japan,2023-07-11,Standard,2252.72
3853,Customer 03853,customer03853@example.test,Germany,2022-07-17,Basic,4612.29
3854,Customer 03854,customer03854@example.test,Germany,2020-08-29,Basic,8058.42
3855,Customer 03855,customer03855@example.test,India,2022-11-19,Standard,9358.82
3856,Customer 03856,customer03856@example.test,Germany,2021-01-16,Standard,8461.88
3857,Customer 03857,customer03857@example.test,United Kingdom,2024-11-20,Basic,4784.82
3858,Customer 03858,customer03858@example.test,Brazil,2023-09-20,Basic,8978.05
3859,Customer 03859,customer03859@example.test,United States,2021-12-02,Standard,661.83
3860,Customer 03860,customer03860@example.test,India,2024-05-20,Standard,6734.92
3861,Customer 03861,customer03861@example.test,United States,2020-02-22,Premium,991.78
3862,Customer 03862,customer03862@example.test,United Kingdom,2021-04-10,Premium,1261.20
3863,Customer 03863,customer03863@example.test,Germany,2023-02-01,Premium,9157.28
3864,Customer 03864,customer03864@example.test,Germany,2021-12-12,Standard,4573.51
3865,Customer 03865,customer03865@example.test,Brazil,2023-02-07,Basic,1914.82
3866,Customer 03866,customer03866@example.test,United States,2022-03-25,Premium,1485.92
3867,Customer 03867,customer03867@example.test,France,2024-09-16,Premium,2083.28
3868,Customer 03868,customer03868@example.test,India,2024-02-11,Basic,6301.27
3869,Customer 03869,customer03869@example.test,Canada,2024-05-16,Basic,9016.97
3870,Customer 03870,customer03870@example.test,United States,2022-12-22,Premium,8391.33
3871,Customer 03871,customer03871@example.test,India,2022-12-27,Basic,2416.16
3872,Customer 03872,customer03872@example.test,United States,2023-11-21,Premium,3926.62
3873,Customer 03873,customer03873@example.test,Brazil,2020-11-21,Basic,1736.81
3874,Customer 03874,customer03874@example.test,France,2023-07-24,Basic,1594.37
3875,Customer 03875,customer03875@example.test,Japan,2023-01-12,Premium,2919.45
3876,Customer 03876,customer03876@example.test,Japan,2020-04-10,Standard,4087.05
3877,Customer 03877,customer03877@example.test,Japan,2022-12-04,Standard,4907.37
3878,Customer 03878,customer03878@example.test,Canada,2021-10-21,Basic,9837.14
3879,Customer 03879,customer03879@example.test,Australia,2021-09-06,Premium,2635.37
3880,Customer 03880,customer03880@example.test,United States,2023-12-21,Basic,3267.41
3881,Customer 03881,customer03881@example.test,Brazil,2021-03-03,Premium,7918.52
3882,Customer 03882,customer03882@example.test,Canada,2022-04-20,Premium,5042.93
3883,Customer 03883,customer03883@example.test,Canada,2024-08-11,Premium,4102.43
3884,Customer 03884,customer03884@example.test,Canada,2024-05-29,Basic,4393.63
3885,Customer 03885,customer03885@example.test,France,2022-03-11,Premium,8748.57
3886,Customer 03886,customer03886@example.test,Brazil,2021-12-18,Premium,9951.51
3887,Customer 03887,customer03887@example.test,Canada,2021-07-19,Standard,1294.69
3888,Customer 03888,customer03888@example.test,Canada,2024-01-26,Premium,4649.19
3889,Customer 03889,customer03889@example.test,Germany,2020-10-18,Standard,112.92
3890,Customer 03890,customer03890@example.test,Brazil,2023-07-28,Basic,3262.75
3891,Customer 03891,customer03891@example.test,Brazil,2022-12-09,Basic,6275.16
3892,Customer 03892,customer03892@example.test,France,2022-08-22,Basic,4595.61
3893,Customer 03893,customer03893@example.test,Brazil,2021-09-03,Basic,7789.99
3894,Customer 03894,customer03894@example.test,United Kingdom,2023-06-03,Premium,738.22
3895,Customer 03895,customer03895@example.test,India,2024-12-07,Standard,9956.10
3896,Customer 03896,customer03896@example.test,Japan,2020-03-24,Standard,1183.18
3897,Customer 03897,customer03897@example.test,United Kingdom,2023-07-07,Standard,6133.94
3898,Customer 03898,customer03898@example.test,United Kingdom,2020-12-10,Standard,2355.45
3899,Customer 03899,customer03899@example.test,Brazil,2022-12-06,Premium,7673.05
3900,Customer 03900,customer03900@example.test,India,2023-05-20,Premium,9115.91
3901,Customer 03901,customer03901@example.test,United Kingdom,2024-10-06,Basic,4534.85
3902,Customer 03902,customer03902@example.test,Australia,2022-05-13,Basic,1102.99
3903,Customer 03903,customer03903@example.test,Germany,2024-11-06,Basic,7680.21
3904,Customer 03904,customer03904@example.test,Germany,2021-07-18,Basic,5324.91
3905,Customer 03905,customer03905@example.test,Japan,2021-11-04,Basic,8769.20
3906,Customer 03906,customer03906@example.test,India,2021-05-29,Premium,135.54
3907,Customer 03907,customer03907@example.test,United Kingdom,2020-07-26,Premium,6142.39
3908,Customer 03908,customer03908@example.test,France,2022-10-10,Basic,4548.37
3909,Customer 03909,customer03909@example.test,Germany,2023-09-25,Premium,8188.55
3910,Customer 03910,customer03910@example.test,United Kingdom,2024-08-19,Basic,6361.08
3911,Customer 03911,customer03911@example.test,Japan,2024-09-11,Basic,5441.76
3912,Customer 03912,customer03912@example.test,Japan,2024-11-17,Premium,6308.88
3913,Customer 03913,customer03913@example.test,Brazil,2020-08-08,Basic,995.24
3914,Customer 03914,customer03914@example.test,France,2020-08-28,Standard,6083.02
3915,Customer 03915,customer03915@example.test,Japan,2023-10-09,Standard,7531.80
3916,Customer 03916,customer03916@example.test,Australia,2024-03-04,Standard,6785.21
3917,Customer 03917,customer03917@example.test,United Kingdom,2024-06-02,Standard,6011.95
3918,Customer 03918,customer03918@example.test,United States,2024-11-03,Premium,9858.68
3919,Customer 03919,customer03919@example.test,Japan,2022-03-27,Basic,9521.92
3920,Customer 03920,customer03920@example.test,France,2020-02-22,Basic,1895.17
3921,Customer 03921,customer03921@example.test,India,2020-02-19,Premium,3064.74
3922,Customer 03922,customer03922@example.test,Australia,2022-04-24,Basic,4788.04
3923,Customer 03923,customer03923@example.test,Germany,2024-10-05,Standard,8581.21
3924,Customer 03924,customer03924@example.test,India,2023-10-30,Standard,2607.81
3925,Customer 03925,customer03925@example.test,United Kingdom,2021-07-20,Premium,3402.75
3926,Customer 03926,customer03926@example.test,Germany,2022-07-27,Premium,2195.51
3927,Customer 03927,customer03927@example.test,United States,2023-02-17,Basic,3375.16
3928,Customer 03928,customer03928@example.test,Japan,2024-02-25,Standard,8189.04
3929,Customer 03929,customer03929@example.test,Canada,2024-07-28,Standard,8982.58
3930,Customer 03930,customer03930@example.test,India,2020-07-01,Standard,6463.45
3931,Customer 03931,customer03931@example.test,France,2023-01-07,Standard,8689.37
3932,Customer 03932,customer03932@example.test,Brazil,2021-09-18,Basic,948.25
3933,Customer 03933,customer03933@example.test,Japan,2023-08-02,Standard,6520.04
3934,Customer 03934,customer03934@example.test,Canada,2022-10-15,Standard,2119.68
3935,Customer 03935,customer03935@example.test,United Kingdom,2021-06-26,Standard,3533.71
3936,Customer 03936,customer03936@example.test,United Kingdom,2024-07-08,Standard,7914.34
3937,Customer 03937,customer03937@example.test,Canada,2020-11-22,Standard,167.01
3938,Customer 03938,customer03938@example.test,France,2020-08-16,Basic,3256.11
3939,Customer 03939,customer03939@example.test,United States,2022-11-02,Standard,7935.31
3940,Customer 03940,customer03940@example.test,United States,2023-02-20,Premium,4173.03
3941,Customer 03941,customer03941@example.test,Brazil,2023-06-20,Premium,978.98
3942,Customer 03942,customer03942@example.test,Japan,2020-07-04,Standard,1528.46
3943,Customer 03943,customer03943@example.test,India,2024-01-06,Basic,3709.85
3944,Customer 03944,customer03944@example.test,Canada,2022-03-23,Standard,1086.59
3945,Customer 03945,customer03945@example.test,Germany,2024-09-26,Basic,5978.00
3946,Customer 03946,customer03946@example.test,India,2020-06-17,Premium,4640.32
3947,Customer 03947,customer03947@example.test,Australia,2024-08-18,Premium,5746.06
3948,Customer 03948,customer03948@example.test,Germany,2020-11-13,Premium,5185.13
3949,Customer 03949,customer03949@example.test,France,2021-04-04,Premium,9176.46
3950,Customer 03950,customer03950@example.test,United Kingdom,2021-04-07,Basic,8509.45
3951,Customer 03951,customer03951@example.test,Canada,2021-03-18,Premium,3112.10
3952,Customer 03952,customer03952@example.test,Australia,2021-05-14,Basic,5067.48
3953,Customer 03953,customer03953@example.test,United Kingdom,2024-09-12,Standard,5833.46
3954,Customer 03954,customer03954@example.test,France,2023-02-02,Standard,1950.95
3955,Customer 03955,customer03955@example.test,United States,2024-10-02,Basic,4190.28
3956,Customer 03956,customer03956@example.test,Japan,2023-07-08,Basic,2741.94
3957,Customer 03957,customer03957@example.test,India,2023-12-18,Standard,4522.66
3958,Customer 03958,customer03958@example.test,India,2022-01-28,Premium,3357.06
3959,Customer 03959,customer03959@example.test,India,2023-01-11,Premium,7268.71
3960,Customer 03960,customer03960@example.test,India,2020-10-02,Basic,2588.88
3961,Customer 03961,customer03961@example.test,United States,2024-06-17,Basic,1350.19
3962,Customer 03962,customer03962@example.test,United States,2020-07-16,Basic,4988.47
3963,Customer 03963,customer03963@example.test,India,2023-01-01,Premium,8464.66
3964,Customer 03964,customer03964@example.test,France,2024-08-19,Basic,3652.63
3965,Customer 03965,customer03965@example.test,United States,2024-01-09,Premium,4878.88
3966,Customer 03966,customer03966@example.test,Australia,2021-07-05,Standard,6488.65
3967,Customer 03967,customer03967@example.test,United Kingdom,2022-06-15,Basic,4573.72
3968,Customer 03968,customer03968@example.test,Canada,2020-05-12,Premium,5871.59
3969,Customer 03969,customer03969@example.test,United States,2022-07-07,Basic,603.41
3970,Customer 03970,customer03970@example.test,United Kingdom,2021-12-12,Basic,1550.63
3971,Customer 03971,customer03971@example.test,India,2020-05-10,Premium,7537.88
3972,Customer 03972,customer03972@example.test,Germany,2021-07-19,Basic,289.16
3973,Customer 03973,customer03973@example.test,United Kingdom,2024-01-01,Standard,7384.25
3974,Customer 03974,customer03974@example.test,Canada,2024-04-14,Standard,2256.57
3975,Customer 03975,customer03975@example.test,United Kingdom,2023-09-17,Standard,5645.48
3976,Customer 03976,customer03976@example.test,Germany,2023-11-28,Standard,2438.61
3977,Customer 03977,customer03977@example.test,United States,2023-03-13,Standard,1512.39
3978,Customer 03978,customer03978@example.test,United States,2024-04-18,Basic,6153.80
3979,Customer 03979,customer03979@example.test,Australia,2021-10-06,Basic,555.44
3980,Customer 03980,customer03980@example.test,India,2023-12-29,Basic,1254.97
3981,Customer 03981,customer03981@example.test,Brazil,2024-05-05,Basic,667.19
3982,Customer 03982,customer03982@example.test,Japan,2022-12-20,Basic,1690.38
3983,Customer 03983,customer03983@example.test,France,2024-02-09,Premium,6307.45
3984,Customer 03984,customer03984@example.test,Canada,2024-05-03,Premium,309.19
3985,Customer 03985,customer03985@example.test,United Kingdom,2023-08-22,Basic,1253.04
3986,Customer 03986,customer03986@example.test,Brazil,2021-11-10,Premium,9921.07
3987,Customer 03987,customer03987@example.test,Japan,2022-04-06,Standard,3998.12
3988,Customer 03988,customer03988@example.test,United Kingdom,2023-11-27,Premium,8884.22
3989,Customer 03989,customer03989@example.test,Canada,2021-12-04,Premium,3263.12
3990,Customer 03990,customer03990@example.test,Canada,2021-12-28,Basic,4512.66
3991,Customer 03991,customer03991@example.test,Germany,2024-12-05,Standard,951.42
3992,Customer 03992,customer03992@example.test,Germany,2021-01-12,Standard,2103.51
3993,Customer 03993,customer03993@example.test,India,2021-04-09,Basic,6637.56
3994,Customer 03994,customer03994@example.test,India,2020-06-16,Standard,7883.35
3995,Customer 03995,customer03995@example.test,United States,2020-07-11,Standard,213.91
3996,Customer 03996,customer03996@example.test,Australia,2024-12-05,Basic,620.19
3997,Customer 03997,customer03997@example.test,India,2023-10-30,Premium,1766.98
3998,Customer 03998,customer03998@example.test,United States,2020-01-04,Premium,48.87
3999,Customer 03999,customer03999@example.test,Japan,2021-10-31,Standard,289.96
4000,Customer 04000,customer04000@example.test,India,2024-06-26,Premium,1807.67
4001,Customer 04001,customer04001@example.test,United Kingdom,2021-01-21,Premium,5612.12
4002,Customer 04002,customer04002@example.test,India,2021-03-23,Premium,9144.60
4003,Customer 04003,customer04003@example.test,Canada,2023-10-31,Basic,3923.43
4004,Customer 04004,customer04004@example.test,Canada,2023-03-21,Standard,7406.80
4005,Customer 04005,customer04005@example.test,Canada,2024-09-28,Basic,1560.80
4006,Customer 04006,customer04006@example.test,United Kingdom,2024-07-25,Premium,6523.00
4007,Customer 04007,customer04007@example.test,United States,2020-03-20,Premium,8464.15
4008,Customer 04008,customer04008@example.test,Germany,2021-09-30,Premium,3660.09
4009,Customer 04009,customer04009@example.test,Canada,2023-10-30,Basic,5436.74
4010,Customer 04010,customer04010@example.test,Brazil,2020-12-08,Standard,2025.42
4011,Customer 04011,customer04011@example.test,Canada,2023-05-20,Basic,9646.89
4012,Customer 04012,customer04012@example.test,United Kingdom,2021-11-21,Basic,5745.99
4013,Customer 04013,customer04013@example.test,Japan,2024-08-30,Standard,9898.67
4014,Customer 04014,customer04014@example.test,United States,2020-08-26,Premium,3547.79
4015,Customer 04015,customer04015@example.test,India,2021-05-19,Premium,2510.82
4016,Customer 04016,customer04016@example.test,United Kingdom,2024-08-01,Premium,8326.25
4017,Customer 04017,customer04017@example.test,Australia,2022-04-07,Standard,614.71
4018,Customer 04018,customer04018@example.test,Brazil,2022-09-10,Basic,953.71
4019,Customer 04019,customer04019@example.test,India,2023-09-20,Basic,5903.44
4020,Customer 04020,customer04020@example.test,United States,2023-03-23,Basic,4133.32
4021,Customer 04021,customer04021@example.test,United States,2024-03-30,Basic,2106.92
4022,Customer 04022,customer04022@example.test,India,2021-08-01,Premium,4696.61
4023,Customer 04023,customer04023@example.test,France,2024-04-12,Standard,9901.15
4024,Customer 04024,customer04024@example.test,Japan,2023-07-06,Standard,4562.76
4025,Customer 04025,customer04025@example.test,Brazil,2022-02-11,Standard,249.91
4026,Customer 04026,customer04026@example.test,Brazil,2022-10-03,Standard,5885.16
4027,Customer 04027,customer04027@example.test,Japan,2022-09-18,Standard,5217.86
4028,Customer 04028,customer04028@example.test,Germany,2024-05-29,Basic,7328.51
4029,Customer 04029,customer04029@example.test,United States,2020-04-22,Premium,1972.15
4030,Customer 04030,customer04030@example.test,Germany,2020-07-01,Basic,7841.79
4031,Customer 04031,customer04031@example.test,United States,2023-03-15,Premium,6720.66
4032,Customer 04032,customer04032@example.test,Australia,2021-10-04,Basic,293.21
4033,Customer 04033,customer04033@example.test,Germany,2020-04-06,Standard,1973.82
4034,Customer 04034,customer04034@example.test,United States,2021-12-21,Premium,8637.60
4035,Customer 04035,customer04035@example.test,Japan,2024-08-17,Basic,5330.69
4036,Customer 04036,customer04036@example.test,Canada,2022-12-09,Basic,3888.37
4037,Customer 04037,customer04037@example.test,Australia,2023-10-26,Premium,1034.42
4038,Customer 04038,customer04038@example.test,Canada,2022-07-25,Premium,7470.16
4039,Customer 04039,customer04039@example.test,Brazil,2021-10-17,Basic,2134.98
4040,Customer 04040,customer04040@example.test,France,2022-10-11,Basic,6715.30
4041,Customer 04041,customer04041@example.test,Australia,2023-06-09,Premium,9668.77
4042,Customer 04042,customer04042@example.test,France,2022-02-20,Basic,1219.81
4043,Customer 04043,customer04043@example.test,Australia,2021-08-17,Premium,6916.34
4044,Customer 04044,customer04044@example.test,India,2024-07-24,Premium,4088.56
4045,Customer 04045,customer04045@example.test,France,2024-08-19,Standard,9621.56
4046,Customer 04046,customer04046@example.test,Japan,2024-09-11,Premium,1635.03
4047,Customer 04047,customer04047@example.test,France,2020-10-17,Basic,7010.07
4048,Customer 04048,customer04048@example.test,Japan,2021-06-12,Basic,5982.54
4049,Customer 04049,customer04049@example.test,Germany,2023-12-25,Premium,9859.47
4050,Customer 04050,customer04050@example.test,Germany,2024-12-04,Standard,7238.12
4051,Customer 04051,customer04051@example.test,Japan,2020-01-21,Standard,3954.51
4052,Customer 04052,customer04052@example.test,France,2021-07-23,Standard,2657.35
4053,Customer 04053,customer04053@example.test,Australia,2023-05-14,Basic,7261.63
4054,Customer 04054,customer04054@example.test,Australia,2022-03-20,Basic,8043.90
4055,Customer 04055,customer04055@example.test,Canada,2022-07-08,Basic,7229.92
4056,Customer 04056,customer04056@example.test,Brazil,2021-04-01,Basic,1199.36
4057,Customer 04057,customer04057@example.test,Canada,2020-08-24,Standard,697.30
4058,Customer 04058,customer04058@example.test,United States,2021-01-10,Standard,1754.96
4059,Customer 04059,customer04059@example.test,Germany,2024-02-24,Basic,7497.56
4060,Customer 04060,customer04060@example.test,Japan,2023-11-24,Standard,5623.09
4061,Customer 04061,customer04061@example.test,Germany,2021-08-09,Basic,2742.01
4062,Customer 04062,customer04062@example.test,Brazil,2020-08-10,Standard,8628.49
4063,Customer 04063,customer04063@example.test,France,2024-12-18,Premium,5816.97
4064,Customer 04064,customer04064@example.test,United Kingdom,2024-09-29,Premium,1332.89
4065,Customer 04065,customer04065@example.test,Australia,2022-11-27,Standard,5020.78
4066,Customer 04066,customer04066@example.test,Brazil,2020-08-11,Premium,398.78
4067,Customer 04067,customer04067@example.test,Japan,2024-09-02,Premium,876.69
4068,Customer 04068,customer04068@example.test,Brazil,2024-04-10,Premium,4571.25
4069,Customer 04069,customer04069@example.test,India,2023-06-14,Standard,7742.12
4070,Customer 04070,customer04070@example.test,United Kingdom,2020-10-19,Basic,8064.87
4071,Customer 04071,customer04071@example.test,United States,2020-03-25,Premium,8058.82
4072,Customer 04072,customer04072@example.test,India,2021-03-06,Premium,5964.31
4073,Customer 04073,customer04073@example.test,Canada,2020-01-30,Standard,9012.38
4074,Customer 04074,customer04074@example.test,Canada,2021-05-28,Standard,4844.79
4075,Customer 04075,customer04075@example.test,Australia,2021-02-14,Standard,3984.94
4076,Customer 04076,customer04076@example.test,Germany,2020-11-09,Basic,667.41
4077,Customer 04077,customer04077@example.test,Canada,2021-04-06,Basic,2037.79
4078,Customer 04078,customer04078@example.test,United Kingdom,2021-11-18,Premium,9136.63
4079,Customer 04079,customer04079@example.test,Brazil,2022-06-21,Premium,6308.86
4080,Customer 04080,customer04080@example.test,Germany,2022-12-18,Basic,1689.23
4081,Customer 04081,customer04081@example.test,United States,2020-10-20,Standard,594.68
4082,Customer 04082,customer04082@example.test,Brazil,2020-08-16,Standard,5432.11
4083,Customer 04083,customer04083@example.test,Australia,2022-12-30,Basic,7554.80
4084,Customer 04084,customer04084@example.test,India,2020-12-13,Standard,402.96
4085,Customer 04085,customer04085@example.test,Brazil,2020-10-20,Basic,2450.12
4086,Customer 04086,customer04086@example.test,Japan,2020-01-13,Premium,5900.45
4087,Customer 04087,customer04087@example.test,Japan,2020-04-29,Basic,1254.53
4088,Customer 04088,customer04088@example.test,France,2024-10-21,Basic,369.04
4089,Customer 04089,customer04089@example.test,United States,2023-02-28,Premium,207.54
4090,Customer 04090,customer04090@example.test,United Kingdom,2023-08-21,Basic,6761.11
4091,Customer 04091,customer04091@example.test,Germany,2022-03-01,Basic,6459.74
4092,Customer 04092,customer04092@example.test,United Kingdom,2022-03-03,Basic,2492.14
4093,Customer 04093,customer04093@example.test,United Kingdom,2023-10-30,Basic,2621.88
4094,Customer 04094,customer04094@example.test,United Kingdom,2021-12-07,Standard,9640.88
4095,Customer 04095,customer04095@example.test,United Kingdom,2020-11-09,Basic,9221.64
4096,Customer 04096,customer04096@example.test,France,2022-01-07,Premium,3007.98
4097,Customer 04097,customer04097@example.test,Canada,2023-07-28,Standard,2697.05
4098,Customer 04098,customer04098@example.test,Canada,2024-12-11,Standard,7759.52
4099,Customer 04099,customer04099@example.test,Japan,2020-02-12,Standard,1509.77
4100,Customer 04100,customer04100@example.test,United Kingdom,2020-03-28,Standard,7452.08
4101,Customer 04101,customer04101@example.test,United States,2024-12-06,Premium,4217.69
4102,Customer 04102,customer04102@example.test,India,2020-09-13,Premium,9876.33
4103,Customer 04103,customer04103@example.test,Japan,2022-04-11,Standard,4829.54
4104,Customer 04104,customer04104@example.test,United Kingdom,2024-02-11,Standard,9986.36
4105,Customer 04105,customer04105@example.test,United Kingdom,2022-03-06,Standard,3542.10
4106,Customer 04106,customer04106@example.test,Japan,2021-10-29,Premium,7584.43
4107,Customer 04107,customer04107@example.test,France,2022-12-21,Premium,2274.98
4108,Customer 04108,customer04108@example.test,France,2023-12-30,Basic,2040.54
4109,Customer 04109,customer04109@example.test,India,2024-11-24,Standard,5748.35
4110,Customer 04110,customer04110@example.test,Japan,2024-11-01,Standard,6752.82
4111,Customer 04111,customer04111@example.test,France,2021-09-20,Standard,1481.96
4112,Customer 04112,customer04112@example.test,Brazil,2022-08-21,Basic,6839.20
4113,Customer 04113,customer04113@example.test,Germany,2022-07-15,Basic,4321.36
4114,Customer 04114,customer04114@example.test,France,2020-04-14,Premium,3540.86
4115,Customer 04115,customer04115@example.test,Canada,2023-02-03,Basic,4029.57
4116,Customer 04116,customer04116@example.test,Japan,2022-11-25,Premium,9890.16
4117,Customer 04117,customer04117@example.test,Australia,2022-06-26,Basic,2164.81
4118,Customer 04118,customer04118@example.test,Canada,2022-03-01,Standard,7822.08
4119,Customer 04119,customer04119@example.test,Canada,2023-10-25,Basic,4213.98
4120,Customer 04120,customer04120@example.test,France,2023-03-23,Premium,4312.68
4121,Customer 04121,customer04121@example.test,United Kingdom,2021-10-10,Premium,9101.95
4122,Customer 04122,customer04122@example.test,Canada,2024-02-21,Standard,3315.75
4123,Customer 04123,customer04123@example.test,United States,2023-06-04,Basic,6585.95
4124,Customer 04124,customer04124@example.test,Australia,2024-11-28,Basic,1017.79
4125,Customer 04125,customer04125@example.test,Brazil,2024-05-30,Premium,225.08
4126,Customer 04126,customer04126@example.test,Australia,2020-01-18,Standard,8940.16
4127,Customer 04127,customer04127@example.test,India,2020-07-03,Standard,2128.68
4128,Customer 04128,customer04128@example.test,Canada,2024-03-02,Premium,3225.01
4129,Customer 04129,customer04129@example.test,Brazil,2024-09-17,Standard,6535.05
4130,Customer 04130,customer04130@example.test,United Kingdom,2021-10-08,Standard,3550.69
4131,Customer 04131,customer04131@example.test,Canada,2023-12-11,Standard,3179.70
4132,Customer 04132,customer04132@example.test,United States,2020-07-26,Premium,9445.75
4133,Customer 04133,customer04133@example.test,Canada,2024-12-08,Premium,4353.53
4134,Customer 04134,customer04134@example.test,United States,2020-08-30,Basic,4295.80
4135,Customer 04135,customer04135@example.test,United States,2020-11-20,Basic,6592.21
4136,Customer 04136,customer04136@example.test,Germany,2022-08-19,Basic,8891.86
4137,Customer 04137,customer04137@example.test,Brazil,2021-05-25,Basic,9913.25
4138,Customer 04138,customer04138@example.test,United Kingdom,2020-10-27,Premium,7923.81
4139,Customer 04139,customer04139@example.test,Canada,2020-03-21,Standard,4957.80
4140,Customer 04140,customer04140@example.test,United Kingdom,2022-02-15,Premium,8044.02
4141,Customer 04141,customer04141@example.test,India,2020-02-10,Standard,6133.02
4142,Customer 04142,customer04142@example.test,Canada,2023-03-17,Standard,9374.14
4143,Customer 04143,customer04143@example.test,United Kingdom,2020-02-10,Basic,5943.15
4144,Customer 04144,customer04144@example.test,India,2021-12-05,Premium,9295.52
4145,Customer 04145,customer04145@example.test,Brazil,2022-01-27,Premium,1414.98
4146,Customer 04146,customer04146@example.test,Germany,2023-07-02,Basic,4127.36
4147,Customer 04147,customer04147@example.test,Brazil,2020-11-02,Basic,2067.07
4148,Customer 04148,customer04148@example.test,India,2023-07-22,Standard,7459.65
4149,Customer 04149,customer04149@example.test,Brazil,2024-06-11,Standard,6320.94
4150,Customer 04150,customer04150@example.test,United Kingdom,2024-06-25,Premium,6520.69
4151,Customer 04151,customer04151@example.test,Japan,2024-12-29,Premium,3829.56
4152,Customer 04152,customer04152@example.test,Germany,2024-10-09,Premium,5383.62
4153,Customer 04153,customer04153@example.test,United States,2021-07-27,Premium,5133.92
4154,Customer 04154,customer04154@example.test,Canada,2021-10-14,Premium,6809.50
4155,Customer 04155,customer04155@example.test,Germany,2021-05-04,Standard,4707.38
4156,Customer 04156,customer04156@example.test,India,2022-06-05,Premium,2860.89
4157,Customer 04157,customer04157@example.test,United Kingdom,2024-03-15,Basic,841.42
4158,Customer 04158,customer04158@example.test,United States,2021-11-12,Premium,1369.96
4159,Customer 04159,customer04159@example.test,Australia,2024-11-20,Basic,6015.18
4160,Customer 04160,customer04160@example.test,Germany,2020-02-09,Standard,2093.40
4161,Customer 04161,customer04161@example.test,Japan,2022-08-20,Standard,377.31
4162,Customer 04162,customer04162@example.test,Germany,2023-11-24,Basic,3933.64
4163,Customer 04163,customer04163@example.test,India,2021-11-18,Basic,8950.92
4164,Customer 04164,customer04164@example.test,Japan,2024-05-24,Standard,7416.37
4165,Customer 04165,customer04165@example.test,Canada,2021-12-01,Standard,7540.48
4166,Customer 04166,customer04166@example.test,United States,2021-06-19,Premium,5125.75
4167,Customer 04167,customer04167@example.test,Germany,2021-07-30,Premium,9577.24
4168,Customer 04168,customer04168@example.test,Brazil,2022-07-10,Basic,9577.08
4169,Customer 04169,customer04169@example.test,United States,2021-10-14,Premium,241.25
4170,Customer 04170,customer04170@example.test,Canada,2024-07-18,Premium,2547.63
4171,Customer 04171,customer04171@example.test,Canada,2020-06-01,Standard,681.14
4172,Customer 04172,customer04172@example.test,France,2020-11-11,Premium,9056.45
4173,Customer 04173,customer04173@example.test,Australia,2020-06-03,Basic,141.00
4174,Customer 04174,customer04174@example.test,India,2024-02-17,Basic,738.01
4175,Customer 04175,customer04175@example.test,United Kingdom,2020-11-15,Basic,9158.27
4176,Customer 04176,customer04176@example.test,Brazil,2021-11-08,Basic,1279.03
4177,Customer 04177,customer04177@example.test,Canada,2020-04-25,Premium,9625.95
4178,Customer 04178,customer04178@example.test,Brazil,2024-03-07,Premium,961.58
4179,Customer 04179,customer04179@example.test,Brazil,2024-01-10,Premium,4540.01
4180,Customer 04180,customer04180@example.test,France,2024-06-09,Premium,524.27
4181,Customer 04181,customer04181@example.test,Brazil,2024-01-08,Standard,3359.68
4182,Customer 04182,customer04182@example.test,United States,2023-07-04,Premium,4991.68
4183,Customer 04183,customer04183@example.test,France,2024-08-01,Basic,5193.60
4184,Customer 04184,customer04184@example.test,Canada,2023-05-24,Standard,3020.56
4185,Customer 04185,customer04185@example.test,Australia,2024-02-07,Standard,1939.10
4186,Customer 04186,customer04186@example.test,Australia,2022-11-05,Premium,1843.93
4187,Customer 04187,customer04187@example.test,Germany,2021-02-08,Premium,9208.34
4188,Customer 04188,customer04188@example.test,France,2023-01-15,Basic,1300.34
4189,Customer 04189,customer04189@example.test,Brazil,2023-12-10,Premium,1961.34
4190,Customer 04190,customer04190@example.test,India,2024-10-03,Premium,1703.13
4191,Customer 04191,customer04191@example.test,Germany,2022-03-19,Basic,4323.08
4192,Customer 04192,customer04192@example.test,Germany,2022-11-03,Premium,4472.42
4193,Customer 04193,customer04193@example.test,India,2021-05-28,Basic,2524.66
4194,Customer 04194,customer04194@example.test,Australia,2022-12-22,Basic,9338.15
4195,Customer 04195,customer04195@example.test,Germany,2023-10-31,Standard,7909.37
4196,Customer 04196,customer04196@example.test,Brazil,2020-11-26,Premium,658.32
4197,Customer 04197,customer04197@example.test,India,2022-10-08,Basic,633.38
4198,Customer 04198,customer04198@example.test,Japan,2023-06-23,Premium,7067.76
4199,Customer 04199,customer04199@example.test,United Kingdom,2024-04-14,Premium,7804.22
4200,Customer 04200,customer04200@example.test,Brazil,2023-10-13,Standard,6167.08
4201,Customer 04201,customer04201@example.test,India,2024-04-28,Basic,7141.64
4202,Customer 04202,customer04202@example.test,Brazil,2023-05-25,Basic,2751.85
4203,Customer 04203,customer04203@example.test,India,2024-01-29,Standard,3755.08
4204,Customer 04204,customer04204@example.test,United Kingdom,2024-02-29,Standard,5239.68
4205,Customer 04205,customer04205@example.test,United Kingdom,2021-09-06,Standard,5724.35
4206,Customer 04206,customer04206@example.test,France,2024-03-05,Premium,6157.54
4207,Customer 04207,customer04207@example.test,Australia,2020-12-15,Basic,3700.37
4208,Customer 04208,customer04208@example.test,United Kingdom,2022-04-19,Standard,3401.24
4209,Customer 04209,customer04209@example.test,Japan,2024-06-18,Standard,9108.79
4210,Customer 04210,customer04210@example.test,United Kingdom,2022-08-09,Premium,1489.84
4211,Customer 04211,customer04211@example.test,Japan,2024-02-20,Standard,9957.63
4212,Customer 04212,customer04212@example.test,Canada,2020-02-20,Standard,3999.87
4213,Customer 04213,customer04213@example.test,Canada,2024-11-17,Standard,3834.74
4214,Customer 04214,customer04214@example.test,Japan,2020-01-29,Basic,9493.41
4215,Customer 04215,customer04215@example.test,Canada,2020-12-19,Basic,9919.97
4216,Customer 04216,customer04216@example.test,France,2021-01-11,Premium,171.85
4217,Customer 04217,customer04217@example.test,United Kingdom,2022-03-12,Premium,2840.48
4218,Customer 04218,customer04218@example.test,France,2021-11-21,Premium,5214.80
4219,Customer 04219,customer04219@example.test,Canada,2022-03-14,Standard,8700.85
4220,Customer 04220,customer04220@example.test,United States,2024-10-14,Standard,2388.01
4221,Customer 04221,customer04221@example.test,United Kingdom,2021-01-24,Basic,7588.85
4222,Customer 04222,customer04222@example.test,Japan,2022-10-19,Standard,9933.48
4223,Customer 04223,customer04223@example.test,Canada,2024-10-10,Standard,6981.30
4224,Customer 04224,customer04224@example.test,India,2020-05-02,Premium,701.56
4225,Customer 04225,customer04225@example.test,United Kingdom,2021-10-24,Basic,3033.75
4226,Customer 04226,customer04226@example.test,France,2020-10-16,Basic,9891.61
4227,Customer 04227,customer04227@example.test,France,2022-10-09,Standard,5143.33
4228,Customer 04228,customer04228@example.test,Germany,2020-01-27,Basic,1663.06
4229,Customer 04229,customer04229@example.test,Germany,2021-11-24,Basic,6485.23
4230,Customer 04230,customer04230@example.test,Brazil,2022-05-28,Basic,1357.15
4231,Customer 04231,customer04231@example.test,Germany,2022-12-20,Standard,7599.62
4232,Customer 04232,customer04232@example.test,Canada,2022-02-03,Standard,5927.89
4233,Customer 04233,customer04233@example.test,Brazil,2022-08-27,Premium,4687.95
4234,Customer 04234,customer04234@example.test,Japan,2022-01-27,Premium,2196.30
4235,Customer 04235,customer04235@example.test,France,2021-10-30,Standard,6646.62
4236,Customer 04236,customer04236@example.test,Germany,2022-09-02,Basic,3573.09
4237,Customer 04237,customer04237@example.test,India,2023-03-28,Basic,2038.19
4238,Customer 04238,customer04238@example.test,India,2020-09-17,Basic,6000.73
4239,Customer 04239,customer04239@example.test,France,2021-04-13,Premium,5123.21
4240,Customer 04240,customer04240@example.test,United Kingdom,2023-02-27,Premium,3286.86
4241,Customer 04241,customer04241@example.test,Brazil,2022-11-12,Standard,7866.33
4242,Customer 04242,customer04242@example.test,India,2020-10-30,Premium,5549.43
4243,Customer 04243,customer04243@example.test,United Kingdom,2022-10-02,Basic,9441.69
4244,Customer 04244,customer04244@example.test,Germany,2024-12-29,Premium,4713.19
4245,Customer 04245,customer04245@example.test,France,2022-03-08,Standard,7464.89
4246,Customer 04246,customer04246@example.test,India,2020-10-20,Premium,4967.59
4247,Customer 04247,customer04247@example.test,France,2021-05-20,Basic,32.01
4248,Customer 04248,customer04248@example.test,India,2021-11-01,Basic,5059.93
4249,Customer 04249,customer04249@example.test,Canada,2023-02-24,Standard,3355.81
4250,Customer 04250,customer04250@example.test,India,2022-09-19,Basic,9261.16
4251,Customer 04251,customer04251@example.test,France,2023-01-03,Basic,1973.36
4252,Customer 04252,customer04252@example.test,Brazil,2023-05-08,Standard,7690.46
4253,Customer 04253,customer04253@example.test,France,2020-05-04,Basic,8376.53
4254,Customer 04254,customer04254@example.test,Germany,2022-10-29,Premium,8291.18
4255,Customer 04255,customer04255@example.test,Japan,2022-02-09,Basic,8583.50
4256,Customer 04256,customer04256@example.test,Australia,2024-10-12,Standard,2736.65
4257,Customer 04257,customer04257@example.test,Canada,2021-02-22,Standard,265.11
4258,Customer 04258,customer04258@example.test,Japan,2020-02-29,Premium,3865.38
4259,Customer 04259,customer04259@example.test,Canada,2022-08-10,Standard,6562.93
4260,Customer 04260,customer04260@example.test,United States,2022-02-21,Premium,6226.91
4261,Customer 04261,customer04261@example.test,India,2022-06-28,Premium,9824.13
4262,Customer 04262,customer04262@example.test,United Kingdom,2021-07-14,Standard,2073.88
4263,Customer 04263,customer04263@example.test,United Kingdom,2023-12-17,Standard,1708.14
4264,Customer 04264,customer04264@example.test,Canada,2023-04-16,Standard,177.79
4265,Customer 04265,customer04265@example.test,Australia,2020-09-10,Standard,5794.17
4266,Customer 04266,customer04266@example.test,India,2022-09-04,Premium,3305.83
4267,Customer 04267,customer04267@example.test,Japan,2024-08-30,Basic,267.02
4268,Customer 04268,customer04268@example.test,Japan,2023-07-11,Basic,3396.17
4269,Customer 04269,customer04269@example.test,Canada,2022-03-21,Standard,6428.63
4270,Customer 04270,customer04270@example.test,Australia,2024-09-08,Basic,2966.51
4271,Customer 04271,customer04271@example.test,Australia,2021-10-25,Basic,585.72
4272,Customer 04272,customer04272@example.test,Canada,2024-01-20,Standard,669.80
4273,Customer 04273,customer04273@example.test,Canada,2020-05-19,Premium,1072.20
4274,Customer 04274,customer04274@example.test,Canada,2022-12-06,Basic,2464.29
4275,Customer 04275,customer04275@example.test,India,2020-07-07,Standard,3545.84
4276,Customer 04276,customer04276@example.test,Japan,2020-06-15,Standard,7873.24
4277,Customer 04277,customer04277@example.test,United Kingdom,2020-05-22,Standard,5715.90
4278,Customer 04278,customer04278@example.test,United States,2020-05-07,Standard,6729.95
4279,Customer 04279,customer04279@example.test,Japan,2024-06-05,Basic,1625.12
4280,Customer 04280,customer04280@example.test,Brazil,2023-01-27,Premium,4702.84
4281,Customer 04281,customer04281@example.test,Brazil,2020-11-21,Standard,2384.42
4282,Customer 04282,customer04282@example.test,Australia,2021-05-05,Basic,7167.24
4283,Customer 04283,customer04283@example.test,Australia,2023-02-16,Premium,6741.32
4284,Customer 04284,customer04284@example.test,France,2024-09-22,Standard,444.54
4285,Customer 04285,customer04285@example.test,France,2020-03-27,Premium,9961.11
4286,Customer 04286,customer04286@example.test,Canada,2020-11-08,Basic,3349.77
4287,Customer 04287,customer04287@example.test,Japan,2021-10-23,Basic,7028.21
4288,Customer 04288,customer04288@example.test,Australia,2022-03-21,Basic,8027.23
4289,Customer 04289,customer04289@example.test,United Kingdom,2021-08-16,Premium,7021.70
4290,Customer 04290,customer04290@example.test,Japan,2024-01-03,Basic,712.62
4291,Customer 04291,customer04291@example.test,France,2020-03-23,Basic,377.54
4292,Customer 04292,customer04292@example.test,France,2021-03-03,Basic,5153.38
4293,Customer 04293,customer04293@example.test,India,2020-01-15,Basic,845.43
4294,Customer 04294,customer04294@example.test,India,2023-04-06,Basic,9422.28
4295,Customer 04295,customer04295@example.test,Canada,2024-08-24,Standard,2231.14
4296,Customer 04296,customer04296@example.test,United States,2020-11-07,Premium,9596.57
4297,Customer 04297,customer04297@example.test,Germany,2023-07-09,Standard,5832.83
4298,Customer 04298,customer04298@example.test,United States,2022-02-05,Standard,1676.28
4299,Customer 04299,customer04299@example.test,France,2024-09-05,Basic,2687.27
4300,Customer 04300,customer04300@example.test,France,2021-11-16,Standard,9415.45
4301,Customer 04301,customer04301@example.test,Japan,2021-06-17,Premium,6820.59
4302,Customer 04302,customer04302@example.test,United Kingdom,2021-08-07,Premium,4671.86
4303,Customer 04303,customer04303@example.test,United States,2023-05-20,Standard,2145.28
4304,Customer 04304,customer04304@example.test,Brazil,2021-01-13,Premium,4062.72
4305,Customer 04305,customer04305@example.test,Brazil,2024-07-05,Basic,9784.09
4306,Customer 04306,customer04306@example.test,France,2024-11-25,Premium,7966.65
4307,Customer 04307,customer04307@example.test,Germany,2023-03-13,Basic,7069.56
4308,Customer 04308,customer04308@example.test,Germany,2021-03-14,Standard,4863.08
4309,Customer 04309,customer04309@example.test,France,2020-04-21,Basic,9334.49
4310,Customer 04310,customer04310@example.test,Germany,2024-12-16,Premium,5359.26
4311,Customer 04311,customer04311@example.test,Germany,2020-02-18,Premium,2269.36
4312,Customer 04312,customer04312@example.test,Canada,2024-08-25,Standard,2163.76
4313,Customer 04313,customer04313@example.test,Japan,2022-10-20,Basic,3432.60
4314,Customer 04314,customer04314@example.test,Japan,2022-07-26,Basic,7904.78
4315,Customer 04315,customer04315@example.test,United Kingdom,2020-12-04,Standard,5880.72
4316,Customer 04316,customer04316@example.test,Germany,2023-05-07,Basic,8990.06
4317,Customer 04317,customer04317@example.test,Brazil,2021-05-23,Basic,1124.71
4318,Customer 04318,customer04318@example.test,Australia,2024-12-16,Premium,6493.58
4319,Customer 04319,customer04319@example.test,Australia,2020-04-12,Standard,9753.42
4320,Customer 04320,customer04320@example.test,Germany,2020-01-01,Standard,3999.48
4321,Customer 04321,customer04321@example.test,Canada,2024-02-01,Premium,561.38
4322,Customer 04322,customer04322@example.test,France,2022-01-23,Basic,2000.53
4323,Customer 04323,customer04323@example.test,India,2022-05-16,Premium,2935.78
4324,Customer 04324,customer04324@example.test,Australia,2022-05-05,Standard,8078.68
4325,Customer 04325,customer04325@example.test,Brazil,2020-03-12,Standard,1487.28
4326,Customer 04326,customer04326@example.test,United Kingdom,2021-06-22,Premium,1261.69
4327,Customer 04327,customer04327@example.test,Australia,2023-07-27,Standard,1830.61
4328,Customer 04328,customer04328@example.test,Brazil,2020-01-30,Premium,7600.17
4329,Customer 04329,customer04329@example.test,United Kingdom,2021-04-25,Basic,7286.74
4330,Customer 04330,customer04330@example.test,Germany,2023-02-15,Standard,236.54
4331,Customer 04331,customer04331@example.test,United Kingdom,2023-12-10,Premium,7669.64
4332,Customer 04332,customer04332@example.test,Canada,2023-11-17,Premium,683.22
4333,Customer 04333,customer04333@example.test,Japan,2022-03-25,Premium,389.66
4334,Customer 04334,customer04334@example.test,Japan,2022-10-15,Standard,4324.58
4335,Customer 04335,customer04335@example.test,Australia,2020-12-24,Basic,9410.00
4336,Customer 04336,customer04336@example.test,Brazil,2020-03-31,Standard,7443.85
4337,Customer 04337,customer04337@example.test,United Kingdom,2021-07-30,Premium,8408.96
4338,Customer 04338,customer04338@example.test,Australia,2021-07-01,Basic,2851.73
4339,Customer 04339,customer04339@example.test,France,2024-11-20,Premium,7231.76
4340,Customer 04340,customer04340@example.test,Australia,2022-07-06,Basic,462.66
4341,Customer 04341,customer04341@example.test,Japan,2024-11-23,Basic,9983.97
4342,Customer 04342,customer04342@example.test,United Kingdom,2023-12-10,Premium,7503.28
4343,Customer 04343,customer04343@example.test,Australia,2024-10-03,Standard,3817.18
4344,Customer 04344,customer04344@example.test,India,2020-06-30,Standard,8605.81
4345,Customer 04345,customer04345@example.test,United States,2022-08-25,Premium,3913.99
4346,Customer 04346,customer04346@example.test,India,2023-09-10,Basic,5777.90
4347,Customer 04347,customer04347@example.test,Canada,2023-01-12,Standard,7709.07
4348,Customer 04348,customer04348@example.test,India,2023-08-02,Standard,1824.13
4349,Customer 04349,customer04349@example.test,Japan,2023-04-03,Standard,4901.92
4350,Customer 04350,customer04350@example.test,Germany,2021-12-12,Premium,8537.79
4351,Customer 04351,customer04351@example.test,United Kingdom,2023-10-09,Basic,5686.09
4352,Customer 04352,customer04352@example.test,India,2022-04-15,Standard,906.44
4353,Customer 04353,customer04353@example.test,Germany,2023-05-18,Premium,3489.70
4354,Customer 04354,customer04354@example.test,United Kingdom,2022-01-04,Standard,7903.15
4355,Customer 04355,customer04355@example.test,Canada,2023-01-09,Premium,3601.37
4356,Customer 04356,customer04356@example.test,Canada,2022-11-03,Basic,3582.45
4357,Customer 04357,customer04357@example.test,Canada,2023-01-11,Basic,1462.98
4358,Customer 04358,customer04358@example.test,France,2024-07-29,Basic,4156.03
4359,Customer 04359,customer04359@example.test,Japan,2020-06-16,Premium,5257.38
4360,Customer 04360,customer04360@example.test,Australia,2023-01-19,Basic,1088.58
4361,Customer 04361,customer04361@example.test,Australia,2023-03-24,Standard,9798.99
4362,Customer 04362,customer04362@example.test,Canada,2023-02-01,Basic,2377.98
4363,Customer 04363,customer04363@example.test,India,2023-11-01,Standard,1226.00
4364,Customer 04364,customer04364@example.test,India,2021-10-28,Basic,9824.40
4365,Customer 04365,customer04365@example.test,United States,2022-03-19,Basic,8591.62
4366,Customer 04366,customer04366@example.test,France,2022-03-15,Basic,3681.91
4367,Customer 04367,customer04367@example.test,Japan,2024-03-15,Basic,7880.73
4368,Customer 04368,customer04368@example.test,France,2020-08-05,Basic,6751.80
4369,Customer 04369,customer04369@example.test,Canada,2022-07-18,Basic,9387.21
4370,Customer 04370,customer04370@example.test,France,2024-03-22,Basic,6.25
4371,Customer 04371,customer04371@example.test,United States,2024-06-13,Premium,5192.57
4372,Customer 04372,customer04372@example.test,Brazil,2020-10-22,Basic,9962.63
4373,Customer 04373,customer04373@example.test,France,2021-09-19,Standard,3175.69
4374,Customer 04374,customer04374@example.test,France,2024-08-17,Basic,6692.52
4375,Customer 04375,customer04375@example.test,France,2020-07-16,Premium,170.07
4376,Customer 04376,customer04376@example.test,Germany,2020-03-04,Premium,2171.46
4377,Customer 04377,customer04377@example.test,Brazil,2021-01-15,Premium,2657.44
4378,Customer 04378,customer04378@example.test,Brazil,2022-07-15,Standard,9907.72
4379,Customer 04379,customer04379@example.test,Japan,2022-01-02,Premium,7317.15
4380,Customer 04380,customer04380@example.test,Germany,2023-05-08,Standard,4065.82
4381,Customer 04381,customer04381@example.test,France,2022-02-06,Standard,4493.39
4382,Customer 04382,customer04382@example.test,United Kingdom,2023-06-22,Basic,6446.67
4383,Customer 04383,customer04383@example.test,Australia,2023-04-30,Basic,5152.00
4384,Customer 04384,customer04384@example.test,United Kingdom,2020-03-05,Standard,3685.71
4385,Customer 04385,customer04385@example.test,Germany,2020-03-04,Basic,4966.02
4386,Customer 04386,customer04386@example.test,Japan,2024-10-29,Basic,8071.80
4387,Customer 04387,customer04387@example.test,Japan,2020-07-19,Basic,6156.44
4388,Customer 04388,customer04388@example.test,India,2023-06-24,Basic,5141.25
4389,Customer 04389,customer04389@example.test,Japan,2020-02-25,Premium,5111.26
4390,Customer 04390,customer04390@example.test,Brazil,2024-04-03,Standard,2644.05
4391,Customer 04391,customer04391@example.test,Brazil,2023-01-18,Premium,2573.09
4392,Customer 04392,customer04392@example.test,Brazil,2024-01-23,Standard,3983.02
4393,Customer 04393,customer04393@example.test,India,2024-03-14,Premium,6329.29
4394,Customer 04394,customer04394@example.test,Australia,2022-08-19,Standard,3248.63
4395,Customer 04395,customer04395@example.test,United Kingdom,2023-02-05,Premium,6435.29
4396,Customer 04396,customer04396@example.test,Brazil,2022-04-20,Premium,7170.41
4397,Customer 04397,customer04397@example.test,Australia,2020-09-19,Basic,4660.18
4398,Customer 04398,customer04398@example.test,United States,2020-05-21,Premium,4856.79
4399,Customer 04399,customer04399@example.test,Japan,2021-07-16,Basic,6854.56
4400,Customer 04400,customer04400@example.test,Australia,2024-01-23,Standard,6141.10
4401,Customer 04401,customer04401@example.test,United States,2020-08-28,Standard,1823.66
4402,Customer 04402,customer04402@example.test,Germany,2022-07-14,Premium,417.50
4403,Customer 04403,customer04403@example.test,India,2021-08-17,Standard,1150.02
4404,Customer 04404,customer04404@example.test,Canada,2023-11-07,Premium,2087.95
4405,Customer 04405,customer04405@example.test,United Kingdom,2022-09-14,Premium,59.69
4406,Customer 04406,customer04406@example.test,Canada,2022-03-04,Standard,460.05
4407,Customer 04407,customer04407@example.test,Canada,2021-09-11,Premium,3565.89
4408,Customer 04408,customer04408@example.test,United Kingdom,2024-11-07,Premium,7485.02
4409,Customer 04409,customer04409@example.test,Brazil,2022-06-29,Premium,1724.20
4410,Customer 04410,customer04410@example.test,Canada,2020-10-12,Basic,9926.57
4411,Customer 04411,customer04411@example.test,Australia,2023-05-24,Standard,5202.46
4412,Customer 04412,customer04412@example.test,Japan,2022-01-20,Premium,7428.20
4413,Customer 04413,customer04413@example.test,India,2022-12-11,Basic,5698.84
4414,Customer 04414,customer04414@example.test,Japan,2020-08-05,Standard,351.65
4415,Customer 04415,customer04415@example.test,Japan,2021-07-25,Basic,7361.50
4416,Customer 04416,customer04416@example.test,Brazil,2022-05-14,Premium,914.80
4417,Customer 04417,customer04417@example.test,India,2021-06-22,Standard,4208.21
4418,Customer 04418,customer04418@example.test,France,2022-11-04,Premium,1268.89
4419,Customer 04419,customer04419@example.test,Canada,2020-02-19,Premium,5981.29
4420,Customer 04420,customer04420@example.test,France,2021-01-17,Standard,6919.15
4421,Customer 04421,customer04421@example.test,India,2023-01-23,Basic,2757.82
4422,Customer 04422,customer04422@example.test,Brazil,2022-09-05,Basic,1945.21
4423,Customer 04423,customer04423@example.test,Japan,2023-04-07,Premium,5868.52
4424,Customer 04424,customer04424@example.test,France,2020-03-22,Premium,1545.46
4425,Customer 04425,customer04425@example.test,Canada,2021-09-07,Basic,7355.48
4426,Customer 04426,customer04426@example.test,Australia,2022-03-11,Standard,629.08
4427,Customer 04427,customer04427@example.test,Australia,2022-11-10,Premium,5500.44
4428,Customer 04428,customer04428@example.test,Germany,2023-09-25,Basic,5562.89
4429,Customer 04429,customer04429@example.test,Germany,2020-01-19,Premium,3350.50
4430,Customer 04430,customer04430@example.test,United Kingdom,2021-05-14,Premium,1978.31
4431,Customer 04431,customer04431@example.test,United Kingdom,2023-09-21,Standard,5019.89
4432,Customer 04432,customer04432@example.test,Brazil,2021-03-14,Premium,4066.98
4433,Customer 04433,customer04433@example.test,United States,2023-02-06,Premium,1532.09
4434,Customer 04434,customer04434@example.test,Canada,2023-09-28,Basic,1524.65
4435,Customer 04435,customer04435@example.test,Brazil,2024-10-29,Standard,5383.22
4436,Customer 04436,customer04436@example.test,Canada,2020-05-28,Premium,6573.95
4437,Customer 04437,customer04437@example.test,Japan,2024-03-22,Basic,3792.93
4438,Customer 04438,customer04438@example.test,Germany,2021-04-06,Standard,625.71
4439,Customer 04439,customer04439@example.test,Japan,2024-03-20,Premium,9129.62
4440,Customer 04440,customer04440@example.test,Japan,2021-10-18,Premium,2019.61
4441,Customer 04441,customer04441@example.test,India,2023-10-07,Standard,4716.79
4442,Customer 04442,customer04442@example.test,France,2023-05-26,Basic,9515.91
4443,Customer 04443,customer04443@example.test,United Kingdom,2020-09-17,Basic,9955.05
4444,Customer 04444,customer04444@example.test,United States,2024-06-06,Standard,6774.23
4445,Customer 04445,customer04445@example.test,Canada,2024-11-20,Premium,6280.74
4446,Customer 04446,customer04446@example.test,Germany,2022-12-03,Standard,8106.53
4447,Customer 04447,customer04447@example.test,Japan,2020-06-02,Basic,324.15
4448,Customer 04448,customer04448@example.test,Brazil,2022-05-04,Basic,889.63
4449,Customer 04449,customer04449@example.test,Canada,2023-12-13,Basic,418.89
4450,Customer 04450,customer04450@example.test,Germany,2022-01-26,Standard,2944.75
4451,Customer 04451,customer04451@example.test,India,2022-08-09,Standard,8769.49
4452,Customer 04452,customer04452@example.test,India,2023-01-01,Standard,8969.29
4453,Customer 04453,customer04453@example.test,United States,2022-08-20,Standard,4048.48
4454,Customer 04454,customer04454@example.test,United States,2024-03-31,Basic,6346.03
4455,Customer 04455,customer04455@example.test,Canada,2023-05-12,Standard,3534.49
4456,Customer 04456,customer04456@example.test,United Kingdom,2020-07-05,Standard,5586.17
4457,Customer 04457,customer04457@example.test,Brazil,2022-11-24,Standard,6596.81
4458,Customer 04458,customer04458@example.test,Germany,2021-07-03,Standard,6233.09
4459,Customer 04459,customer04459@example.test,France,2022-11-17,Standard,9718.41
4460,Customer 04460,customer04460@example.test,France,2021-10-25,Basic,2005.57
4461,Customer 04461,customer04461@example.test,Germany,2021-12-14,Premium,8658.46
4462,Customer 04462,customer04462@example.test,United States,2021-11-17,Basic,4315.30
4463,Customer 04463,customer04463@example.test,Germany,2021-07-24,Basic,4444.36
4464,Customer 04464,customer04464@example.test,France,2023-10-03,Basic,9338.09
4465,Customer 04465,customer04465@example.test,Canada,2024-05-30,Basic,3093.45
4466,Customer 04466,customer04466@example.test,India,2021-01-24,Basic,5691.41
4467,Customer 04467,customer04467@example.test,India,2023-02-06,Premium,8367.95
4468,Customer 04468,customer04468@example.test,United States,2022-08-05,Premium,1229.04
4469,Customer 04469,customer04469@example.test,Germany,2024-01-23,Basic,2590.26
4470,Customer 04470,customer04470@example.test,India,2021-02-25,Premium,9303.73
4471,Customer 04471,customer04471@example.test,United Kingdom,2023-08-19,Standard,2575.65
4472,Customer 04472,customer04472@example.test,United Kingdom,2022-03-13,Basic,2838.91
4473,Customer 04473,customer04473@example.test,United Kingdom,2023-03-09,Basic,3579.83
4474,Customer 04474,customer04474@example.test,Germany,2020-10-26,Basic,755.50
4475,Customer 04475,customer04475@example.test,Brazil,2021-06-01,Standard,8526.12
4476,Customer 04476,customer04476@example.test,Japan,2023-02-01,Premium,697.78
4477,Customer 04477,customer04477@example.test,Germany,2021-01-21,Standard,4768.51
4478,Customer 04478,customer04478@example.test,Germany,2023-02-01,Basic,5950.18
4479,Customer 04479,customer04479@example.test,France,2022-05-11,Standard,534.70
4480,Customer 04480,customer04480@example.test,United Kingdom,2022-05-25,Basic,1133.29
4481,Customer 04481,customer04481@example.test,Japan,2022-09-02,Standard,3283.53
4482,Customer 04482,customer04482@example.test,Canada,2020-09-01,Premium,1288.87
4483,Customer 04483,customer04483@example.test,Australia,2022-01-10,Premium,8883.27
4484,Customer 04484,customer04484@example.test,Germany,2020-05-23,Premium,5751.34
4485,Customer 04485,customer04485@example.test,Germany,2023-01-01,Premium,8219.47
4486,Customer 04486,customer04486@example.test,Japan,2020-07-15,Premium,418.77
4487,Customer 04487,customer04487@example.test,Australia,2024-12-30,Premium,1168.44
4488,Customer 04488,customer04488@example.test,Germany,2021-11-22,Standard,4506.80
4489,Customer 04489,customer04489@example.test,France,2021-05-07,Premium,6483.47
4490,Customer 04490,customer04490@example.test,Germany,2023-05-21,Basic,3707.25
4491,Customer 04491,customer04491@example.test,France,2024-09-17,Premium,240.69
4492,Customer 04492,customer04492@example.test,India,2023-02-07,Premium,1801.89
4493,Customer 04493,customer04493@example.test,Japan,2024-07-08,Premium,5680.25
4494,Customer 04494,customer04494@example.test,Australia,2023-06-16,Premium,956.06
4495,Customer 04495,customer04495@example.test,Germany,2023-03-15,Standard,1306.14
4496,Customer 04496,customer04496@example.test,France,2020-07-14,Standard,2317.07
4497,Customer 04497,customer04497@example.test,United Kingdom,2021-05-10,Basic,1736.88
4498,Customer 04498,customer04498@example.test,Canada,2024-12-31,Premium,2930.46
4499,Customer 04499,customer04499@example.test,Australia,2020-08-07,Premium,7037.63
4500,Customer 04500,customer04500@example.test,Japan,2021-09-23,Basic,9027.14
4501,Customer 04501,customer04501@example.test,Japan,2023-05-13,Standard,2237.53
4502,Customer 04502,customer04502@example.test,Brazil,2021-04-20,Premium,4283.79
4503,Customer 04503,customer04503@example.test,United Kingdom,2023-12-30,Standard,1576.90
4504,Customer 04504,customer04504@example.test,Japan,2024-02-22,Basic,7871.59
4505,Customer 04505,customer04505@example.test,Australia,2022-02-17,Basic,8022.19
4506,Customer 04506,customer04506@example.test,France,2021-07-10,Basic,5153.95
4507,Customer 04507,customer04507@example.test,United States,2022-06-13,Standard,3377.25
4508,Customer 04508,customer04508@example.test,United Kingdom,2020-02-12,Basic,6455.43
4509,Customer 04509,customer04509@example.test,United Kingdom,2022-03-05,Basic,2154.50
4510,Customer 04510,customer04510@example.test,Canada,2022-02-02,Basic,811.14
4511,Customer 04511,customer04511@example.test,Japan,2023-05-15,Premium,8263.51
4512,Customer 04512,customer04512@example.test,France,2022-04-07,Premium,3294.74
4513,Customer 04513,customer04513@example.test,Japan,2021-12-24,Standard,2608.49
4514,Customer 04514,customer04514@example.test,Germany,2024-01-04,Premium,3978.75
4515,Customer 04515,customer04515@example.test,United Kingdom,2023-05-14,Premium,7198.39
4516,Customer 04516,customer04516@example.test,France,2023-02-27,Basic,7314.66
4517,Customer 04517,customer04517@example.test,United Kingdom,2020-05-12,Basic,8389.66
4518,Customer 04518,customer04518@example.test,Japan,2020-02-14,Basic,3619.51
4519,Customer 04519,customer04519@example.test,Japan,2022-01-06,Premium,5148.06
4520,Customer 04520,customer04520@example.test,United Kingdom,2022-06-12,Standard,938.06
4521,Customer 04521,customer04521@example.test,Germany,2022-06-14,Standard,2396.59
4522,Customer 04522,customer04522@example.test,India,2021-07-05,Standard,5017.75
4523,Customer 04523,customer04523@example.test,Canada,2020-11-19,Premium,8951.13
4524,Customer 04524,customer04524@example.test,United States,2023-04-14,Basic,5567.27
4525,Customer 04525,customer04525@example.test,France,2024-07-17,Premium,3999.73
4526,Customer 04526,customer04526@example.test,Australia,2022-01-16,Premium,943.43
4527,Customer 04527,customer04527@example.test,Canada,2023-12-19,Premium,6453.46
4528,Customer 04528,customer04528@example.test,United States,2023-11-25,Premium,2625.54
4529,Customer 04529,customer04529@example.test,United States,2020-06-11,Standard,4751.10
4530,Customer 04530,customer04530@example.test,Germany,2020-11-01,Premium,9002.02
4531,Customer 04531,customer04531@example.test,Germany,2022-06-11,Premium,2402.16
4532,Customer 04532,customer04532@example.test,Germany,2022-04-18,Premium,5457.92
4533,Customer 04533,customer04533@example.test,France,2020-05-16,Premium,6511.07
4534,Customer 04534,customer04534@example.test,Canada,2020-04-16,Standard,5745.55
4535,Customer 04535,customer04535@example.test,Japan,2022-08-21,Premium,2477.21
4536,Customer 04536,customer04536@example.test,France,2020-02-05,Basic,7471.40
4537,Customer 04537,customer04537@example.test,Brazil,2020-06-06,Premium,2821.13
4538,Customer 04538,customer04538@example.test,Canada,2024-07-31,Basic,1301.67
4539,Customer 04539,customer04539@example.test,United Kingdom,2024-05-14,Basic,7978.19
4540,Customer 04540,customer04540@example.test,Canada,2022-01-25,Premium,5595.80
4541,Customer 04541,customer04541@example.test,France,2021-01-17,Premium,3412.88
4542,Customer 04542,customer04542@example.test,Canada,2024-10-17,Standard,5381.77
4543,Customer 04543,customer04543@example.test,Australia,2024-07-23,Basic,5290.16
4544,Customer 04544,customer04544@example.test,Japan,2020-04-26,Premium,1751.13
4545,Customer 04545,customer04545@example.test,United Kingdom,2020-04-09,Premium,8876.58
4546,Customer 04546,customer04546@example.test,France,2020-09-27,Basic,8748.05
4547,Customer 04547,customer04547@example.test,Germany,2022-01-22,Standard,2577.28
4548,Customer 04548,customer04548@example.test,Canada,2022-07-20,Basic,1152.13
4549,Customer 04549,customer04549@example.test,France,2024-01-01,Premium,6712.31
4550,Customer 04550,customer04550@example.test,Australia,2023-05-26,Premium,3957.58
4551,Customer 04551,customer04551@example.test,Australia,2020-10-05,Standard,4831.55
4552,Customer 04552,customer04552@example.test,United Kingdom,2022-12-19,Basic,7908.97
4553,Customer 04553,customer04553@example.test,United States,2022-03-19,Basic,7615.12
4554,Customer 04554,customer04554@example.test,United States,2022-04-07,Standard,6787.99
4555,Customer 04555,customer04555@example.test,India,2022-11-30,Basic,6055.23
4556,Customer 04556,customer04556@example.test,Japan,2024-01-11,Standard,5488.98
4557,Customer 04557,customer04557@example.test,Canada,2022-04-14,Basic,8996.01
4558,Customer 04558,customer04558@example.test,Canada,2022-10-20,Premium,2169.43
4559,Customer 04559,customer04559@example.test,India,2020-05-30,Standard,1211.48
4560,Customer 04560,customer04560@example.test,Japan,2023-05-22,Standard,3942.06
4561,Customer 04561,customer04561@example.test,India,2021-09-05,Premium,3298.24
4562,Customer 04562,customer04562@example.test,France,2022-09-24,Premium,2260.41
4563,Customer 04563,customer04563@example.test,Canada,2022-06-10,Standard,9072.24
4564,Customer 04564,customer04564@example.test,Canada,2023-04-24,Basic,8323.18
4565,Customer 04565,customer04565@example.test,Japan,2021-09-10,Premium,1492.28
4566,Customer 04566,customer04566@example.test,France,2020-02-03,Standard,2652.05
4567,Customer 04567,customer04567@example.test,Japan,2022-09-23,Standard,7475.19
4568,Customer 04568,customer04568@example.test,India,2022-08-10,Premium,4858.04
4569,Customer 04569,customer04569@example.test,Japan,2020-09-24,Premium,2572.84
4570,Customer 04570,customer04570@example.test,Brazil,2020-10-25,Standard,3922.04
4571,Customer 04571,customer04571@example.test,India,2020-04-18,Standard,9535.66
4572,Customer 04572,customer04572@example.test,Japan,2022-03-02,Premium,6272.96
4573,Customer 04573,customer04573@example.test,India,2021-08-25,Basic,5784.01
4574,Customer 04574,customer04574@example.test,Australia,2022-09-04,Standard,710.46
4575,Customer 04575,customer04575@example.test,India,2021-12-22,Premium,3254.16
4576,Customer 04576,customer04576@example.test,Canada,2022-11-03,Premium,1062.23
4577,Customer 04577,customer04577@example.test,United States,2020-10-25,Standard,627.96
4578,Customer 04578,customer04578@example.test,United States,2020-02-20,Premium,6613.10
4579,Customer 04579,customer04579@example.test,India,2022-12-03,Premium,4701.38
4580,Customer 04580,customer04580@example.test,India,2022-04-06,Basic,4826.50
4581,Customer 04581,customer04581@example.test,India,2021-12-11,Standard,3858.41
4582,Customer 04582,customer04582@example.test,United States,2020-04-14,Basic,1292.87
4583,Customer 04583,customer04583@example.test,United Kingdom,2024-12-14,Standard,4544.61
4584,Customer 04584,customer04584@example.test,United States,2024-04-12,Premium,6986.87
4585,Customer 04585,customer04585@example.test,United States,2024-05-15,Basic,7853.17
4586,Customer 04586,customer04586@example.test,United States,2023-03-05,Premium,1607.78
4587,Customer 04587,customer04587@example.test,Japan,2024-08-16,Standard,6927.06
4588,Customer 04588,customer04588@example.test,United Kingdom,2024-01-02,Basic,7576.41
4589,Customer 04589,customer04589@example.test,Germany,2023-07-24,Premium,1491.19
4590,Customer 04590,customer04590@example.test,France,2024-04-09,Premium,6468.39
4591,Customer 04591,customer04591@example.test,Germany,2022-02-25,Standard,2309.35
4592,Customer 04592,customer04592@example.test,Australia,2020-03-26,Standard,127.03
4593,Customer 04593,customer04593@example.test,France,2020-09-29,Standard,5969.48
4594,Customer 04594,customer04594@example.test,Japan,2021-01-31,Premium,4476.49
4595,Customer 04595,customer04595@example.test,Germany,2023-01-25,Premium,5.94
4596,Customer 04596,customer04596@example.test,Canada,2020-05-15,Premium,2784.04
4597,Customer 04597,customer04597@example.test,United Kingdom,2024-01-29,Premium,2297.37
4598,Customer 04598,customer04598@example.test,Canada,2022-08-17,Basic,5174.53
4599,Customer 04599,customer04599@example.test,Brazil,2020-08-21,Basic,4819.32
4600,Customer 04600,customer04600@example.test,India,2024-07-20,Basic,7632.81
4601,Customer 04601,customer04601@example.test,United Kingdom,2022-02-01,Standard,6050.73
4602,Customer 04602,customer04602@example.test,United States,2023-02-17,Basic,3466.59
4603,Customer 04603,customer04603@example.test,India,2023-07-17,Basic,1631.56
4604,Customer 04604,customer04604@example.test,United States,2023-09-29,Basic,2925.15
4605,Customer 04605,customer04605@example.test,France,2024-07-09,Premium,8545.17
4606,Customer 04606,customer04606@example.test,Japan,2020-02-15,Standard,2854.10
4607,Customer 04607,customer04607@example.test,United States,2021-11-03,Standard,5231.07
4608,Customer 04608,customer04608@example.test,Japan,2024-01-23,Premium,9983.49
4609,Customer 04609,customer04609@example.test,Germany,2023-04-26,Standard,1116.69
4610,Customer 04610,customer04610@example.test,Canada,2024-08-14,Basic,2344.88
4611,Customer 04611,customer04611@example.test,France,2024-09-25,Premium,4869.03
4612,Customer 04612,customer04612@example.test,Brazil,2020-11-09,Basic,5685.47
4613,Customer 04613,customer04613@example.test,India,2022-11-01,Standard,7785.92
4614,Customer 04614,customer04614@example.test,Japan,2022-03-29,Basic,3473.02
4615,Customer 04615,customer04615@example.test,Brazil,2021-09-04,Premium,1703.36
4616,Customer 04616,customer04616@example.test,United Kingdom,2023-06-30,Basic,695.42
4617,Customer 04617,customer04617@example.test,India,2024-05-06,Premium,4567.84
4618,Customer 04618,customer04618@example.test,Japan,2022-04-11,Premium,4343.44
4619,Customer 04619,customer04619@example.test,Australia,2022-08-27,Standard,9831.38
4620,Customer 04620,customer04620@example.test,Brazil,2022-01-28,Standard,2471.30
4621,Customer 04621,customer04621@example.test,United Kingdom,2022-09-23,Standard,6170.06
4622,Customer 04622,customer04622@example.test,Japan,2021-03-14,Standard,8907.12
4623,Customer 04623,customer04623@example.test,Germany,2021-04-26,Premium,6402.31
4624,Customer 04624,customer04624@example.test,Canada,2024-07-05,Standard,1669.24
4625,Customer 04625,customer04625@example.test,India,2023-05-09,Basic,3951.53
4626,Customer 04626,customer04626@example.test,Brazil,2024-10-13,Premium,860.82
4627,Customer 04627,customer04627@example.test,Australia,2020-06-17,Premium,5666.19
4628,Customer 04628,customer04628@example.test,United Kingdom,2022-05-27,Premium,9797.62
4629,Customer 04629,customer04629@example.test,Canada,2024-06-13,Premium,21.88
4630,Customer 04630,customer04630@example.test,Canada,2022-08-23,Premium,1399.67
4631,Customer 04631,customer04631@example.test,India,2021-08-19,Basic,7189.68
4632,Customer 04632,customer04632@example.test,India,2024-08-20,Basic,5997.82
4633,Customer 04633,customer04633@example.test,Australia,2020-06-28,Premium,9362.52
4634,Customer 04634,customer04634@example.test,India,2021-09-26,Premium,408.33
4635,Customer 04635,customer04635@example.test,Brazil,2023-04-08,Premium,6442.06
4636,Customer 04636,customer04636@example.test,France,2020-01-01,Premium,9406.31
4637,Customer 04637,customer04637@example.test,United Kingdom,2022-03-11,Premium,2803.16
4638,Customer 04638,customer04638@example.test,Germany,2023-04-30,Basic,8775.00
4639,Customer 04639,customer04639@example.test,Brazil,2022-12-13,Basic,2982.62
4640,Customer 04640,customer04640@example.test,Brazil,2020-10-10,Standard,6356.12
4641,Customer 04641,customer04641@example.test,Germany,2024-10-11,Premium,6747.20
4642,Customer 04642,customer04642@example.test,United States,2024-05-08,Premium,5205.29
4643,Customer 04643,customer04643@example.test,France,2023-05-27,Basic,2974.77
4644,Customer 04644,customer04644@example.test,Japan,2020-03-06,Standard,6973.12
4645,Customer 04645,customer04645@example.test,United Kingdom,2020-11-29,Standard,3761.78
4646,Customer 04646,customer04646@example.test,Germany,2022-11-08,Standard,6852.33
4647,Customer 04647,customer04647@example.test,Japan,2023-12-16,Standard,8461.65
4648,Customer 04648,customer04648@example.test,Germany,2021-04-26,Basic,3424.75
4649,Customer 04649,customer04649@example.test,France,2021-03-07,Standard,1559.45
4650,Customer 04650,customer04650@example.test,Canada,2023-12-11,Premium,833.12
4651,Customer 04651,customer04651@example.test,Brazil,2020-04-30,Premium,1129.04
4652,Customer 04652,customer04652@example.test,Canada,2022-07-08,Premium,7578.78
4653,Customer 04653,customer04653@example.test,Germany,2020-05-30,Standard,7211.32
4654,Customer 04654,customer04654@example.test,France,2021-10-17,Basic,5049.90
4655,Customer 04655,customer04655@example.test,Japan,2022-06-10,Premium,9750.42
4656,Customer 04656,customer04656@example.test,United States,2023-08-12,Basic,6162.17
4657,Customer 04657,customer04657@example.test,France,2021-09-11,Standard,6880.56
4658,Customer 04658,customer04658@example.test,India,2020-03-10,Premium,4097.77
4659,Customer 04659,customer04659@example.test,India,2021-01-27,Premium,512.88
4660,Customer 04660,customer04660@example.test,Germany,2020-03-05,Standard,1956.24
4661,Customer 04661,customer04661@example.test,United Kingdom,2024-07-22,Standard,6903.08
4662,Customer 04662,customer04662@example.test,India,2022-03-25,Standard,1393.59
4663,Customer 04663,customer04663@example.test,India,2024-07-28,Basic,7417.46
4664,Customer 04664,customer04664@example.test,India,2022-05-14,Basic,9103.04
4665,Customer 04665,customer04665@example.test,Canada,2023-12-04,Premium,9113.95
4666,Customer 04666,customer04666@example.test,Canada,2024-05-23,Standard,4359.98
4667,Customer 04667,customer04667@example.test,United Kingdom,2020-07-09,Standard,1553.65
4668,Customer 04668,customer04668@example.test,Canada,2020-03-27,Premium,5376.93
4669,Customer 04669,customer04669@example.test,United Kingdom,2023-05-21,Standard,9513.80
4670,Customer 04670,customer04670@example.test,Canada,2021-02-18,Standard,403.16
4671,Customer 04671,customer04671@example.test,Australia,2024-04-27,Basic,3782.50
4672,Customer 04672,customer04672@example.test,India,2023-12-27,Basic,3911.43
4673,Customer 04673,customer04673@example.test,Australia,2021-11-21,Premium,5062.50
4674,Customer 04674,customer04674@example.test,United States,2024-04-29,Premium,2213.14
4675,Customer 04675,customer04675@example.test,India,2020-10-29,Basic,6906.60
4676,Customer 04676,customer04676@example.test,United States,2024-10-22,Standard,5566.56
4677,Customer 04677,customer04677@example.test,United States,2022-03-11,Basic,6422.14
4678,Customer 04678,customer04678@example.test,France,2023-06-07,Standard,8071.01
4679,Customer 04679,customer04679@example.test,Australia,2024-02-06,Standard,7540.38
4680,Customer 04680,customer04680@example.test,United States,2023-04-25,Standard,5649.64
4681,Customer 04681,customer04681@example.test,United Kingdom,2024-03-27,Premium,2983.04
4682,Customer 04682,customer04682@example.test,Australia,2021-11-12,Standard,6179.47
4683,Customer 04683,customer04683@example.test,Brazil,2023-07-08,Standard,8698.49
4684,Customer 04684,customer04684@example.test,Japan,2024-12-03,Standard,9585.08
4685,Customer 04685,customer04685@example.test,France,2024-12-16,Standard,8753.53
4686,Customer 04686,customer04686@example.test,France,2023-04-25,Standard,2775.58
4687,Customer 04687,customer04687@example.test,Australia,2021-09-06,Premium,7009.01
4688,Customer 04688,customer04688@example.test,Germany,2023-04-01,Standard,2782.56
4689,Customer 04689,customer04689@example.test,United States,2020-01-09,Premium,425.13
4690,Customer 04690,customer04690@example.test,United Kingdom,2021-03-30,Premium,4162.63
4691,Customer 04691,customer04691@example.test,Japan,2020-01-05,Premium,798.02
4692,Customer 04692,customer04692@example.test,Germany,2024-07-01,Basic,8539.86
4693,Customer 04693,customer04693@example.test,Japan,2023-01-24,Premium,5261.24
4694,Customer 04694,customer04694@example.test,Germany,2024-11-13,Basic,6955.35
4695,Customer 04695,customer04695@example.test,United Kingdom,2020-04-14,Basic,2237.81
4696,Customer 04696,customer04696@example.test,United States,2022-12-29,Standard,8175.48
4697,Customer 04697,customer04697@example.test,France,2020-08-25,Standard,5879.93
4698,Customer 04698,customer04698@example.test,India,2024-01-26,Premium,5715.40
4699,Customer 04699,customer04699@example.test,France,2023-09-05,Premium,7183.62
4700,Customer 04700,customer04700@example.test,Brazil,2022-05-29,Standard,6782.64
4701,Customer 04701,customer04701@example.test,United Kingdom,2021-05-17,Premium,1042.91
4702,Customer 04702,customer04702@example.test,Germany,2020-09-22,Premium,6893.93
4703,Customer 04703,customer04703@example.test,Germany,2021-08-21,Standard,1697.24
4704,Customer 04704,customer04704@example.test,France,2022-05-23,Basic,1718.69
4705,Customer 04705,customer04705@example.test,Brazil,2022-01-10,Standard,3245.26
4706,Customer 04706,customer04706@example.test,United States,2023-01-15,Basic,719.21
4707,Customer 04707,customer04707@example.test,Canada,2020-06-05,Premium,8944.67
4708,Customer 04708,customer04708@example.test,France,2020-01-07,Premium,8164.89
4709,Customer 04709,customer04709@example.test,Germany,2024-04-26,Premium,1188.77
4710,Customer 04710,customer04710@example.test,United Kingdom,2024-04-15,Standard,1273.38
4711,Customer 04711,customer04711@example.test,United States,2022-10-21,Standard,5355.91
4712,Customer 04712,customer04712@example.test,United Kingdom,2020-09-07,Basic,6442.09
4713,Customer 04713,customer04713@example.test,Brazil,2021-07-23,Standard,8273.26
4714,Customer 04714,customer04714@example.test,India,2020-07-07,Premium,4067.22
4715,Customer 04715,customer04715@example.test,France,2024-07-09,Basic,9908.42
4716,Customer 04716,customer04716@example.test,Australia,2021-05-27,Basic,8434.48
4717,Customer 04717,customer04717@example.test,Brazil,2024-06-12,Premium,1701.75
4718,Customer 04718,customer04718@example.test,India,2020-10-25,Premium,5474.47
4719,Customer 04719,customer04719@example.test,United States,2024-07-27,Premium,5019.43
4720,Customer 04720,customer04720@example.test,India,2024-03-30,Premium,3567.05
4721,Customer 04721,customer04721@example.test,Japan,2024-10-13,Standard,1086.00
4722,Customer 04722,customer04722@example.test,United States,2024-07-11,Standard,2226.75
4723,Customer 04723,customer04723@example.test,France,2020-12-09,Basic,6684.55
4724,Customer 04724,customer04724@example.test,Brazil,2022-09-17,Basic,2377.65
4725,Customer 04725,customer04725@example.test,United Kingdom,2024-09-05,Basic,8082.83
4726,Customer 04726,customer04726@example.test,Japan,2022-07-26,Standard,6737.38
4727,Customer 04727,customer04727@example.test,France,2022-01-25,Premium,381.46
4728,Customer 04728,customer04728@example.test,France,2022-07-16,Premium,5986.73
4729,Customer 04729,customer04729@example.test,Australia,2021-12-28,Basic,9792.86
4730,Customer 04730,customer04730@example.test,India,2022-02-01,Standard,7861.51
4731,Customer 04731,customer04731@example.test,Australia,2024-09-11,Standard,9038.79
4732,Customer 04732,customer04732@example.test,Brazil,2022-08-07,Premium,8839.73
4733,Customer 04733,customer04733@example.test,United States,2020-07-15,Basic,8033.40
4734,Customer 04734,customer04734@example.test,Canada,2020-08-26,Standard,5183.58
4735,Customer 04735,customer04735@example.test,United States,2023-02-07,Basic,7985.78
4736,Customer 04736,customer04736@example.test,Brazil,2021-11-28,Basic,8502.16
4737,Customer 04737,customer04737@example.test,India,2020-03-07,Premium,3272.16
4738,Customer 04738,customer04738@example.test,Japan,2023-01-04,Standard,408.30
4739,Customer 04739,customer04739@example.test,Brazil,2024-10-24,Premium,9846.63
4740,Customer 04740,customer04740@example.test,Canada,2021-09-06,Basic,2708.27
4741,Customer 04741,customer04741@example.test,Japan,2024-07-28,Premium,2943.01
4742,Customer 04742,customer04742@example.test,Japan,2021-11-27,Premium,5567.54
4743,Customer 04743,customer04743@example.test,Brazil,2022-01-15,Standard,3233.65
4744,Customer 04744,customer04744@example.test,Germany,2024-02-21,Standard,238.36
4745,Customer 04745,customer04745@example.test,Germany,2020-02-23,Standard,1937.51
4746,Customer 04746,customer04746@example.test,Brazil,2023-12-28,Premium,9766.54
4747,Customer 04747,customer04747@example.test,Brazil,2022-12-11,Standard,1188.81
4748,Customer 04748,customer04748@example.test,Germany,2020-07-13,Standard,3337.74
4749,Customer 04749,customer04749@example.test,Brazil,2024-12-24,Premium,6044.11
4750,Customer 04750,customer04750@example.test,Brazil,2021-03-10,Premium,514.62
4751,Customer 04751,customer04751@example.test,Germany,2021-07-20,Basic,7915.07
4752,Customer 04752,customer04752@example.test,Brazil,2023-01-13,Basic,5756.01
4753,Customer 04753,customer04753@example.test,United States,2023-03-28,Standard,9503.44
4754,Customer 04754,customer04754@example.test,Germany,2023-02-05,Premium,9388.17
4755,Customer 04755,customer04755@example.test,Australia,2022-04-06,Standard,9634.71
4756,Customer 04756,customer04756@example.test,Japan,2024-12-03,Premium,6898.55
4757,Customer 04757,customer04757@example.test,Germany,2021-11-13,Basic,545.82
4758,Customer 04758,customer04758@example.test,Brazil,2020-10-07,Premium,9950.81
4759,Customer 04759,customer04759@example.test,Australia,2023-04-19,Premium,9347.03
4760,Customer 04760,customer04760@example.test,Australia,2022-09-03,Standard,8488.22
4761,Customer 04761,customer04761@example.test,Japan,2022-01-09,Basic,1120.83
4762,Customer 04762,customer04762@example.test,Canada,2021-06-25,Basic,9853.01
4763,Customer 04763,customer04763@example.test,France,2023-02-23,Premium,3502.90
4764,Customer 04764,customer04764@example.test,Canada,2020-12-10,Basic,9627.63
4765,Customer 04765,customer04765@example.test,Brazil,2023-03-11,Basic,8517.03
4766,Customer 04766,customer04766@example.test,United Kingdom,2020-02-04,Premium,7641.48
4767,Customer 04767,customer04767@example.test,Canada,2023-12-21,Premium,7737.04
4768,Customer 04768,customer04768@example.test,United States,2024-08-10,Premium,4277.25
4769,Customer 04769,customer04769@example.test,United States,2020-01-11,Standard,6047.04
4770,Customer 04770,customer04770@example.test,France,2024-06-15,Standard,5741.62
4771,Customer 04771,customer04771@example.test,Australia,2021-05-02,Standard,2212.57
4772,Customer 04772,customer04772@example.test,Japan,2023-06-09,Premium,8651.01
4773,Customer 04773,customer04773@example.test,Germany,2022-12-16,Standard,1428.27
4774,Customer 04774,customer04774@example.test,Japan,2022-04-08,Basic,3016.36
4775,Customer 04775,customer04775@example.test,France,2021-07-05,Basic,8977.27
4776,Customer 04776,customer04776@example.test,Brazil,2024-12-26,Basic,4406.36
4777,Customer 04777,customer04777@example.test,United Kingdom,2021-06-06,Premium,1201.78
4778,Customer 04778,customer04778@example.test,France,2022-04-10,Basic,2652.22
4779,Customer 04779,customer04779@example.test,Canada,2023-11-16,Basic,1933.13
4780,Customer 04780,customer04780@example.test,Brazil,2024-07-25,Basic,2608.64
4781,Customer 04781,customer04781@example.test,Australia,2020-09-28,Premium,2621.39
4782,Customer 04782,customer04782@example.test,Australia,2024-03-05,Basic,757.06
4783,Customer 04783,customer04783@example.test,Japan,2023-11-01,Premium,2287.31
4784,Customer 04784,customer04784@example.test,Brazil,2021-07-20,Basic,29.54
4785,Customer 04785,customer04785@example.test,France,2023-08-27,Basic,1161.55
4786,Customer 04786,customer04786@example.test,Australia,2024-08-26,Standard,1121.49
4787,Customer 04787,customer04787@example.test,France,2021-11-30,Standard,1513.97
4788,Customer 04788,customer04788@example.test,Brazil,2020-10-28,Standard,3409.04
4789,Customer 04789,customer04789@example.test,Japan,2022-04-21,Basic,5440.70
4790,Customer 04790,customer04790@example.test,Germany,2023-10-25,Standard,6953.31
4791,Customer 04791,customer04791@example.test,Canada,2021-02-16,Premium,4081.17
4792,Customer 04792,customer04792@example.test,France,2021-12-24,Basic,8997.97
4793,Customer 04793,customer04793@example.test,France,2023-09-18,Standard,5126.62
4794,Customer 04794,customer04794@example.test,Japan,2021-07-14,Premium,2643.57
4795,Customer 04795,customer04795@example.test,Japan,2020-01-07,Standard,1663.09
4796,Customer 04796,customer04796@example.test,Australia,2020-05-05,Basic,4810.31
4797,Customer 04797,customer04797@example.test,Germany,2022-12-09,Premium,4334.85
4798,Customer 04798,customer04798@example.test,Germany,2020-08-14,Premium,2972.14
4799,Customer 04799,customer04799@example.test,Canada,2021-07-26,Standard,8064.11
4800,Customer 04800,customer04800@example.test,United Kingdom,2020-01-29,Basic,684.66
4801,Customer 04801,customer04801@example.test,United Kingdom,2023-04-16,Standard,3179.23
4802,Customer 04802,customer04802@example.test,France,2023-08-12,Standard,2106.84
4803,Customer 04803,customer04803@example.test,Germany,2023-11-10,Standard,4095.68
4804,Customer 04804,customer04804@example.test,Canada,2021-07-06,Standard,2312.79
4805,Customer 04805,customer04805@example.test,Canada,2022-06-16,Premium,8189.46
4806,Customer 04806,customer04806@example.test,United Kingdom,2021-04-25,Standard,2295.04
4807,Customer 04807,customer04807@example.test,United States,2023-02-03,Basic,9793.45
4808,Customer 04808,customer04808@example.test,Brazil,2020-10-23,Standard,7562.77
4809,Customer 04809,customer04809@example.test,United States,2022-01-29,Standard,7234.20
4810,Customer 04810,customer04810@example.test,Germany,2020-07-21,Basic,5415.69
4811,Customer 04811,customer04811@example.test,Germany,2024-06-25,Basic,4233.25
4812,Customer 04812,customer04812@example.test,Brazil,2020-02-11,Basic,9277.89
4813,Customer 04813,customer04813@example.test,France,2020-08-07,Standard,2643.44
4814,Customer 04814,customer04814@example.test,France,2024-07-16,Basic,9766.13
4815,Customer 04815,customer04815@example.test,United States,2023-02-12,Premium,6580.01
4816,Customer 04816,customer04816@example.test,United States,2022-10-14,Premium,1563.38
4817,Customer 04817,customer04817@example.test,India,2020-02-10,Basic,8070.74
4818,Customer 04818,customer04818@example.test,Japan,2023-02-08,Basic,3578.75
4819,Customer 04819,customer04819@example.test,United Kingdom,2020-01-03,Premium,1964.73
4820,Customer 04820,customer04820@example.test,Germany,2020-08-10,Basic,8012.82
4821,Customer 04821,customer04821@example.test,Germany,2022-05-20,Basic,8436.77
4822,Customer 04822,customer04822@example.test,France,2021-07-10,Basic,4214.78
4823,Customer 04823,customer04823@example.test,India,2023-10-03,Premium,3983.76
4824,Customer 04824,customer04824@example.test,France,2022-08-24,Premium,3404.88
4825,Customer 04825,customer04825@example.test,India,2020-04-03,Standard,4942.81
4826,Customer 04826,customer04826@example.test,France,2024-04-03,Basic,3496.25
4827,Customer 04827,customer04827@example.test,France,2022-10-06,Standard,5897.56
4828,Customer 04828,customer04828@example.test,Brazil,2020-02-03,Premium,5926.12
4829,Customer 04829,customer04829@example.test,France,2020-10-07,Standard,9086.45
4830,Customer 04830,customer04830@example.test,France,2020-03-30,Standard,4323.90
4831,Customer 04831,customer04831@example.test,Brazil,2022-12-31,Premium,7140.39
4832,Customer 04832,customer04832@example.test,United Kingdom,2023-01-28,Basic,1423.14
4833,Customer 04833,customer04833@example.test,France,2021-03-28,Premium,3888.92
4834,Customer 04834,customer04834@example.test,Australia,2020-07-17,Standard,122.66
4835,Customer 04835,customer04835@example.test,Japan,2023-04-18,Premium,2940.32
4836,Customer 04836,customer04836@example.test,United Kingdom,2023-08-09,Premium,980.23
4837,Customer 04837,customer04837@example.test,France,2021-11-28,Basic,1245.48
4838,Customer 04838,customer04838@example.test,Germany,2020-07-10,Basic,5629.71
4839,Customer 04839,customer04839@example.test,France,2024-03-08,Premium,4991.35
4840,Customer 04840,customer04840@example.test,Germany,2023-11-12,Basic,1751.51
4841,Customer 04841,customer04841@example.test,Australia,2023-09-08,Standard,8567.55
4842,Customer 04842,customer04842@example.test,Japan,2021-03-19,Standard,1049.55
4843,Customer 04843,customer04843@example.test,United States,2020-06-30,Basic,2404.69
4844,Customer 04844,customer04844@example.test,Germany,2023-03-24,Premium,4478.52
4845,Customer 04845,customer04845@example.test,India,2023-11-27,Standard,7899.21
4846,Customer 04846,customer04846@example.test,United States,2022-07-15,Basic,1722.75
4847,Customer 04847,customer04847@example.test,Brazil,2020-02-25,Basic,5994.75
4848,Customer 04848,customer04848@example.test,Germany,2020-02-13,Premium,1804.26
4849,Customer 04849,customer04849@example.test,Canada,2024-08-11,Premium,7732.98
4850,Customer 04850,customer04850@example.test,Canada,2020-04-02,Premium,8674.63
4851,Customer 04851,customer04851@example.test,France,2021-03-04,Premium,3093.29
4852,Customer 04852,customer04852@example.test,Australia,2022-08-01,Basic,4713.00
4853,Customer 04853,customer04853@example.test,Canada,2021-04-07,Premium,1236.02
4854,Customer 04854,customer04854@example.test,France,2024-01-26,Standard,6575.94
4855,Customer 04855,customer04855@example.test,Germany,2024-03-29,Basic,4527.98
4856,Customer 04856,customer04856@example.test,Brazil,2020-11-11,Premium,4967.41
4857,Customer 04857,customer04857@example.test,Australia,2022-02-13,Premium,3927.29
4858,Customer 04858,customer04858@example.test,United States,2020-03-12,Premium,7176.86
4859,Customer 04859,customer04859@example.test,Japan,2024-09-22,Premium,889.47
4860,Customer 04860,customer04860@example.test,Canada,2024-04-14,Premium,767.69
4861,Customer 04861,customer04861@example.test,Japan,2020-11-10,Premium,4557.30
4862,Customer 04862,customer04862@example.test,Canada,2021-04-14,Standard,7483.65
4863,Customer 04863,customer04863@example.test,United States,2022-12-01,Basic,5566.53
4864,Customer 04864,customer04864@example.test,India,2023-04-26,Standard,1650.42
4865,Customer 04865,customer04865@example.test,United States,2024-08-24,Basic,5948.50
4866,Customer 04866,customer04866@example.test,United Kingdom,2021-03-17,Standard,1804.96
4867,Customer 04867,customer04867@example.test,United Kingdom,2023-06-05,Standard,3310.67
4868,Customer 04868,customer04868@example.test,France,2021-06-16,Basic,8370.80
4869,Customer 04869,customer04869@example.test,Australia,2024-04-29,Premium,4255.29
4870,Customer 04870,customer04870@example.test,Japan,2021-08-28,Basic,4874.49
4871,Customer 04871,customer04871@example.test,Brazil,2020-07-05,Basic,1329.37
4872,Customer 04872,customer04872@example.test,France,2020-04-20,Basic,7342.85
4873,Customer 04873,customer04873@example.test,Brazil,2022-12-28,Basic,5026.05
4874,Customer 04874,customer04874@example.test,Canada,2022-03-19,Premium,5431.14
4875,Customer 04875,customer04875@example.test,United States,2021-01-03,Premium,8377.52
4876,Customer 04876,customer04876@example.test,France,2020-09-15,Premium,5331.12
4877,Customer 04877,customer04877@example.test,United States,2024-10-23,Premium,2532.25
4878,Customer 04878,customer04878@example.test,United States,2023-01-08,Premium,3555.84
4879,Customer 04879,customer04879@example.test,United States,2022-12-11,Premium,2722.71
4880,Customer 04880,customer04880@example.test,India,2021-06-18,Basic,1427.95
4881,Customer 04881,customer04881@example.test,Canada,2024-08-22,Premium,4484.97
4882,Customer 04882,customer04882@example.test,France,2022-10-01,Premium,8418.70
4883,Customer 04883,customer04883@example.test,France,2024-06-05,Basic,6671.55
4884,Customer 04884,customer04884@example.test,United States,2020-07-02,Premium,6551.92
4885,Customer 04885,customer04885@example.test,Brazil,2022-06-24,Standard,7559.39
4886,Customer 04886,customer04886@example.test,United States,2023-07-22,Premium,7735.77
4887,Customer 04887,customer04887@example.test,India,2024-04-05,Standard,1726.31
4888,Customer 04888,customer04888@example.test,Germany,2023-10-27,Standard,314.15
4889,Customer 04889,customer04889@example.test,Australia,2020-03-08,Premium,8129.65
4890,Customer 04890,customer04890@example.test,Australia,2023-09-23,Basic,318.21
4891,Customer 04891,customer04891@example.test,India,2020-06-20,Premium,7943.57
4892,Customer 04892,customer04892@example.test,Brazil,2024-02-29,Premium,7213.74
4893,Customer 04893,customer04893@example.test,United Kingdom,2021-01-24,Premium,4603.02
4894,Customer 04894,customer04894@example.test,United States,2024-05-23,Basic,3895.87
4895,Customer 04895,customer04895@example.test,Australia,2020-04-27,Basic,1570.50
4896,Customer 04896,customer04896@example.test,India,2021-12-24,Standard,7048.30
4897,Customer 04897,customer04897@example.test,United States,2020-08-23,Basic,3039.42
4898,Customer 04898,customer04898@example.test,Germany,2024-03-21,Standard,1670.11
4899,Customer 04899,customer04899@example.test,United States,2020-06-23,Premium,6295.10
4900,Customer 04900,customer04900@example.test,United States,2023-09-30,Standard,3011.34
4901,Customer 04901,customer04901@example.test,United States,2022-10-02,Premium,1578.91
4902,Customer 04902,customer04902@example.test,Germany,2020-12-25,Basic,6518.52
4903,Customer 04903,customer04903@example.test,Australia,2024-06-02,Standard,3978.77
4904,Customer 04904,customer04904@example.test,Australia,2022-08-18,Basic,4558.05
4905,Customer 04905,customer04905@example.test,Australia,2022-08-15,Premium,6283.18
4906,Customer 04906,customer04906@example.test,Australia,2020-04-10,Basic,2739.77
4907,Customer 04907,customer04907@example.test,France,2024-12-19,Standard,3621.27
4908,Customer 04908,customer04908@example.test,India,2023-07-27,Premium,3790.25
4909,Customer 04909,customer04909@example.test,United States,2024-01-22,Standard,5557.82
4910,Customer 04910,customer04910@example.test,Japan,2020-11-03,Standard,5903.49
4911,Customer 04911,customer04911@example.test,France,2020-09-08,Standard,1565.24
4912,Customer 04912,customer04912@example.test,Germany,2024-06-21,Basic,2389.12
4913,Customer 04913,customer04913@example.test,India,2021-10-20,Basic,513.78
4914,Customer 04914,customer04914@example.test,Germany,2022-01-19,Premium,8232.78
4915,Customer 04915,customer04915@example.test,Japan,2023-03-27,Basic,439.07
4916,Customer 04916,customer04916@example.test,Australia,2023-02-05,Basic,4925.88
4917,Customer 04917,customer04917@example.test,Japan,2020-04-18,Premium,2520.67
4918,Customer 04918,customer04918@example.test,United States,2022-04-20,Standard,6481.15
4919,Customer 04919,customer04919@example.test,Australia,2021-12-28,Basic,8164.35
4920,Customer 04920,customer04920@example.test,United States,2023-07-27,Premium,1318.75
4921,Customer 04921,customer04921@example.test,Australia,2020-05-12,Standard,8409.51
4922,Customer 04922,customer04922@example.test,Brazil,2020-04-06,Standard,2650.95
4923,Customer 04923,customer04923@example.test,United States,2024-09-05,Premium,9334.47
4924,Customer 04924,customer04924@example.test,United States,2023-02-12,Basic,52.13
4925,Customer 04925,customer04925@example.test,Germany,2021-06-19,Basic,1860.64
4926,Customer 04926,customer04926@example.test,United Kingdom,2023-01-26,Standard,9232.22
4927,Customer 04927,customer04927@example.test,United States,2021-05-24,Premium,3964.53
4928,Customer 04928,customer04928@example.test,France,2024-01-10,Basic,6792.07
4929,Customer 04929,customer04929@example.test,Japan,2020-05-11,Standard,2539.93
4930,Customer 04930,customer04930@example.test,Brazil,2020-11-13,Premium,7304.84
4931,Customer 04931,customer04931@example.test,Germany,2022-03-30,Basic,1791.71
4932,Customer 04932,customer04932@example.test,Germany,2022-12-04,Standard,3120.42
4933,Customer 04933,customer04933@example.test,Australia,2020-11-20,Premium,9221.66
4934,Customer 04934,customer04934@example.test,Canada,2022-05-09,Standard,7573.33
4935,Customer 04935,customer04935@example.test,United States,2024-01-25,Standard,2242.63
4936,Customer 04936,customer04936@example.test,Germany,2020-08-01,Standard,861.59
4937,Customer 04937,customer04937@example.test,Australia,2022-08-04,Standard,3057.91
4938,Customer 04938,customer04938@example.test,Japan,2023-07-17,Premium,3719.04
4939,Customer 04939,customer04939@example.test,India,2024-03-16,Standard,9083.53
4940,Customer 04940,customer04940@example.test,Australia,2024-11-23,Premium,4228.68
4941,Customer 04941,customer04941@example.test,France,2024-06-03,Basic,7085.76
4942,Customer 04942,customer04942@example.test,India,2022-01-25,Basic,7163.69
4943,Customer 04943,customer04943@example.test,Germany,2021-01-17,Premium,9075.09
4944,Customer 04944,customer04944@example.test,Australia,2024-02-02,Basic,887.16
4945,Customer 04945,customer04945@example.test,Japan,2022-08-20,Standard,4311.65
4946,Customer 04946,customer04946@example.test,Germany,2024-06-10,Standard,5378.98
4947,Customer 04947,customer04947@example.test,United States,2023-03-25,Basic,9607.83
4948,Customer 04948,customer04948@example.test,France,2020-02-16,Basic,1142.58
4949,Customer 04949,customer04949@example.test,France,2022-01-24,Basic,7312.83
4950,Customer 04950,customer04950@example.test,United States,2022-10-22,Premium,8707.53
4951,Customer 04951,customer04951@example.test,India,2021-07-18,Basic,1407.75
4952,Customer 04952,customer04952@example.test,Australia,2022-08-11,Basic,7216.90
4953,Customer 04953,customer04953@example.test,Australia,2021-11-27,Standard,7201.90
4954,Customer 04954,customer04954@example.test,Australia,2023-08-01,Standard,2504.17
4955,Customer 04955,customer04955@example.test,France,2021-02-23,Premium,8022.09
4956,Customer 04956,customer04956@example.test,India,2024-08-14,Premium,8687.72
4957,Customer 04957,customer04957@example.test,Germany,2022-12-13,Basic,3303.78
4958,Customer 04958,customer04958@example.test,Brazil,2024-12-14,Standard,7638.36
4959,Customer 04959,customer04959@example.test,Canada,2021-03-30,Premium,944.32
4960,Customer 04960,customer04960@example.test,United Kingdom,2020-07-12,Basic,4891.08
4961,Customer 04961,customer04961@example.test,Brazil,2024-01-17,Basic,506.78
4962,Customer 04962,customer04962@example.test,France,2023-05-27,Premium,6221.38
4963,Customer 04963,customer04963@example.test,France,2020-07-06,Standard,2273.12
4964,Customer 04964,customer04964@example.test,Japan,2020-10-02,Basic,3387.11
4965,Customer 04965,customer04965@example.test,Australia,2021-04-07,Standard,8963.36
4966,Customer 04966,customer04966@example.test,Brazil,2020-03-12,Premium,9627.29
4967,Customer 04967,customer04967@example.test,United States,2024-03-16,Standard,7952.38
4968,Customer 04968,customer04968@example.test,Japan,2021-11-01,Premium,4841.41
4969,Customer 04969,customer04969@example.test,Japan,2022-10-22,Basic,7552.74
4970,Customer 04970,customer04970@example.test,United States,2024-11-04,Premium,111.90
4971,Customer 04971,customer04971@example.test,France,2021-01-13,Premium,8500.67
4972,Customer 04972,customer04972@example.test,Brazil,2020-03-01,Standard,8164.55
4973,Customer 04973,customer04973@example.test,Brazil,2022-04-29,Basic,1341.20
4974,Customer 04974,customer04974@example.test,United States,2024-09-11,Premium,2562.57
4975,Customer 04975,customer04975@example.test,Japan,2023-11-10,Standard,4952.14
4976,Customer 04976,customer04976@example.test,United Kingdom,2023-07-28,Standard,7646.85
4977,Customer 04977,customer04977@example.test,Brazil,2021-08-03,Basic,9520.40
4978,Customer 04978,customer04978@example.test,Australia,2022-04-30,Basic,7131.58
4979,Customer 04979,customer04979@example.test,Japan,2021-03-13,Standard,6393.61
4980,Customer 04980,customer04980@example.test,India,2024-06-10,Premium,9289.16
4981,Customer 04981,customer04981@example.test,Brazil,2020-04-28,Standard,6330.16
4982,Customer 04982,customer04982@example.test,Brazil,2020-05-25,Basic,6703.42
4983,Customer 04983,customer04983@example.test,Germany,2024-04-29,Premium,5654.22
4984,Customer 04984,customer04984@example.test,France,2021-08-21,Premium,4162.86
4985,Customer 04985,customer04985@example.test,United Kingdom,2022-12-21,Standard,8787.75
4986,Customer 04986,customer04986@example.test,Canada,2020-02-24,Standard,2041.63
4987,Customer 04987,customer04987@example.test,Canada,2020-12-15,Premium,6360.32
4988,Customer 04988,customer04988@example.test,United States,2023-05-17,Premium,770.71
4989,Customer 04989,customer04989@example.test,United Kingdom,2021-05-06,Standard,3514.73
4990,Customer 04990,customer04990@example.test,Japan,2021-11-22,Premium,967.04
4991,Customer 04991,customer04991@example.test,Australia,2021-06-06,Basic,7822.54
4992,Customer 04992,customer04992@example.test,Germany,2024-10-21,Premium,5449.24
4993,Customer 04993,customer04993@example.test,Japan,2023-01-02,Basic,449.35
4994,Customer 04994,customer04994@example.test,India,2024-08-25,Basic,222.86
4995,Customer 04995,customer04995@example.test,India,2024-05-12,Premium,5162.93
4996,Customer 04996,customer04996@example.test,Japan,2022-03-20,Standard,8291.42
4997,Customer 04997,customer04997@example.test,Australia,2024-03-03,Basic,7273.82
4998,Customer 04998,customer04998@example.test,Brazil,2020-07-15,Basic,1350.42
4999,Customer 04999,customer04999@example.test,Australia,2022-05-23,Premium,9896.96
5000,Customer 05000,customer05000@example.test,Australia,2021-01-30,Basic,9279.24
5001,Customer 05001,customer05001@example.test,India,2021-02-20,Standard,4171.55
5002,Customer 05002,customer05002@example.test,Brazil,2024-12-16,Premium,4050.48
5003,Customer 05003,customer05003@example.test,United Kingdom,2020-11-11,Premium,3359.40
5004,Customer 05004,customer05004@example.test,France,2024-03-06,Premium,9990.69
5005,Customer 05005,customer05005@example.test,France,2020-12-25,Standard,9410.90
5006,Customer 05006,customer05006@example.test,India,2021-11-28,Premium,8571.03
5007,Customer 05007,customer05007@example.test,United States,2022-05-30,Basic,1923.12
5008,Customer 05008,customer05008@example.test,Brazil,2022-06-12,Standard,6568.05
5009,Customer 05009,customer05009@example.test,United Kingdom,2024-10-01,Standard,8001.17
5010,Customer 05010,customer05010@example.test,Canada,2023-02-23,Basic,2211.01
5011,Customer 05011,customer05011@example.test,Germany,2022-12-10,Standard,7860.78
5012,Customer 05012,customer05012@example.test,Brazil,2020-03-23,Premium,3187.73
5013,Customer 05013,customer05013@example.test,Australia,2023-02-09,Basic,4691.64
5014,Customer 05014,customer05014@example.test,France,2024-05-16,Standard,3129.37
5015,Customer 05015,customer05015@example.test,United Kingdom,2021-05-01,Basic,9570.60
5016,Customer 05016,customer05016@example.test,United States,2023-01-31,Premium,4272.49
5017,Customer 05017,customer05017@example.test,France,2020-04-04,Premium,6764.73
5018,Customer 05018,customer05018@example.test,Brazil,2022-02-05,Premium,1074.52
5019,Customer 05019,customer05019@example.test,India,2023-09-28,Standard,7246.79
5020,Customer 05020,customer05020@example.test,Australia,2023-11-22,Basic,8621.98
5021,Customer 05021,customer05021@example.test,United States,2020-04-07,Standard,5918.81
5022,Customer 05022,customer05022@example.test,Brazil,2023-04-04,Standard,2996.45
5023,Customer 05023,customer05023@example.test,Canada,2023-03-21,Premium,7493.67
5024,Customer 05024,customer05024@example.test,Germany,2022-07-16,Basic,8465.41
5025,Customer 05025,customer05025@example.test,Japan,2020-12-05,Basic,7404.64
5026,Customer 05026,customer05026@example.test,Japan,2023-03-19,Basic,6005.35
5027,Customer 05027,customer05027@example.test,Japan,2024-07-12,Basic,3108.10
5028,Customer 05028,customer05028@example.test,United States,2024-08-27,Basic,6340.32
5029,Customer 05029,customer05029@example.test,United Kingdom,2024-04-04,Premium,9323.42
5030,Customer 05030,customer05030@example.test,Germany,2022-12-05,Premium,5612.65
5031,Customer 05031,customer05031@example.test,India,2024-05-23,Basic,4027.56
5032,Customer 05032,customer05032@example.test,France,2023-07-28,Premium,3464.01
5033,Customer 05033,customer05033@example.test,Brazil,2023-03-03,Standard,223.06
5034,Customer 05034,customer05034@example.test,United States,2024-04-30,Standard,5971.44
5035,Customer 05035,customer05035@example.test,France,2023-06-21,Premium,9337.98
5036,Customer 05036,customer05036@example.test,Brazil,2021-01-24,Premium,8799.50
5037,Customer 05037,customer05037@example.test,France,2024-05-17,Standard,8184.43
5038,Customer 05038,customer05038@example.test,Japan,2020-10-16,Standard,5913.07
5039,Customer 05039,customer05039@example.test,Australia,2023-02-20,Standard,6524.42
5040,Customer 05040,customer05040@example.test,Australia,2023-12-03,Basic,4959.52
5041,Customer 05041,customer05041@example.test,Japan,2020-11-13,Basic,1234.34
5042,Customer 05042,customer05042@example.test,Japan,2022-07-25,Premium,6731.18
5043,Customer 05043,customer05043@example.test,Canada,2022-06-24,Basic,2263.94
5044,Customer 05044,customer05044@example.test,United States,2021-09-25,Basic,2391.91
5045,Customer 05045,customer05045@example.test,France,2022-11-30,Standard,7026.99
5046,Customer 05046,customer05046@example.test,India,2023-09-18,Basic,2558.12
5047,Customer 05047,customer05047@example.test,Canada,2022-12-01,Basic,9406.41
5048,Customer 05048,customer05048@example.test,Australia,2023-02-23,Standard,8682.35
5049,Customer 05049,customer05049@example.test,India,2020-01-07,Standard,9303.83
5050,Customer 05050,customer05050@example.test,Brazil,2023-09-21,Premium,9460.76
5051,Customer 05051,customer05051@example.test,Japan,2023-11-24,Standard,313.94
5052,Customer 05052,customer05052@example.test,Canada,2023-01-29,Standard,6191.96
5053,Customer 05053,customer05053@example.test,India,2024-04-11,Basic,7094.18
5054,Customer 05054,customer05054@example.test,Japan,2020-10-27,Basic,2789.61
5055,Customer 05055,customer05055@example.test,United States,2020-07-10,Standard,6007.43
5056,Customer 05056,customer05056@example.test,India,2022-02-13,Standard,6609.72
5057,Customer 05057,customer05057@example.test,France,2020-05-29,Premium,5890.83
5058,Customer 05058,customer05058@example.test,Japan,2022-09-13,Premium,7046.55
5059,Customer 05059,customer05059@example.test,Canada,2024-08-28,Premium,8464.44
5060,Customer 05060,customer05060@example.test,India,2022-12-18,Basic,3532.15
5061,Customer 05061,customer05061@example.test,Brazil,2024-03-16,Standard,8842.72
5062,Customer 05062,customer05062@example.test,Germany,2021-01-28,Standard,5677.70
5063,Customer 05063,customer05063@example.test,France,2020-11-01,Basic,8349.63
5064,Customer 05064,customer05064@example.test,Germany,2024-05-02,Basic,2851.09
5065,Customer 05065,customer05065@example.test,Australia,2023-07-06,Premium,8729.70
5066,Customer 05066,customer05066@example.test,United Kingdom,2020-12-02,Premium,10.25
5067,Customer 05067,customer05067@example.test,United States,2020-01-14,Standard,6295.57
5068,Customer 05068,customer05068@example.test,Japan,2022-03-11,Premium,578.29
5069,Customer 05069,customer05069@example.test,Japan,2020-08-27,Basic,2118.73
5070,Customer 05070,customer05070@example.test,Brazil,2020-06-02,Basic,2027.24
5071,Customer 05071,customer05071@example.test,India,2024-07-25,Premium,502.43
5072,Customer 05072,customer05072@example.test,Japan,2020-05-15,Basic,587.05
5073,Customer 05073,customer05073@example.test,Germany,2023-06-07,Premium,3072.69
5074,Customer 05074,customer05074@example.test,Brazil,2023-07-13,Basic,3370.04
5075,Customer 05075,customer05075@example.test,United Kingdom,2020-04-21,Standard,8112.35
5076,Customer 05076,customer05076@example.test,United States,2020-12-28,Premium,9141.91
5077,Customer 05077,customer05077@example.test,United Kingdom,2023-04-07,Basic,4311.06
5078,Customer 05078,customer05078@example.test,Canada,2023-07-08,Premium,7654.35
5079,Customer 05079,customer05079@example.test,France,2022-01-24,Basic,2933.91
5080,Customer 05080,customer05080@example.test,Australia,2021-07-07,Standard,4620.54
5081,Customer 05081,customer05081@example.test,Germany,2022-06-25,Standard,1701.96
5082,Customer 05082,customer05082@example.test,United Kingdom,2020-04-29,Premium,7612.88
5083,Customer 05083,customer05083@example.test,Japan,2022-04-05,Basic,1363.45
5084,Customer 05084,customer05084@example.test,Canada,2023-05-06,Standard,204.07
5085,Customer 05085,customer05085@example.test,Brazil,2023-02-11,Basic,9148.28
5086,Customer 05086,customer05086@example.test,United Kingdom,2022-10-04,Standard,9679.30
5087,Customer 05087,customer05087@example.test,Canada,2020-04-07,Basic,7332.48
5088,Customer 05088,customer05088@example.test,Brazil,2023-05-17,Standard,238.39
5089,Customer 05089,customer05089@example.test,United States,2022-03-24,Basic,5594.53
5090,Customer 05090,customer05090@example.test,Brazil,2021-06-22,Premium,2080.78
5091,Customer 05091,customer05091@example.test,United Kingdom,2021-02-19,Premium,935.19
5092,Customer 05092,customer05092@example.test,India,2020-09-28,Standard,7496.46
5093,Customer 05093,customer05093@example.test,France,2020-12-16,Standard,9603.06
5094,Customer 05094,customer05094@example.test,Brazil,2022-04-01,Standard,5711.44
5095,Customer 05095,customer05095@example.test,United Kingdom,2020-06-11,Premium,2148.71
5096,Customer 05096,customer05096@example.test,Canada,2024-10-05,Basic,1065.94
5097,Customer 05097,customer05097@example.test,Canada,2020-06-09,Premium,3982.80
5098,Customer 05098,customer05098@example.test,France,2020-08-18,Standard,2495.32
5099,Customer 05099,customer05099@example.test,United States,2024-08-16,Basic,3331.91
5100,Customer 05100,customer05100@example.test,United Kingdom,2020-09-28,Standard,5726.40
5101,Customer 05101,customer05101@example.test,India,2023-03-20,Standard,1271.54
5102,Customer 05102,customer05102@example.test,France,2021-01-24,Standard,779.46
5103,Customer 05103,customer05103@example.test,United States,2024-12-30,Standard,3220.15
5104,Customer 05104,customer05104@example.test,Australia,2021-06-25,Basic,1768.88
5105,Customer 05105,customer05105@example.test,India,2024-11-05,Premium,1476.93
5106,Customer 05106,customer05106@example.test,Japan,2024-11-04,Standard,5350.55
5107,Customer 05107,customer05107@example.test,Brazil,2020-03-29,Standard,2887.69
5108,Customer 05108,customer05108@example.test,Australia,2021-08-06,Premium,4736.82
5109,Customer 05109,customer05109@example.test,Germany,2021-02-23,Premium,4177.10
5110,Customer 05110,customer05110@example.test,United States,2022-08-21,Premium,9727.47
5111,Customer 05111,customer05111@example.test,United Kingdom,2020-10-17,Basic,8293.57
5112,Customer 05112,customer05112@example.test,United States,2022-10-20,Premium,9596.25
5113,Customer 05113,customer05113@example.test,Brazil,2021-01-17,Premium,8744.68
5114,Customer 05114,customer05114@example.test,Brazil,2020-11-26,Standard,9377.06
5115,Customer 05115,customer05115@example.test,United States,2024-08-07,Premium,1073.09
5116,Customer 05116,customer05116@example.test,France,2023-07-10,Standard,5446.56
5117,Customer 05117,customer05117@example.test,Canada,2022-05-09,Basic,5726.53
5118,Customer 05118,customer05118@example.test,United Kingdom,2021-11-27,Basic,7201.40
5119,Customer 05119,customer05119@example.test,United Kingdom,2023-05-27,Premium,7946.93
5120,Customer 05120,customer05120@example.test,France,2022-05-22,Basic,2548.34
5121,Customer 05121,customer05121@example.test,Brazil,2024-11-30,Basic,1858.25
5122,Customer 05122,customer05122@example.test,India,2023-01-18,Standard,305.73
5123,Customer 05123,customer05123@example.test,France,2021-11-24,Basic,7867.16
5124,Customer 05124,customer05124@example.test,Australia,2022-07-09,Standard,8237.69
5125,Customer 05125,customer05125@example.test,United States,2023-12-10,Basic,6675.76
5126,Customer 05126,customer05126@example.test,Japan,2022-05-27,Basic,9721.40
5127,Customer 05127,customer05127@example.test,United Kingdom,2020-08-31,Standard,7341.20
5128,Customer 05128,customer05128@example.test,Japan,2020-05-05,Standard,2474.11
5129,Customer 05129,customer05129@example.test,United States,2022-04-09,Premium,9018.81
5130,Customer 05130,customer05130@example.test,Australia,2024-06-10,Standard,8016.74
5131,Customer 05131,customer05131@example.test,Japan,2020-01-05,Basic,1506.06
5132,Customer 05132,customer05132@example.test,Canada,2020-06-21,Premium,2347.84
5133,Customer 05133,customer05133@example.test,India,2023-07-12,Standard,7066.17
5134,Customer 05134,customer05134@example.test,Brazil,2020-11-22,Standard,7117.17
5135,Customer 05135,customer05135@example.test,India,2024-11-23,Premium,8150.44
5136,Customer 05136,customer05136@example.test,United States,2021-11-17,Standard,9825.77
5137,Customer 05137,customer05137@example.test,Germany,2020-08-02,Standard,5970.92
5138,Customer 05138,customer05138@example.test,Brazil,2020-11-03,Basic,6829.39
5139,Customer 05139,customer05139@example.test,Canada,2024-04-26,Premium,5983.36
5140,Customer 05140,customer05140@example.test,India,2020-10-11,Basic,4172.60
5141,Customer 05141,customer05141@example.test,Australia,2022-07-24,Basic,6193.23
5142,Customer 05142,customer05142@example.test,Germany,2022-12-30,Premium,4508.46
5143,Customer 05143,customer05143@example.test,United States,2023-06-30,Standard,8214.01
5144,Customer 05144,customer05144@example.test,Australia,2023-01-24,Premium,1330.37
5145,Customer 05145,customer05145@example.test,India,2020-03-18,Premium,9976.15
5146,Customer 05146,customer05146@example.test,France,2023-05-24,Basic,8826.53
5147,Customer 05147,customer05147@example.test,Japan,2023-01-15,Basic,6272.82
5148,Customer 05148,customer05148@example.test,Germany,2024-01-07,Basic,3060.45
5149,Customer 05149,customer05149@example.test,Canada,2023-08-20,Standard,9253.59
5150,Customer 05150,customer05150@example.test,India,2023-05-25,Basic,6393.48
5151,Customer 05151,customer05151@example.test,United States,2022-11-14,Basic,692.24
5152,Customer 05152,customer05152@example.test,Brazil,2023-08-18,Standard,3636.24
5153,Customer 05153,customer05153@example.test,United States,2022-07-14,Basic,4801.27
5154,Customer 05154,customer05154@example.test,Australia,2024-07-17,Basic,6866.42
5155,Customer 05155,customer05155@example.test,Brazil,2022-06-22,Standard,9685.16
5156,Customer 05156,customer05156@example.test,France,2021-01-01,Basic,4211.64
5157,Customer 05157,customer05157@example.test,Japan,2022-07-05,Standard,2055.09
5158,Customer 05158,customer05158@example.test,Canada,2023-01-09,Premium,9792.69
5159,Customer 05159,customer05159@example.test,United Kingdom,2023-06-14,Standard,3989.28
5160,Customer 05160,customer05160@example.test,Brazil,2024-05-16,Basic,665.64
5161,Customer 05161,customer05161@example.test,United Kingdom,2024-01-13,Standard,6400.84
5162,Customer 05162,customer05162@example.test,United Kingdom,2022-12-25,Standard,5683.03
5163,Customer 05163,customer05163@example.test,Japan,2020-11-03,Basic,5213.79
5164,Customer 05164,customer05164@example.test,Canada,2024-01-11,Premium,3356.66
5165,Customer 05165,customer05165@example.test,France,2022-11-23,Standard,7861.85
5166,Customer 05166,customer05166@example.test,United States,2020-03-19,Standard,7146.70
5167,Customer 05167,customer05167@example.test,Australia,2022-12-09,Standard,6748.10
5168,Customer 05168,customer05168@example.test,France,2021-01-16,Standard,543.91
5169,Customer 05169,customer05169@example.test,Germany,2023-11-25,Premium,6958.03
5170,Customer 05170,customer05170@example.test,India,2024-11-12,Standard,3994.43
5171,Customer 05171,customer05171@example.test,India,2024-01-30,Basic,4788.16
5172,Customer 05172,customer05172@example.test,Australia,2023-03-11,Premium,7057.03
5173,Customer 05173,customer05173@example.test,Canada,2020-09-12,Standard,9434.73
5174,Customer 05174,customer05174@example.test,Canada,2023-01-14,Basic,3592.75
5175,Customer 05175,customer05175@example.test,India,2024-10-11,Standard,2634.08
5176,Customer 05176,customer05176@example.test,United States,2021-01-08,Standard,4830.64
5177,Customer 05177,customer05177@example.test,Japan,2023-04-30,Premium,1471.72
5178,Customer 05178,customer05178@example.test,Germany,2021-12-23,Premium,6693.07
5179,Customer 05179,customer05179@example.test,Canada,2021-05-20,Basic,5585.79
5180,Customer 05180,customer05180@example.test,Germany,2024-02-23,Standard,8706.41
5181,Customer 05181,customer05181@example.test,France,2024-11-09,Premium,5727.13
5182,Customer 05182,customer05182@example.test,Brazil,2023-03-18,Standard,4245.69
5183,Customer 05183,customer05183@example.test,Germany,2020-12-02,Premium,7177.18
5184,Customer 05184,customer05184@example.test,India,2023-10-25,Premium,5589.33
5185,Customer 05185,customer05185@example.test,India,2024-04-08,Basic,9774.41
5186,Customer 05186,customer05186@example.test,Canada,2022-09-16,Standard,4079.76
5187,Customer 05187,customer05187@example.test,Canada,2020-12-09,Standard,9920.20
5188,Customer 05188,customer05188@example.test,France,2023-04-21,Basic,2330.67
5189,Customer 05189,customer05189@example.test,United States,2021-12-04,Basic,8196.53
5190,Customer 05190,customer05190@example.test,India,2023-11-06,Premium,2344.12
5191,Customer 05191,customer05191@example.test,United States,2024-10-28,Premium,5871.32
5192,Customer 05192,customer05192@example.test,Japan,2023-12-26,Standard,3835.73
5193,Customer 05193,customer05193@example.test,United Kingdom,2020-02-22,Basic,2756.17
5194,Customer 05194,customer05194@example.test,United States,2022-03-02,Standard,163.91
5195,Customer 05195,customer05195@example.test,India,2023-06-03,Standard,8105.52
5196,Customer 05196,customer05196@example.test,Germany,2023-10-24,Standard,2350.97
5197,Customer 05197,customer05197@example.test,France,2020-01-16,Standard,6586.39
5198,Customer 05198,customer05198@example.test,Brazil,2023-06-30,Basic,9372.87
5199,Customer 05199,customer05199@example.test,Brazil,2022-11-15,Premium,9582.73
5200,Customer 05200,customer05200@example.test,United Kingdom,2022-09-12,Premium,491.67
5201,Customer 05201,customer05201@example.test,United States,2021-02-11,Basic,3498.20
5202,Customer 05202,customer05202@example.test,France,2023-04-06,Standard,8319.94
5203,Customer 05203,customer05203@example.test,Brazil,2020-03-18,Standard,2203.95
5204,Customer 05204,customer05204@example.test,Germany,2022-03-18,Premium,3410.45
5205,Customer 05205,customer05205@example.test,United Kingdom,2021-08-24,Premium,3426.40
5206,Customer 05206,customer05206@example.test,India,2024-08-21,Premium,1124.30
5207,Customer 05207,customer05207@example.test,Canada,2021-03-19,Standard,6494.66
5208,Customer 05208,customer05208@example.test,France,2024-12-19,Standard,4989.70
5209,Customer 05209,customer05209@example.test,United States,2024-01-30,Premium,2497.17
5210,Customer 05210,customer05210@example.test,Japan,2024-06-23,Standard,8929.24
5211,Customer 05211,customer05211@example.test,Australia,2021-10-11,Premium,6509.25
5212,Customer 05212,customer05212@example.test,Canada,2021-06-28,Basic,9062.41
5213,Customer 05213,customer05213@example.test,Brazil,2023-08-10,Standard,9965.52
5214,Customer 05214,customer05214@example.test,Brazil,2024-04-25,Premium,8140.44
5215,Customer 05215,customer05215@example.test,Canada,2021-12-25,Standard,4015.33
5216,Customer 05216,customer05216@example.test,United States,2023-06-14,Premium,7298.91
5217,Customer 05217,customer05217@example.test,United States,2023-04-26,Standard,5887.60
5218,Customer 05218,customer05218@example.test,Canada,2020-05-03,Standard,70.53
5219,Customer 05219,customer05219@example.test,India,2021-07-10,Premium,2464.25
5220,Customer 05220,customer05220@example.test,United States,2024-09-25,Basic,5849.00
5221,Customer 05221,customer05221@example.test,India,2024-10-20,Standard,1706.97
5222,Customer 05222,customer05222@example.test,Canada,2024-12-28,Standard,5844.83
5223,Customer 05223,customer05223@example.test,Japan,2024-07-15,Standard,612.04
5224,Customer 05224,customer05224@example.test,United States,2021-10-26,Standard,8307.82
5225,Customer 05225,customer05225@example.test,United Kingdom,2024-03-24,Basic,4636.81
5226,Customer 05226,customer05226@example.test,Germany,2021-07-26,Premium,1449.33
5227,Customer 05227,customer05227@example.test,India,2022-10-06,Basic,3536.69
5228,Customer 05228,customer05228@example.test,Germany,2024-02-26,Basic,6628.80
5229,Customer 05229,customer05229@example.test,Japan,2021-11-26,Standard,8352.98
5230,Customer 05230,customer05230@example.test,India,2024-11-10,Basic,8824.56
5231,Customer 05231,customer05231@example.test,Germany,2023-06-10,Premium,5264.17
5232,Customer 05232,customer05232@example.test,Germany,2020-09-20,Basic,9547.14
5233,Customer 05233,customer05233@example.test,Brazil,2020-08-31,Basic,4489.03
5234,Customer 05234,customer05234@example.test,Australia,2021-11-11,Premium,9778.75
5235,Customer 05235,customer05235@example.test,Australia,2024-10-08,Premium,449.57
5236,Customer 05236,customer05236@example.test,Germany,2020-11-15,Standard,6702.13
5237,Customer 05237,customer05237@example.test,France,2021-04-15,Premium,2479.05
5238,Customer 05238,customer05238@example.test,Brazil,2020-09-25,Standard,9106.72
5239,Customer 05239,customer05239@example.test,Brazil,2021-10-11,Premium,58.40
5240,Customer 05240,customer05240@example.test,India,2021-10-25,Standard,354.30
5241,Customer 05241,customer05241@example.test,France,2022-12-04,Basic,6637.53
5242,Customer 05242,customer05242@example.test,United States,2022-05-21,Basic,1909.97
5243,Customer 05243,customer05243@example.test,Brazil,2023-10-28,Standard,3179.93
5244,Customer 05244,customer05244@example.test,United States,2021-08-05,Basic,6468.75
5245,Customer 05245,customer05245@example.test,Japan,2022-02-23,Basic,6500.77
5246,Customer 05246,customer05246@example.test,United Kingdom,2024-01-07,Premium,5238.52
5247,Customer 05247,customer05247@example.test,France,2024-10-07,Standard,4708.15
5248,Customer 05248,customer05248@example.test,United Kingdom,2023-07-29,Basic,9955.78
5249,Customer 05249,customer05249@example.test,Japan,2021-08-22,Premium,7831.81
5250,Customer 05250,customer05250@example.test,Canada,2020-01-14,Standard,8870.56
5251,Customer 05251,customer05251@example.test,Canada,2022-11-21,Standard,3018.98
5252,Customer 05252,customer05252@example.test,Brazil,2021-03-04,Basic,2290.49
5253,Customer 05253,customer05253@example.test,Canada,2024-07-07,Basic,5697.59
5254,Customer 05254,customer05254@example.test,Brazil,2024-07-12,Basic,1402.21
5255,Customer 05255,customer05255@example.test,Brazil,2021-01-24,Premium,2099.05
5256,Customer 05256,customer05256@example.test,Canada,2023-05-27,Basic,74.28
5257,Customer 05257,customer05257@example.test,Germany,2023-07-07,Basic,971.02
5258,Customer 05258,customer05258@example.test,Japan,2020-04-30,Basic,85.09
5259,Customer 05259,customer05259@example.test,Brazil,2024-12-18,Basic,2566.37
5260,Customer 05260,customer05260@example.test,Germany,2022-04-30,Standard,1679.30
5261,Customer 05261,customer05261@example.test,United States,2021-02-21,Standard,3617.66
5262,Customer 05262,customer05262@example.test,United States,2020-02-19,Premium,8041.89
5263,Customer 05263,customer05263@example.test,Japan,2022-08-23,Basic,7404.69
5264,Customer 05264,customer05264@example.test,United Kingdom,2020-06-27,Premium,8251.48
5265,Customer 05265,customer05265@example.test,India,2021-01-05,Standard,4868.13
5266,Customer 05266,customer05266@example.test,Germany,2021-10-19,Basic,3808.29
5267,Customer 05267,customer05267@example.test,Germany,2023-02-25,Standard,1422.56
5268,Customer 05268,customer05268@example.test,Canada,2022-02-15,Basic,9879.03
5269,Customer 05269,customer05269@example.test,India,2020-03-07,Premium,6486.61
5270,Customer 05270,customer05270@example.test,United States,2020-07-03,Basic,7779.39
5271,Customer 05271,customer05271@example.test,Japan,2022-07-17,Basic,5807.01
5272,Customer 05272,customer05272@example.test,Brazil,2021-05-08,Standard,556.75
5273,Customer 05273,customer05273@example.test,Canada,2023-01-30,Basic,4608.87
5274,Customer 05274,customer05274@example.test,United Kingdom,2020-09-04,Premium,663.97
5275,Customer 05275,customer05275@example.test,France,2022-07-25,Premium,4644.12
5276,Customer 05276,customer05276@example.test,France,2024-05-31,Basic,6872.32
5277,Customer 05277,customer05277@example.test,Canada,2023-04-08,Premium,3416.49
5278,Customer 05278,customer05278@example.test,Canada,2021-01-07,Premium,6046.59
5279,Customer 05279,customer05279@example.test,France,2023-03-06,Basic,4319.50
5280,Customer 05280,customer05280@example.test,Canada,2024-12-10,Premium,7684.01
5281,Customer 05281,customer05281@example.test,India,2022-05-24,Basic,8953.44
5282,Customer 05282,customer05282@example.test,Brazil,2023-04-13,Basic,3179.26
5283,Customer 05283,customer05283@example.test,United States,2021-04-28,Basic,1508.61
5284,Customer 05284,customer05284@example.test,Canada,2021-04-29,Standard,6850.55
5285,Customer 05285,customer05285@example.test,France,2022-01-14,Basic,8972.65
5286,Customer 05286,customer05286@example.test,France,2023-01-11,Standard,5829.49
5287,Customer 05287,customer05287@example.test,Germany,2021-09-22,Standard,1280.90
5288,Customer 05288,customer05288@example.test,United Kingdom,2022-09-28,Basic,7797.84
5289,Customer 05289,customer05289@example.test,United Kingdom,2024-12-12,Premium,1694.09
5290,Customer 05290,customer05290@example.test,Japan,2024-07-13,Standard,2591.40
5291,Customer 05291,customer05291@example.test,India,2020-02-10,Standard,9074.72
5292,Customer 05292,customer05292@example.test,United Kingdom,2021-06-03,Basic,7502.46
5293,Customer 05293,customer05293@example.test,Brazil,2024-01-24,Premium,9366.63
5294,Customer 05294,customer05294@example.test,United Kingdom,2022-07-04,Premium,1958.68
5295,Customer 05295,customer05295@example.test,Canada,2023-03-15,Standard,732.77
5296,Customer 05296,customer05296@example.test,Australia,2020-11-27,Standard,2584.62
5297,Customer 05297,customer05297@example.test,United Kingdom,2023-09-27,Basic,9548.99
5298,Customer 05298,customer05298@example.test,Brazil,2022-10-16,Premium,5141.45
5299,Customer 05299,customer05299@example.test,India,2023-12-20,Premium,6077.32
5300,Customer 05300,customer05300@example.test,United States,2023-02-17,Premium,1370.15
5301,Customer 05301,customer05301@example.test,Australia,2020-11-01,Basic,7893.14
5302,Customer 05302,customer05302@example.test,Canada,2020-07-20,Standard,4164.22
5303,Customer 05303,customer05303@example.test,Australia,2024-02-02,Basic,1975.94
5304,Customer 05304,customer05304@example.test,Australia,2020-12-20,Premium,2781.99
5305,Customer 05305,customer05305@example.test,United States,2024-04-07,Standard,6360.45
5306,Customer 05306,customer05306@example.test,United Kingdom,2024-07-18,Basic,5279.16
5307,Customer 05307,customer05307@example.test,United Kingdom,2022-11-02,Standard,7168.03
5308,Customer 05308,customer05308@example.test,India,2021-03-07,Basic,5393.18
5309,Customer 05309,customer05309@example.test,Canada,2022-01-01,Premium,6683.90
5310,Customer 05310,customer05310@example.test,Japan,2022-12-31,Premium,8374.89
5311,Customer 05311,customer05311@example.test,Australia,2024-09-11,Premium,181.79
5312,Customer 05312,customer05312@example.test,Germany,2021-07-23,Premium,9673.58
5313,Customer 05313,customer05313@example.test,Brazil,2022-03-05,Basic,8967.27
5314,Customer 05314,customer05314@example.test,India,2024-06-14,Premium,4825.70
5315,Customer 05315,customer05315@example.test,India,2020-05-16,Premium,2202.54
5316,Customer 05316,customer05316@example.test,Brazil,2024-11-20,Premium,8167.82
5317,Customer 05317,customer05317@example.test,Canada,2020-11-01,Basic,9875.77
5318,Customer 05318,customer05318@example.test,India,2023-04-16,Basic,251.97
5319,Customer 05319,customer05319@example.test,Germany,2020-07-08,Premium,5011.86
5320,Customer 05320,customer05320@example.test,United States,2021-07-21,Premium,594.42
5321,Customer 05321,customer05321@example.test,France,2023-06-07,Premium,6045.55
5322,Customer 05322,customer05322@example.test,United Kingdom,2022-05-01,Premium,2206.38
5323,Customer 05323,customer05323@example.test,United Kingdom,2023-11-07,Premium,6382.65
5324,Customer 05324,customer05324@example.test,Canada,2020-08-23,Standard,507.68
5325,Customer 05325,customer05325@example.test,Canada,2023-07-20,Basic,1591.60
5326,Customer 05326,customer05326@example.test,France,2020-08-24,Premium,1238.15
5327,Customer 05327,customer05327@example.test,United Kingdom,2024-11-10,Standard,4892.16
5328,Customer 05328,customer05328@example.test,Canada,2024-03-21,Premium,1207.60
5329,Customer 05329,customer05329@example.test,Brazil,2023-05-25,Premium,1181.84
5330,Customer 05330,customer05330@example.test,Japan,2022-02-22,Premium,1357.93
5331,Customer 05331,customer05331@example.test,Australia,2021-01-05,Premium,6475.04
5332,Customer 05332,customer05332@example.test,Australia,2024-01-17,Standard,1425.92
5333,Customer 05333,customer05333@example.test,India,2024-01-20,Basic,7786.51
5334,Customer 05334,customer05334@example.test,United Kingdom,2022-12-19,Premium,2075.67
5335,Customer 05335,customer05335@example.test,France,2023-06-29,Premium,3078.74
5336,Customer 05336,customer05336@example.test,France,2023-03-17,Standard,3987.56
5337,Customer 05337,customer05337@example.test,France,2021-11-21,Basic,140.60
5338,Customer 05338,customer05338@example.test,Canada,2023-09-14,Standard,6822.31
5339,Customer 05339,customer05339@example.test,Germany,2024-11-30,Basic,1086.63
5340,Customer 05340,customer05340@example.test,Germany,2020-11-02,Premium,1053.38
5341,Customer 05341,customer05341@example.test,Germany,2020-07-03,Premium,8282.04
5342,Customer 05342,customer05342@example.test,Japan,2023-02-17,Basic,5503.09
5343,Customer 05343,customer05343@example.test,India,2020-10-14,Premium,6044.30
5344,Customer 05344,customer05344@example.test,India,2023-09-23,Premium,1574.20
5345,Customer 05345,customer05345@example.test,Germany,2023-05-06,Standard,1350.64
5346,Customer 05346,customer05346@example.test,France,2020-02-05,Basic,8880.10
5347,Customer 05347,customer05347@example.test,India,2022-01-21,Basic,3989.78
5348,Customer 05348,customer05348@example.test,Brazil,2024-09-15,Basic,7717.34
5349,Customer 05349,customer05349@example.test,Australia,2023-09-03,Premium,7504.37
5350,Customer 05350,customer05350@example.test,India,2023-09-27,Premium,8170.70
5351,Customer 05351,customer05351@example.test,United Kingdom,2023-11-23,Premium,8140.75
5352,Customer 05352,customer05352@example.test,France,2020-07-18,Standard,1244.13
5353,Customer 05353,customer05353@example.test,Germany,2020-10-17,Premium,4444.51
5354,Customer 05354,customer05354@example.test,United States,2022-01-05,Standard,5658.52
5355,Customer 05355,customer05355@example.test,Japan,2022-01-20,Standard,7996.14
5356,Customer 05356,customer05356@example.test,France,2020-09-23,Premium,2719.55
5357,Customer 05357,customer05357@example.test,Canada,2020-06-02,Premium,1476.87
5358,Customer 05358,customer05358@example.test,Australia,2022-09-13,Standard,1290.93
5359,Customer 05359,customer05359@example.test,Canada,2022-01-11,Standard,2420.18
5360,Customer 05360,customer05360@example.test,United Kingdom,2023-02-15,Standard,632.38
5361,Customer 05361,customer05361@example.test,Australia,2020-12-06,Standard,7537.59
5362,Customer 05362,customer05362@example.test,Brazil,2024-01-17,Standard,4469.01
5363,Customer 05363,customer05363@example.test,Australia,2024-10-31,Standard,2392.86
5364,Customer 05364,customer05364@example.test,Canada,2020-09-23,Standard,5568.43
5365,Customer 05365,customer05365@example.test,Brazil,2023-08-24,Standard,3349.52
5366,Customer 05366,customer05366@example.test,Canada,2021-06-18,Basic,6624.21
5367,Customer 05367,customer05367@example.test,Australia,2023-08-07,Premium,7352.62
5368,Customer 05368,customer05368@example.test,Germany,2023-12-25,Premium,2618.26
5369,Customer 05369,customer05369@example.test,Brazil,2020-04-30,Premium,6460.66
5370,Customer 05370,customer05370@example.test,Japan,2022-01-13,Standard,5918.45
5371,Customer 05371,customer05371@example.test,United Kingdom,2024-04-22,Standard,4437.45
5372,Customer 05372,customer05372@example.test,Germany,2024-05-30,Basic,680.34
5373,Customer 05373,customer05373@example.test,United Kingdom,2022-01-29,Basic,7099.57
5374,Customer 05374,customer05374@example.test,India,2024-05-13,Standard,2988.89
5375,Customer 05375,customer05375@example.test,Canada,2022-05-20,Premium,2634.87
5376,Customer 05376,customer05376@example.test,Brazil,2022-09-09,Premium,8774.17
5377,Customer 05377,customer05377@example.test,Germany,2024-07-17,Standard,4552.75
5378,Customer 05378,customer05378@example.test,Brazil,2020-01-06,Premium,5818.98
5379,Customer 05379,customer05379@example.test,Brazil,2020-05-01,Basic,1285.94
5380,Customer 05380,customer05380@example.test,France,2020-03-20,Premium,8452.53
5381,Customer 05381,customer05381@example.test,Japan,2024-02-17,Basic,2410.16
5382,Customer 05382,customer05382@example.test,United Kingdom,2020-07-24,Standard,2895.85
5383,Customer 05383,customer05383@example.test,Brazil,2024-04-12,Standard,1697.37
5384,Customer 05384,customer05384@example.test,United States,2022-05-17,Premium,5708.16
5385,Customer 05385,customer05385@example.test,United States,2020-01-27,Premium,8517.96
5386,Customer 05386,customer05386@example.test,India,2024-01-28,Standard,1126.19
5387,Customer 05387,customer05387@example.test,Australia,2020-10-30,Basic,1134.36
5388,Customer 05388,customer05388@example.test,Australia,2021-12-02,Standard,885.36
5389,Customer 05389,customer05389@example.test,United States,2021-02-04,Premium,4284.34
5390,Customer 05390,customer05390@example.test,Brazil,2022-07-16,Premium,565.00
5391,Customer 05391,customer05391@example.test,France,2022-08-04,Standard,835.79
5392,Customer 05392,customer05392@example.test,Germany,2020-04-07,Standard,5564.73
5393,Customer 05393,customer05393@example.test,United Kingdom,2021-07-18,Standard,2091.85
5394,Customer 05394,customer05394@example.test,Japan,2024-06-28,Premium,1197.53
5395,Customer 05395,customer05395@example.test,France,2023-12-12,Premium,182.76
5396,Customer 05396,customer05396@example.test,Japan,2023-03-03,Premium,3658.83
5397,Customer 05397,customer05397@example.test,United States,2022-12-24,Basic,3725.94
5398,Customer 05398,customer05398@example.test,Japan,2022-07-04,Basic,4503.47
5399,Customer 05399,customer05399@example.test,Germany,2023-05-05,Standard,311.25
5400,Customer 05400,customer05400@example.test,Brazil,2021-02-22,Basic,57.32
5401,Customer 05401,customer05401@example.test,France,2021-11-14,Basic,8426.91
5402,Customer 05402,customer05402@example.test,France,2024-11-21,Basic,4221.35
5403,Customer 05403,customer05403@example.test,United Kingdom,2020-11-16,Standard,8790.53
5404,Customer 05404,customer05404@example.test,Japan,2022-06-14,Standard,8631.80
5405,Customer 05405,customer05405@example.test,Brazil,2020-10-31,Standard,6135.71
5406,Customer 05406,customer05406@example.test,United States,2020-05-11,Premium,8710.44
5407,Customer 05407,customer05407@example.test,United Kingdom,2020-10-10,Premium,336.43
5408,Customer 05408,customer05408@example.test,Germany,2020-04-27,Standard,4349.53
5409,Customer 05409,customer05409@example.test,Brazil,2022-05-21,Standard,3463.77
5410,Customer 05410,customer05410@example.test,Australia,2023-07-07,Premium,8337.26
5411,Customer 05411,customer05411@example.test,Australia,2020-08-26,Standard,6171.01
5412,Customer 05412,customer05412@example.test,United Kingdom,2022-09-21,Premium,9583.24
5413,Customer 05413,customer05413@example.test,Australia,2021-05-31,Premium,7854.07
5414,Customer 05414,customer05414@example.test,Germany,2023-09-03,Basic,2474.13
5415,Customer 05415,customer05415@example.test,United States,2023-01-18,Premium,8604.06
5416,Customer 05416,customer05416@example.test,Germany,2024-01-04,Basic,31.73
5417,Customer 05417,customer05417@example.test,France,2021-10-07,Basic,7421.07
5418,Customer 05418,customer05418@example.test,India,2020-05-14,Premium,443.51
5419,Customer 05419,customer05419@example.test,United States,2021-06-07,Premium,8470.73
5420,Customer 05420,customer05420@example.test,Germany,2023-04-22,Basic,8704.55
5421,Customer 05421,customer05421@example.test,United Kingdom,2023-05-09,Standard,8213.76
5422,Customer 05422,customer05422@example.test,United States,2023-05-26,Standard,6699.15
5423,Customer 05423,customer05423@example.test,Brazil,2021-04-03,Premium,4857.50
5424,Customer 05424,customer05424@example.test,United Kingdom,2023-04-23,Basic,1261.20
5425,Customer 05425,customer05425@example.test,Japan,2024-07-24,Standard,6322.77
5426,Customer 05426,customer05426@example.test,Germany,2023-02-13,Premium,4308.46
5427,Customer 05427,customer05427@example.test,Brazil,2022-02-21,Premium,2267.89
5428,Customer 05428,customer05428@example.test,Germany,2022-09-20,Premium,5085.81
5429,Customer 05429,customer05429@example.test,Germany,2022-09-09,Premium,2446.31
5430,Customer 05430,customer05430@example.test,Canada,2024-08-28,Standard,4581.16
5431,Customer 05431,customer05431@example.test,France,2021-01-09,Basic,7223.47
5432,Customer 05432,customer05432@example.test,Germany,2022-11-21,Basic,5960.76
5433,Customer 05433,customer05433@example.test,United Kingdom,2020-08-21,Premium,702.49
5434,Customer 05434,customer05434@example.test,Germany,2023-12-28,Premium,9263.38
5435,Customer 05435,customer05435@example.test,Canada,2022-06-01,Premium,2247.54
5436,Customer 05436,customer05436@example.test,Australia,2022-08-14,Basic,4831.22
5437,Customer 05437,customer05437@example.test,United States,2024-08-05,Premium,1108.25
5438,Customer 05438,customer05438@example.test,Japan,2020-07-01,Premium,8818.81
5439,Customer 05439,customer05439@example.test,Australia,2020-11-20,Basic,8422.68
5440,Customer 05440,customer05440@example.test,Germany,2023-09-14,Premium,8908.90
5441,Customer 05441,customer05441@example.test,Brazil,2023-01-22,Premium,3873.19
5442,Customer 05442,customer05442@example.test,United States,2023-11-02,Basic,5289.61
5443,Customer 05443,customer05443@example.test,United Kingdom,2024-12-17,Premium,9410.41
5444,Customer 05444,customer05444@example.test,Brazil,2020-08-17,Standard,235.01
5445,Customer 05445,customer05445@example.test,United States,2024-02-05,Basic,6563.67
5446,Customer 05446,customer05446@example.test,Germany,2023-04-18,Basic,5329.04
5447,Customer 05447,customer05447@example.test,Brazil,2020-03-03,Basic,9731.57
5448,Customer 05448,customer05448@example.test,Germany,2022-03-28,Standard,5610.97
5449,Customer 05449,customer05449@example.test,Canada,2020-10-10,Premium,4732.13
5450,Customer 05450,customer05450@example.test,India,2024-12-07,Basic,5380.71
5451,Customer 05451,customer05451@example.test,France,2024-02-19,Basic,4617.44
5452,Customer 05452,customer05452@example.test,India,2022-11-04,Standard,9778.04
5453,Customer 05453,customer05453@example.test,United States,2020-01-24,Premium,647.12
5454,Customer 05454,customer05454@example.test,Australia,2024-07-20,Standard,5663.30
5455,Customer 05455,customer05455@example.test,Japan,2020-04-05,Standard,3357.52
5456,Customer 05456,customer05456@example.test,Brazil,2022-08-27,Premium,8830.25
5457,Customer 05457,customer05457@example.test,Japan,2021-01-21,Basic,892.63
5458,Customer 05458,customer05458@example.test,Japan,2021-09-05,Premium,8017.51
5459,Customer 05459,customer05459@example.test,Brazil,2023-08-20,Premium,5357.15
5460,Customer 05460,customer05460@example.test,United Kingdom,2024-12-29,Basic,8568.35
5461,Customer 05461,customer05461@example.test,Germany,2023-04-24,Premium,6290.42
5462,Customer 05462,customer05462@example.test,Japan,2023-10-05,Basic,9477.15
5463,Customer 05463,customer05463@example.test,Canada,2022-10-30,Standard,7614.81
5464,Customer 05464,customer05464@example.test,Japan,2024-03-20,Basic,9890.90
5465,Customer 05465,customer05465@example.test,United Kingdom,2023-10-04,Basic,6662.53
5466,Customer 05466,customer05466@example.test,Germany,2020-04-12,Premium,6174.45
5467,Customer 05467,customer05467@example.test,France,2021-12-27,Basic,1236.41
5468,Customer 05468,customer05468@example.test,Brazil,2021-06-13,Basic,4440.95
5469,Customer 05469,customer05469@example.test,India,2020-08-18,Standard,461.59
5470,Customer 05470,customer05470@example.test,United States,2022-10-09,Basic,2601.63
5471,Customer 05471,customer05471@example.test,United Kingdom,2020-12-28,Standard,7069.42
5472,Customer 05472,customer05472@example.test,United States,2024-07-13,Basic,2350.18
5473,Customer 05473,customer05473@example.test,Japan,2021-11-13,Standard,1122.06
5474,Customer 05474,customer05474@example.test,United Kingdom,2024-05-14,Basic,8366.21
5475,Customer 05475,customer05475@example.test,Japan,2024-10-25,Premium,3070.75
5476,Customer 05476,customer05476@example.test,Australia,2023-08-03,Basic,9712.19
5477,Customer 05477,customer05477@example.test,Germany,2022-05-13,Basic,3945.94
5478,Customer 05478,customer05478@example.test,United States,2022-02-24,Premium,7553.46
5479,Customer 05479,customer05479@example.test,Japan,2021-06-26,Premium,2785.48
5480,Customer 05480,customer05480@example.test,United States,2022-07-16,Standard,1590.57
5481,Customer 05481,customer05481@example.test,United Kingdom,2020-05-12,Premium,1603.78
5482,Customer 05482,customer05482@example.test,India,2023-02-22,Premium,4046.82
5483,Customer 05483,customer05483@example.test,Canada,2020-10-18,Standard,6081.71
5484,Customer 05484,customer05484@example.test,France,2024-04-05,Basic,4263.83
5485,Customer 05485,customer05485@example.test,United States,2021-07-17,Basic,1311.32
5486,Customer 05486,customer05486@example.test,United States,2020-01-01,Basic,8276.87
5487,Customer 05487,customer05487@example.test,France,2024-05-13,Standard,5605.91
5488,Customer 05488,customer05488@example.test,United States,2022-03-30,Basic,5261.84
5489,Customer 05489,customer05489@example.test,Australia,2021-04-11,Standard,1441.36
5490,Customer 05490,customer05490@example.test,Japan,2021-06-13,Standard,1586.90
5491,Customer 05491,customer05491@example.test,United States,2024-03-21,Standard,6311.82
5492,Customer 05492,customer05492@example.test,Brazil,2023-03-25,Standard,231.26
5493,Customer 05493,customer05493@example.test,Brazil,2023-06-30,Premium,3144.67
5494,Customer 05494,customer05494@example.test,France,2020-05-31,Premium,6149.87
5495,Customer 05495,customer05495@example.test,France,2024-03-29,Standard,6932.98
5496,Customer 05496,customer05496@example.test,Canada,2024-03-27,Premium,7494.53
5497,Customer 05497,customer05497@example.test,Brazil,2022-04-14,Premium,2237.07
5498,Customer 05498,customer05498@example.test,Japan,2022-08-31,Premium,3583.28
5499,Customer 05499,customer05499@example.test,France,2021-01-17,Premium,9629.60
5500,Customer 05500,customer05500@example.test,India,2021-06-05,Basic,5358.68
5501,Customer 05501,customer05501@example.test,Japan,2020-07-12,Standard,8176.36
5502,Customer 05502,customer05502@example.test,Australia,2024-08-26,Premium,3778.18
5503,Customer 05503,customer05503@example.test,Germany,2021-07-24,Standard,1516.70
5504,Customer 05504,customer05504@example.test,Brazil,2021-06-20,Basic,1020.90
5505,Customer 05505,customer05505@example.test,India,2022-05-28,Basic,330.99
5506,Customer 05506,customer05506@example.test,France,2024-11-22,Basic,3031.98
5507,Customer 05507,customer05507@example.test,Australia,2021-07-14,Basic,4366.17
5508,Customer 05508,customer05508@example.test,Brazil,2022-04-03,Standard,7923.09
5509,Customer 05509,customer05509@example.test,United Kingdom,2024-02-25,Basic,685.07
5510,Customer 05510,customer05510@example.test,United States,2024-04-30,Premium,7342.07
5511,Customer 05511,customer05511@example.test,United States,2021-06-13,Basic,7895.86
5512,Customer 05512,customer05512@example.test,Australia,2023-01-24,Basic,5673.23
5513,Customer 05513,customer05513@example.test,Australia,2024-02-02,Standard,4841.53
5514,Customer 05514,customer05514@example.test,United States,2024-09-02,Premium,1016.05
5515,Customer 05515,customer05515@example.test,Brazil,2021-07-10,Standard,2840.27
5516,Customer 05516,customer05516@example.test,United States,2022-04-27,Premium,8255.19
5517,Customer 05517,customer05517@example.test,India,2021-04-08,Basic,1936.80
5518,Customer 05518,customer05518@example.test,Japan,2022-03-18,Standard,5724.33
5519,Customer 05519,customer05519@example.test,United States,2022-05-14,Basic,8438.58
5520,Customer 05520,customer05520@example.test,Japan,2021-05-24,Basic,6485.91
5521,Customer 05521,customer05521@example.test,United Kingdom,2023-01-30,Standard,9755.00
5522,Customer 05522,customer05522@example.test,Japan,2022-11-03,Basic,3275.23
5523,Customer 05523,customer05523@example.test,Brazil,2023-11-11,Standard,3568.14
5524,Customer 05524,customer05524@example.test,Germany,2023-04-19,Standard,8426.13
5525,Customer 05525,customer05525@example.test,Australia,2023-09-13,Premium,1301.45
5526,Customer 05526,customer05526@example.test,Canada,2023-06-10,Basic,6282.10
5527,Customer 05527,customer05527@example.test,Canada,2023-10-23,Premium,8858.56
5528,Customer 05528,customer05528@example.test,United Kingdom,2023-11-08,Standard,2583.65
5529,Customer 05529,customer05529@example.test,Japan,2023-11-28,Basic,466.49
5530,Customer 05530,customer05530@example.test,Brazil,2021-12-20,Premium,4975.29
5531,Customer 05531,customer05531@example.test,Japan,2020-06-09,Basic,7635.70
5532,Customer 05532,customer05532@example.test,France,2020-05-06,Basic,5639.42
5533,Customer 05533,customer05533@example.test,United States,2024-03-21,Standard,2172.03
5534,Customer 05534,customer05534@example.test,India,2022-05-12,Premium,4307.44
5535,Customer 05535,customer05535@example.test,Canada,2023-12-23,Premium,5396.68
5536,Customer 05536,customer05536@example.test,Germany,2023-04-01,Standard,3904.77
5537,Customer 05537,customer05537@example.test,Australia,2023-05-12,Standard,5090.92
5538,Customer 05538,customer05538@example.test,Australia,2020-01-16,Premium,6229.77
5539,Customer 05539,customer05539@example.test,Germany,2023-09-05,Premium,3132.23
5540,Customer 05540,customer05540@example.test,Germany,2022-12-22,Premium,492.39
5541,Customer 05541,customer05541@example.test,Japan,2021-08-23,Standard,7155.57
5542,Customer 05542,customer05542@example.test,Germany,2024-11-06,Basic,9034.15
5543,Customer 05543,customer05543@example.test,Japan,2023-02-14,Standard,5216.70
5544,Customer 05544,customer05544@example.test,Australia,2022-04-20,Standard,8275.13
5545,Customer 05545,customer05545@example.test,Germany,2022-06-11,Premium,150.52
5546,Customer 05546,customer05546@example.test,Germany,2024-08-06,Standard,4441.67
5547,Customer 05547,customer05547@example.test,India,2024-11-06,Standard,7930.02
5548,Customer 05548,customer05548@example.test,India,2022-06-26,Basic,9358.15
5549,Customer 05549,customer05549@example.test,United Kingdom,2020-02-29,Standard,8053.12
5550,Customer 05550,customer05550@example.test,France,2021-10-15,Premium,8192.09
5551,Customer 05551,customer05551@example.test,Australia,2022-11-03,Standard,1372.12
5552,Customer 05552,customer05552@example.test,India,2021-05-11,Standard,8377.38
5553,Customer 05553,customer05553@example.test,Japan,2022-04-08,Premium,8957.86
5554,Customer 05554,customer05554@example.test,Canada,2023-07-21,Standard,3528.53
5555,Customer 05555,customer05555@example.test,Germany,2023-12-05,Premium,1136.64
5556,Customer 05556,customer05556@example.test,India,2022-03-23,Basic,6377.86
5557,Customer 05557,customer05557@example.test,France,2021-12-11,Premium,96.00
5558,Customer 05558,customer05558@example.test,Japan,2023-11-23,Premium,8971.35
5559,Customer 05559,customer05559@example.test,Brazil,2021-01-17,Premium,1595.46
5560,Customer 05560,customer05560@example.test,Canada,2021-08-25,Standard,4489.81
5561,Customer 05561,customer05561@example.test,United Kingdom,2024-12-10,Basic,6885.41
5562,Customer 05562,customer05562@example.test,Germany,2022-08-28,Standard,1408.62
5563,Customer 05563,customer05563@example.test,India,2024-04-13,Basic,706.03
5564,Customer 05564,customer05564@example.test,Australia,2022-03-10,Premium,829.05
5565,Customer 05565,customer05565@example.test,Germany,2020-12-28,Basic,1047.68
5566,Customer 05566,customer05566@example.test,India,2020-07-08,Basic,8548.88
5567,Customer 05567,customer05567@example.test,United States,2021-05-29,Basic,6704.78
5568,Customer 05568,customer05568@example.test,Australia,2022-03-06,Premium,7974.34
5569,Customer 05569,customer05569@example.test,Australia,2023-01-04,Premium,4976.38
5570,Customer 05570,customer05570@example.test,United States,2023-04-20,Standard,5045.75
5571,Customer 05571,customer05571@example.test,United Kingdom,2023-12-27,Basic,1340.62
5572,Customer 05572,customer05572@example.test,Brazil,2021-02-05,Premium,6059.08
5573,Customer 05573,customer05573@example.test,India,2023-05-04,Standard,9759.36
5574,Customer 05574,customer05574@example.test,Australia,2024-05-27,Standard,4677.85
5575,Customer 05575,customer05575@example.test,Japan,2020-10-03,Standard,8941.64
5576,Customer 05576,customer05576@example.test,Japan,2020-12-02,Premium,1544.28
5577,Customer 05577,customer05577@example.test,Brazil,2024-02-04,Premium,560.68
5578,Customer 05578,customer05578@example.test,United States,2021-02-21,Standard,2399.22
5579,Customer 05579,customer05579@example.test,United Kingdom,2024-02-15,Standard,2390.50
5580,Customer 05580,customer05580@example.test,India,2022-05-30,Basic,6173.40
5581,Customer 05581,customer05581@example.test,Japan,2024-02-03,Basic,504.29
5582,Customer 05582,customer05582@example.test,United States,2022-08-02,Standard,8587.84
5583,Customer 05583,customer05583@example.test,Canada,2023-07-25,Standard,2775.86
5584,Customer 05584,customer05584@example.test,Canada,2022-11-18,Standard,1341.30
5585,Customer 05585,customer05585@example.test,United States,2020-09-09,Basic,7876.67
5586,Customer 05586,customer05586@example.test,United States,2021-04-21,Standard,9213.31
5587,Customer 05587,customer05587@example.test,India,2021-06-02,Standard,494.39
5588,Customer 05588,customer05588@example.test,Japan,2020-03-05,Standard,3203.43
5589,Customer 05589,customer05589@example.test,India,2023-08-29,Standard,6838.88
5590,Customer 05590,customer05590@example.test,India,2022-08-14,Basic,1527.16
5591,Customer 05591,customer05591@example.test,France,2024-11-16,Premium,1168.15
5592,Customer 05592,customer05592@example.test,France,2020-10-13,Premium,9800.56
5593,Customer 05593,customer05593@example.test,United Kingdom,2023-12-31,Standard,8071.42
5594,Customer 05594,customer05594@example.test,United Kingdom,2023-01-05,Basic,9857.50
5595,Customer 05595,customer05595@example.test,Brazil,2023-06-25,Standard,4596.83
5596,Customer 05596,customer05596@example.test,Japan,2024-05-03,Premium,2546.95
5597,Customer 05597,customer05597@example.test,Germany,2023-09-22,Basic,6726.77
5598,Customer 05598,customer05598@example.test,Canada,2023-10-21,Standard,1779.65
5599,Customer 05599,customer05599@example.test,France,2020-03-03,Basic,5650.73
5600,Customer 05600,customer05600@example.test,Canada,2022-02-16,Premium,9413.47
5601,Customer 05601,customer05601@example.test,India,2022-08-30,Basic,132.28
5602,Customer 05602,customer05602@example.test,United States,2023-09-03,Premium,8401.15
5603,Customer 05603,customer05603@example.test,Brazil,2024-09-30,Basic,8221.23
5604,Customer 05604,customer05604@example.test,France,2022-03-03,Premium,2673.13
5605,Customer 05605,customer05605@example.test,France,2021-11-04,Premium,4053.93
5606,Customer 05606,customer05606@example.test,France,2023-05-31,Standard,7541.21
5607,Customer 05607,customer05607@example.test,United States,2023-01-21,Premium,2797.23
5608,Customer 05608,customer05608@example.test,France,2023-07-02,Standard,8889.51
5609,Customer 05609,customer05609@example.test,Germany,2021-04-15,Premium,375.01
5610,Customer 05610,customer05610@example.test,Brazil,2024-10-22,Basic,724.81
5611,Customer 05611,customer05611@example.test,Japan,2024-01-04,Standard,4972.03
5612,Customer 05612,customer05612@example.test,Germany,2022-10-31,Basic,9489.64
5613,Customer 05613,customer05613@example.test,Japan,2020-05-17,Standard,1806.17
5614,Customer 05614,customer05614@example.test,Germany,2021-07-25,Standard,9613.23
5615,Customer 05615,customer05615@example.test,India,2023-10-04,Standard,2746.09
5616,Customer 05616,customer05616@example.test,Australia,2022-05-25,Basic,2204.79
5617,Customer 05617,customer05617@example.test,United States,2024-08-05,Standard,7218.75
5618,Customer 05618,customer05618@example.test,United Kingdom,2020-05-15,Basic,6496.35
5619,Customer 05619,customer05619@example.test,United Kingdom,2021-03-21,Basic,8223.75
5620,Customer 05620,customer05620@example.test,Brazil,2023-02-05,Premium,6729.62
5621,Customer 05621,customer05621@example.test,India,2023-11-06,Premium,6749.15
5622,Customer 05622,customer05622@example.test,Brazil,2023-05-05,Premium,5626.98
5623,Customer 05623,customer05623@example.test,United States,2022-07-23,Basic,6931.82
5624,Customer 05624,customer05624@example.test,United States,2021-06-07,Basic,4047.46
5625,Customer 05625,customer05625@example.test,Japan,2024-07-04,Basic,5533.27
5626,Customer 05626,customer05626@example.test,Canada,2022-11-19,Basic,6279.40
5627,Customer 05627,customer05627@example.test,Germany,2020-05-04,Standard,5046.17
5628,Customer 05628,customer05628@example.test,Canada,2023-03-31,Standard,1097.37
5629,Customer 05629,customer05629@example.test,United Kingdom,2021-07-15,Basic,1442.10
5630,Customer 05630,customer05630@example.test,Japan,2021-06-03,Premium,381.98
5631,Customer 05631,customer05631@example.test,Brazil,2024-07-17,Basic,6272.76
5632,Customer 05632,customer05632@example.test,Japan,2023-01-11,Basic,2649.05
5633,Customer 05633,customer05633@example.test,Germany,2020-12-24,Premium,9484.98
5634,Customer 05634,customer05634@example.test,United States,2021-02-21,Basic,2373.80
5635,Customer 05635,customer05635@example.test,United Kingdom,2023-04-28,Premium,5467.94
5636,Customer 05636,customer05636@example.test,France,2021-04-27,Basic,8308.37
5637,Customer 05637,customer05637@example.test,Canada,2020-07-30,Premium,6774.54
5638,Customer 05638,customer05638@example.test,United States,2023-09-12,Standard,315.44
5639,Customer 05639,customer05639@example.test,Canada,2022-03-13,Basic,2202.95
5640,Customer 05640,customer05640@example.test,United States,2020-12-19,Basic,9690.45
5641,Customer 05641,customer05641@example.test,United States,2020-04-11,Premium,1759.33
5642,Customer 05642,customer05642@example.test,Brazil,2020-10-25,Premium,8558.62
5643,Customer 05643,customer05643@example.test,Australia,2020-08-27,Premium,2411.92
5644,Customer 05644,customer05644@example.test,Australia,2020-12-25,Premium,660.92
5645,Customer 05645,customer05645@example.test,United States,2023-11-17,Standard,4837.17
5646,Customer 05646,customer05646@example.test,Japan,2022-06-07,Premium,475.10
5647,Customer 05647,customer05647@example.test,United States,2020-03-02,Basic,6258.59
5648,Customer 05648,customer05648@example.test,United States,2023-10-07,Basic,5042.04
5649,Customer 05649,customer05649@example.test,Japan,2024-01-04,Premium,117.48
5650,Customer 05650,customer05650@example.test,Brazil,2023-01-26,Standard,1985.48
5651,Customer 05651,customer05651@example.test,Japan,2022-02-02,Premium,3027.90
5652,Customer 05652,customer05652@example.test,France,2020-05-06,Basic,3034.19
5653,Customer 05653,customer05653@example.test,France,2021-10-15,Basic,9892.32
5654,Customer 05654,customer05654@example.test,United States,2020-06-23,Premium,8243.57
5655,Customer 05655,customer05655@example.test,Germany,2022-09-15,Standard,8210.75
5656,Customer 05656,customer05656@example.test,United States,2024-03-18,Basic,1449.68
5657,Customer 05657,customer05657@example.test,India,2021-02-03,Standard,4285.19
5658,Customer 05658,customer05658@example.test,India,2024-11-09,Basic,8284.85
5659,Customer 05659,customer05659@example.test,Australia,2020-07-19,Premium,2082.00
5660,Customer 05660,customer05660@example.test,Australia,2024-02-10,Standard,8758.76
5661,Customer 05661,customer05661@example.test,Japan,2024-03-19,Premium,36.78
5662,Customer 05662,customer05662@example.test,Germany,2022-01-27,Standard,9987.65
5663,Customer 05663,customer05663@example.test,Japan,2024-02-29,Standard,8746.07
5664,Customer 05664,customer05664@example.test,India,2020-06-01,Premium,9468.00
5665,Customer 05665,customer05665@example.test,Australia,2023-11-12,Standard,4538.76
5666,Customer 05666,customer05666@example.test,Japan,2023-09-30,Standard,2817.23
5667,Customer 05667,customer05667@example.test,Brazil,2020-07-07,Premium,9489.47
5668,Customer 05668,customer05668@example.test,Japan,2023-08-18,Standard,3136.19
5669,Customer 05669,customer05669@example.test,Brazil,2024-11-11,Basic,946.82
5670,Customer 05670,customer05670@example.test,France,2023-12-12,Standard,16.62
5671,Customer 05671,customer05671@example.test,United Kingdom,2024-07-12,Basic,3396.66
5672,Customer 05672,customer05672@example.test,Japan,2020-07-24,Basic,8576.77
5673,Customer 05673,customer05673@example.test,Germany,2023-04-26,Basic,4922.36
5674,Customer 05674,customer05674@example.test,United States,2020-03-26,Basic,157.75
5675,Customer 05675,customer05675@example.test,United States,2022-01-22,Premium,4507.79
5676,Customer 05676,customer05676@example.test,United States,2022-05-09,Premium,3084.92
5677,Customer 05677,customer05677@example.test,Canada,2023-02-08,Standard,5602.49
5678,Customer 05678,customer05678@example.test,Japan,2024-01-26,Premium,4072.81
5679,Customer 05679,customer05679@example.test,United Kingdom,2023-05-27,Premium,5536.00
5680,Customer 05680,customer05680@example.test,United States,2021-04-24,Standard,5851.36
5681,Customer 05681,customer05681@example.test,United States,2023-02-11,Basic,5932.34
5682,Customer 05682,customer05682@example.test,United Kingdom,2020-08-30,Basic,7152.63
5683,Customer 05683,customer05683@example.test,United Kingdom,2023-09-14,Basic,761.76
5684,Customer 05684,customer05684@example.test,Australia,2022-01-15,Standard,8418.50
5685,Customer 05685,customer05685@example.test,Japan,2023-04-26,Premium,3806.55
5686,Customer 05686,customer05686@example.test,Brazil,2022-07-17,Basic,4765.47
5687,Customer 05687,customer05687@example.test,Australia,2022-02-11,Basic,6235.89
5688,Customer 05688,customer05688@example.test,Canada,2021-04-29,Premium,9890.88
5689,Customer 05689,customer05689@example.test,Canada,2020-06-27,Standard,9239.83
5690,Customer 05690,customer05690@example.test,India,2023-12-07,Standard,8905.24
5691,Customer 05691,customer05691@example.test,United States,2023-07-16,Basic,5862.25
5692,Customer 05692,customer05692@example.test,Canada,2024-08-28,Standard,154.06
5693,Customer 05693,customer05693@example.test,Brazil,2021-09-11,Basic,8963.02
5694,Customer 05694,customer05694@example.test,India,2020-01-12,Premium,9864.42
5695,Customer 05695,customer05695@example.test,United Kingdom,2020-05-29,Standard,3519.17
5696,Customer 05696,customer05696@example.test,India,2022-11-11,Premium,4829.43
5697,Customer 05697,customer05697@example.test,United Kingdom,2022-09-23,Standard,7403.64
5698,Customer 05698,customer05698@example.test,Canada,2020-07-03,Standard,3112.15
5699,Customer 05699,customer05699@example.test,Canada,2022-02-27,Premium,1012.63
5700,Customer 05700,customer05700@example.test,United States,2023-01-14,Premium,2939.48
5701,Customer 05701,customer05701@example.test,Japan,2020-07-07,Premium,4569.09
5702,Customer 05702,customer05702@example.test,Canada,2021-06-29,Premium,1477.58
5703,Customer 05703,customer05703@example.test,United Kingdom,2023-05-20,Standard,5371.08
5704,Customer 05704,customer05704@example.test,Brazil,2023-04-18,Standard,559.88
5705,Customer 05705,customer05705@example.test,Germany,2024-07-19,Basic,7669.40
5706,Customer 05706,customer05706@example.test,Germany,2022-01-20,Premium,1103.47
5707,Customer 05707,customer05707@example.test,United States,2024-08-13,Standard,7140.96
5708,Customer 05708,customer05708@example.test,India,2021-08-24,Standard,8739.24
5709,Customer 05709,customer05709@example.test,Australia,2024-09-06,Standard,4562.53
5710,Customer 05710,customer05710@example.test,United States,2024-05-15,Premium,30.26
5711,Customer 05711,customer05711@example.test,Canada,2024-09-26,Premium,8855.89
5712,Customer 05712,customer05712@example.test,India,2024-11-16,Standard,8708.47
5713,Customer 05713,customer05713@example.test,Australia,2020-01-01,Basic,521.99
5714,Customer 05714,customer05714@example.test,Japan,2020-05-09,Premium,9702.90
5715,Customer 05715,customer05715@example.test,India,2023-12-13,Standard,2884.72
5716,Customer 05716,customer05716@example.test,United Kingdom,2020-04-18,Premium,2215.34
5717,Customer 05717,customer05717@example.test,Canada,2024-08-21,Standard,8887.92
5718,Customer 05718,customer05718@example.test,United Kingdom,2024-11-05,Premium,5275.37
5719,Customer 05719,customer05719@example.test,United States,2020-11-29,Basic,3440.36
5720,Customer 05720,customer05720@example.test,Germany,2024-12-22,Premium,612.48
5721,Customer 05721,customer05721@example.test,United Kingdom,2020-07-01,Basic,6836.18
5722,Customer 05722,customer05722@example.test,United States,2024-07-30,Premium,1687.34
5723,Customer 05723,customer05723@example.test,Germany,2023-11-11,Basic,4746.10
5724,Customer 05724,customer05724@example.test,Brazil,2021-05-07,Premium,4400.71
5725,Customer 05725,customer05725@example.test,Japan,2020-05-28,Basic,9690.89
5726,Customer 05726,customer05726@example.test,India,2024-06-15,Premium,5048.58
5727,Customer 05727,customer05727@example.test,Australia,2020-05-14,Standard,9887.76
5728,Customer 05728,customer05728@example.test,Australia,2023-02-25,Premium,1218.11
5729,Customer 05729,customer05729@example.test,India,2023-03-22,Premium,6400.70
5730,Customer 05730,customer05730@example.test,United Kingdom,2020-12-30,Premium,8559.33
5731,Customer 05731,customer05731@example.test,Brazil,2023-09-07,Standard,1949.61
5732,Customer 05732,customer05732@example.test,Brazil,2022-05-25,Basic,9228.64
5733,Customer 05733,customer05733@example.test,India,2020-03-30,Premium,9930.05
5734,Customer 05734,customer05734@example.test,United Kingdom,2024-07-31,Premium,8606.87
5735,Customer 05735,customer05735@example.test,Canada,2023-03-12,Premium,459.80
5736,Customer 05736,customer05736@example.test,United Kingdom,2020-03-08,Premium,8489.92
5737,Customer 05737,customer05737@example.test,India,2022-05-31,Basic,154.20
5738,Customer 05738,customer05738@example.test,United Kingdom,2020-01-10,Standard,9500.63
5739,Customer 05739,customer05739@example.test,Brazil,2023-12-05,Basic,6018.85
5740,Customer 05740,customer05740@example.test,Germany,2024-05-27,Basic,7459.32
5741,Customer 05741,customer05741@example.test,Germany,2021-11-01,Premium,8501.10
5742,Customer 05742,customer05742@example.test,Canada,2023-08-15,Basic,5472.54
5743,Customer 05743,customer05743@example.test,Japan,2022-08-17,Basic,5823.08
5744,Customer 05744,customer05744@example.test,France,2023-03-19,Standard,3613.53
5745,Customer 05745,customer05745@example.test,Germany,2020-09-26,Standard,4951.55
5746,Customer 05746,customer05746@example.test,Brazil,2024-04-17,Standard,8769.58
5747,Customer 05747,customer05747@example.test,Brazil,2024-02-09,Basic,8315.53
5748,Customer 05748,customer05748@example.test,United States,2024-01-16,Premium,4971.66
5749,Customer 05749,customer05749@example.test,Germany,2021-02-18,Basic,866.56
5750,Customer 05750,customer05750@example.test,Brazil,2021-03-12,Premium,2703.40
5751,Customer 05751,customer05751@example.test,Australia,2021-11-11,Premium,3688.83
5752,Customer 05752,customer05752@example.test,United States,2024-05-05,Basic,6404.42
5753,Customer 05753,customer05753@example.test,France,2022-04-05,Basic,1920.73
5754,Customer 05754,customer05754@example.test,United Kingdom,2020-05-20,Standard,2236.98
5755,Customer 05755,customer05755@example.test,India,2024-12-10,Standard,2684.70
5756,Customer 05756,customer05756@example.test,France,2022-12-09,Standard,9136.84
5757,Customer 05757,customer05757@example.test,Japan,2020-11-06,Basic,634.13
5758,Customer 05758,customer05758@example.test,Germany,2022-04-10,Basic,4565.72
5759,Customer 05759,customer05759@example.test,Japan,2020-03-20,Standard,2031.68
5760,Customer 05760,customer05760@example.test,United States,2023-04-19,Premium,7526.13
5761,Customer 05761,customer05761@example.test,Germany,2021-05-29,Basic,5278.32
5762,Customer 05762,customer05762@example.test,United States,2021-02-03,Standard,1854.68
5763,Customer 05763,customer05763@example.test,France,2021-10-13,Standard,9658.82
5764,Customer 05764,customer05764@example.test,Germany,2024-06-21,Standard,9594.51
5765,Customer 05765,customer05765@example.test,United States,2020-10-09,Premium,3469.19
5766,Customer 05766,customer05766@example.test,Australia,2021-11-15,Standard,8559.57
5767,Customer 05767,customer05767@example.test,Germany,2022-06-28,Basic,525.55
5768,Customer 05768,customer05768@example.test,India,2022-03-16,Standard,6499.85
5769,Customer 05769,customer05769@example.test,India,2021-11-18,Premium,3819.14
5770,Customer 05770,customer05770@example.test,Canada,2022-03-24,Premium,5919.95
5771,Customer 05771,customer05771@example.test,Australia,2021-01-09,Basic,356.66
5772,Customer 05772,customer05772@example.test,India,2023-01-12,Standard,1123.44
5773,Customer 05773,customer05773@example.test,United Kingdom,2020-03-28,Basic,7338.32
5774,Customer 05774,customer05774@example.test,Australia,2021-09-25,Basic,6292.38
5775,Customer 05775,customer05775@example.test,France,2020-07-27,Premium,9972.39
5776,Customer 05776,customer05776@example.test,Brazil,2020-06-19,Standard,8167.45
5777,Customer 05777,customer05777@example.test,Japan,2022-11-05,Premium,6302.22
5778,Customer 05778,customer05778@example.test,Australia,2023-11-07,Premium,3444.92
5779,Customer 05779,customer05779@example.test,Germany,2024-07-07,Basic,9882.08
5780,Customer 05780,customer05780@example.test,Japan,2022-06-30,Premium,7200.96
5781,Customer 05781,customer05781@example.test,Canada,2023-12-10,Premium,6646.35
5782,Customer 05782,customer05782@example.test,Japan,2020-02-18,Basic,6511.47
5783,Customer 05783,customer05783@example.test,France,2022-01-29,Standard,8572.87
5784,Customer 05784,customer05784@example.test,Brazil,2021-07-02,Basic,1857.30
5785,Customer 05785,customer05785@example.test,Brazil,2020-01-02,Basic,1418.02
5786,Customer 05786,customer05786@example.test,United Kingdom,2021-01-08,Standard,8230.62
5787,Customer 05787,customer05787@example.test,India,2024-06-13,Premium,110.89
5788,Customer 05788,customer05788@example.test,Japan,2020-11-19,Basic,9636.12
5789,Customer 05789,customer05789@example.test,Brazil,2020-04-13,Standard,1163.85
5790,Customer 05790,customer05790@example.test,France,2021-11-21,Basic,9757.01
5791,Customer 05791,customer05791@example.test,India,2021-01-09,Basic,7197.27
5792,Customer 05792,customer05792@example.test,Germany,2023-11-06,Standard,6644.99
5793,Customer 05793,customer05793@example.test,India,2024-12-28,Premium,4593.40
5794,Customer 05794,customer05794@example.test,Australia,2021-08-01,Standard,1047.45
5795,Customer 05795,customer05795@example.test,United Kingdom,2024-04-15,Basic,2005.53
5796,Customer 05796,customer05796@example.test,Canada,2024-09-25,Standard,6238.61
5797,Customer 05797,customer05797@example.test,Australia,2023-02-01,Standard,7427.03
5798,Customer 05798,customer05798@example.test,India,2024-03-01,Basic,294.12
5799,Customer 05799,customer05799@example.test,Brazil,2021-04-17,Premium,101.95
5800,Customer 05800,customer05800@example.test,Germany,2022-03-15,Basic,6522.56
5801,Customer 05801,customer05801@example.test,Germany,2021-03-18,Basic,127.97
5802,Customer 05802,customer05802@example.test,Brazil,2021-02-20,Premium,2909.10
5803,Customer 05803,customer05803@example.test,Canada,2021-12-14,Premium,9209.50
5804,Customer 05804,customer05804@example.test,Japan,2021-03-15,Premium,5310.85
5805,Customer 05805,customer05805@example.test,Germany,2023-06-06,Premium,755.06
5806,Customer 05806,customer05806@example.test,Germany,2023-01-16,Basic,6432.28
5807,Customer 05807,customer05807@example.test,France,2020-07-11,Basic,3531.71
5808,Customer 05808,customer05808@example.test,Canada,2024-12-08,Basic,3766.21
5809,Customer 05809,customer05809@example.test,France,2021-12-09,Standard,7193.49
5810,Customer 05810,customer05810@example.test,India,2023-03-07,Premium,479.24
5811,Customer 05811,customer05811@example.test,Japan,2022-01-10,Premium,348.73
5812,Customer 05812,customer05812@example.test,Japan,2020-05-01,Standard,5970.53
5813,Customer 05813,customer05813@example.test,Australia,2023-03-28,Basic,201.55
5814,Customer 05814,customer05814@example.test,Japan,2022-03-25,Basic,616.45
5815,Customer 05815,customer05815@example.test,United States,2020-05-30,Standard,7519.64
5816,Customer 05816,customer05816@example.test,United Kingdom,2022-06-18,Standard,462.30
5817,Customer 05817,customer05817@example.test,France,2024-05-12,Standard,5252.88
5818,Customer 05818,customer05818@example.test,Canada,2021-06-30,Basic,9329.84
5819,Customer 05819,customer05819@example.test,France,2021-03-22,Basic,8894.84
5820,Customer 05820,customer05820@example.test,Germany,2021-08-14,Basic,7328.38
5821,Customer 05821,customer05821@example.test,France,2022-02-06,Premium,29.14
5822,Customer 05822,customer05822@example.test,United Kingdom,2022-03-15,Standard,3952.88
5823,Customer 05823,customer05823@example.test,Canada,2024-04-02,Standard,3440.29
5824,Customer 05824,customer05824@example.test,France,2020-01-17,Premium,6636.26
5825,Customer 05825,customer05825@example.test,Australia,2021-12-13,Premium,5171.89
5826,Customer 05826,customer05826@example.test,Japan,2021-03-11,Standard,2674.95
5827,Customer 05827,customer05827@example.test,Japan,2020-09-23,Premium,2997.55
5828,Customer 05828,customer05828@example.test,United Kingdom,2020-08-04,Basic,2671.46
5829,Customer 05829,customer05829@example.test,Australia,2021-01-11,Basic,1958.42
5830,Customer 05830,customer05830@example.test,Canada,2023-09-16,Premium,8276.16
5831,Customer 05831,customer05831@example.test,Germany,2021-03-29,Standard,8975.93
5832,Customer 05832,customer05832@example.test,Brazil,2020-07-14,Premium,7730.40
5833,Customer 05833,customer05833@example.test,Australia,2024-05-31,Basic,417.68
5834,Customer 05834,customer05834@example.test,Japan,2023-08-10,Basic,486.48
5835,Customer 05835,customer05835@example.test,France,2021-12-30,Premium,6681.59
5836,Customer 05836,customer05836@example.test,United States,2024-04-14,Basic,9578.99
5837,Customer 05837,customer05837@example.test,United States,2022-04-27,Standard,2547.78
5838,Customer 05838,customer05838@example.test,Canada,2020-01-29,Premium,926.79
5839,Customer 05839,customer05839@example.test,Japan,2022-02-25,Standard,2306.28
5840,Customer 05840,customer05840@example.test,Canada,2024-06-15,Basic,9725.73
5841,Customer 05841,customer05841@example.test,Germany,2020-01-14,Basic,3507.60
5842,Customer 05842,customer05842@example.test,India,2022-07-23,Basic,5835.15
5843,Customer 05843,customer05843@example.test,United States,2024-06-05,Standard,3389.81
5844,Customer 05844,customer05844@example.test,Canada,2024-10-21,Premium,1792.98
5845,Customer 05845,customer05845@example.test,Japan,2023-04-30,Standard,1756.22
5846,Customer 05846,customer05846@example.test,Australia,2022-03-20,Premium,9995.56
5847,Customer 05847,customer05847@example.test,France,2024-09-22,Standard,7036.32
5848,Customer 05848,customer05848@example.test,Canada,2024-07-04,Premium,9277.21
5849,Customer 05849,customer05849@example.test,Canada,2023-11-22,Standard,3880.19
5850,Customer 05850,customer05850@example.test,United States,2021-12-25,Premium,815.13
5851,Customer 05851,customer05851@example.test,United Kingdom,2021-06-07,Standard,9331.57
5852,Customer 05852,customer05852@example.test,Canada,2020-02-20,Premium,9514.05
5853,Customer 05853,customer05853@example.test,Brazil,2022-06-30,Premium,8400.69
5854,Customer 05854,customer05854@example.test,Canada,2021-12-06,Premium,7483.62
5855,Customer 05855,customer05855@example.test,United States,2024-03-19,Premium,1897.21
5856,Customer 05856,customer05856@example.test,Japan,2021-01-22,Basic,1764.21
5857,Customer 05857,customer05857@example.test,Canada,2020-07-21,Premium,3696.98
5858,Customer 05858,customer05858@example.test,Brazil,2022-12-10,Basic,6006.77
5859,Customer 05859,customer05859@example.test,Australia,2022-09-28,Basic,3838.22
5860,Customer 05860,customer05860@example.test,Brazil,2023-03-04,Standard,1115.85
5861,Customer 05861,customer05861@example.test,Brazil,2024-05-01,Basic,4577.35
5862,Customer 05862,customer05862@example.test,United States,2021-03-09,Standard,3484.58
5863,Customer 05863,customer05863@example.test,United States,2023-01-31,Premium,7658.06
5864,Customer 05864,customer05864@example.test,India,2023-04-20,Basic,7860.38
5865,Customer 05865,customer05865@example.test,United Kingdom,2022-08-07,Premium,7381.74
5866,Customer 05866,customer05866@example.test,Brazil,2023-11-15,Standard,5830.21
5867,Customer 05867,customer05867@example.test,Australia,2022-11-24,Basic,527.89
5868,Customer 05868,customer05868@example.test,India,2024-03-16,Premium,5020.05
5869,Customer 05869,customer05869@example.test,France,2022-12-31,Premium,5740.83
5870,Customer 05870,customer05870@example.test,Canada,2022-02-07,Basic,9527.51
5871,Customer 05871,customer05871@example.test,United Kingdom,2023-04-06,Premium,8427.46
5872,Customer 05872,customer05872@example.test,Germany,2022-11-08,Standard,9249.15
5873,Customer 05873,customer05873@example.test,Australia,2021-09-28,Basic,1006.36
5874,Customer 05874,customer05874@example.test,Canada,2022-11-18,Premium,7574.72
5875,Customer 05875,customer05875@example.test,United Kingdom,2024-03-24,Premium,12.78
5876,Customer 05876,customer05876@example.test,Canada,2020-04-20,Basic,2241.34
5877,Customer 05877,customer05877@example.test,Germany,2023-06-13,Basic,1336.52
5878,Customer 05878,customer05878@example.test,France,2023-07-04,Premium,6946.66
5879,Customer 05879,customer05879@example.test,Australia,2020-11-14,Standard,929.88
5880,Customer 05880,customer05880@example.test,Germany,2021-07-22,Standard,2923.02
5881,Customer 05881,customer05881@example.test,France,2023-09-03,Basic,1380.75
5882,Customer 05882,customer05882@example.test,United States,2024-03-14,Basic,1150.35
5883,Customer 05883,customer05883@example.test,Japan,2020-05-15,Standard,6053.16
5884,Customer 05884,customer05884@example.test,France,2023-05-18,Basic,107.03
5885,Customer 05885,customer05885@example.test,Canada,2023-10-10,Basic,6577.74
5886,Customer 05886,customer05886@example.test,Australia,2024-02-13,Premium,378.70
5887,Customer 05887,customer05887@example.test,France,2023-07-22,Premium,2904.53
5888,Customer 05888,customer05888@example.test,Canada,2024-01-03,Premium,8937.80
5889,Customer 05889,customer05889@example.test,Canada,2020-09-25,Basic,4602.27
5890,Customer 05890,customer05890@example.test,India,2022-10-16,Premium,7292.34
5891,Customer 05891,customer05891@example.test,Brazil,2024-11-28,Premium,3910.46
5892,Customer 05892,customer05892@example.test,France,2024-01-10,Premium,9421.57
5893,Customer 05893,customer05893@example.test,Canada,2024-05-09,Basic,980.80
5894,Customer 05894,customer05894@example.test,India,2022-05-05,Premium,4269.36
5895,Customer 05895,customer05895@example.test,Japan,2021-06-03,Premium,30.26
5896,Customer 05896,customer05896@example.test,Australia,2023-10-29,Standard,7499.91
5897,Customer 05897,customer05897@example.test,France,2024-06-12,Standard,4791.13
5898,Customer 05898,customer05898@example.test,India,2022-07-30,Standard,9469.62
5899,Customer 05899,customer05899@example.test,Brazil,2023-04-12,Basic,5633.67
5900,Customer 05900,customer05900@example.test,Canada,2021-04-04,Premium,7170.02
5901,Customer 05901,customer05901@example.test,Canada,2020-02-16,Basic,940.14
5902,Customer 05902,customer05902@example.test,Brazil,2022-05-01,Standard,3130.39
5903,Customer 05903,customer05903@example.test,Australia,2022-02-13,Premium,6103.13
5904,Customer 05904,customer05904@example.test,United States,2024-03-14,Premium,1251.28
5905,Customer 05905,customer05905@example.test,Australia,2024-05-27,Standard,2599.85
5906,Customer 05906,customer05906@example.test,United States,2024-09-20,Standard,701.29
5907,Customer 05907,customer05907@example.test,Japan,2023-06-23,Standard,1700.81
5908,Customer 05908,customer05908@example.test,Brazil,2020-11-04,Premium,9844.93
5909,Customer 05909,customer05909@example.test,Japan,2020-08-30,Standard,146.71
5910,Customer 05910,customer05910@example.test,Australia,2022-10-23,Standard,4255.77
5911,Customer 05911,customer05911@example.test,India,2023-02-15,Standard,8823.08
5912,Customer 05912,customer05912@example.test,United Kingdom,2022-03-16,Premium,4017.77
5913,Customer 05913,customer05913@example.test,Japan,2021-04-23,Premium,881.98
5914,Customer 05914,customer05914@example.test,United States,2023-03-14,Standard,3796.37
5915,Customer 05915,customer05915@example.test,Australia,2022-01-10,Standard,6094.46
5916,Customer 05916,customer05916@example.test,Germany,2021-08-10,Standard,6878.94
5917,Customer 05917,customer05917@example.test,United Kingdom,2020-03-15,Standard,4105.34
5918,Customer 05918,customer05918@example.test,Germany,2021-02-06,Basic,8076.23
5919,Customer 05919,customer05919@example.test,France,2021-01-21,Basic,4370.80
5920,Customer 05920,customer05920@example.test,Australia,2021-12-05,Standard,6786.62
5921,Customer 05921,customer05921@example.test,Japan,2023-05-23,Premium,4756.50
5922,Customer 05922,customer05922@example.test,Canada,2021-01-23,Premium,4040.58
5923,Customer 05923,customer05923@example.test,Japan,2020-10-02,Premium,927.56
5924,Customer 05924,customer05924@example.test,Canada,2021-08-28,Standard,2269.56
5925,Customer 05925,customer05925@example.test,Japan,2024-05-28,Basic,1441.21
5926,Customer 05926,customer05926@example.test,India,2024-08-24,Basic,5817.55
5927,Customer 05927,customer05927@example.test,India,2023-11-25,Standard,7062.22
5928,Customer 05928,customer05928@example.test,Brazil,2020-11-05,Basic,5396.88
5929,Customer 05929,customer05929@example.test,United States,2024-10-07,Basic,9293.36
5930,Customer 05930,customer05930@example.test,United States,2020-03-21,Basic,5169.39
5931,Customer 05931,customer05931@example.test,Brazil,2023-05-01,Basic,6530.26
5932,Customer 05932,customer05932@example.test,Canada,2022-04-14,Basic,2517.65
5933,Customer 05933,customer05933@example.test,Germany,2024-01-23,Basic,887.46
5934,Customer 05934,customer05934@example.test,Japan,2023-09-09,Standard,2313.19
5935,Customer 05935,customer05935@example.test,United States,2021-02-15,Standard,8441.01
5936,Customer 05936,customer05936@example.test,Canada,2021-05-05,Basic,2954.18
5937,Customer 05937,customer05937@example.test,Canada,2022-08-01,Standard,6990.96
5938,Customer 05938,customer05938@example.test,India,2020-04-27,Basic,2473.06
5939,Customer 05939,customer05939@example.test,France,2021-04-05,Standard,9953.45
5940,Customer 05940,customer05940@example.test,Australia,2021-02-18,Basic,2525.86
5941,Customer 05941,customer05941@example.test,Brazil,2020-06-07,Basic,8749.88
5942,Customer 05942,customer05942@example.test,United States,2022-01-19,Standard,4253.73
5943,Customer 05943,customer05943@example.test,India,2020-02-27,Basic,2800.49
5944,Customer 05944,customer05944@example.test,United Kingdom,2022-01-27,Basic,4093.68
5945,Customer 05945,customer05945@example.test,Germany,2023-11-13,Standard,3468.95
5946,Customer 05946,customer05946@example.test,United Kingdom,2024-06-18,Standard,6153.32
5947,Customer 05947,customer05947@example.test,Germany,2023-12-29,Basic,8095.93
5948,Customer 05948,customer05948@example.test,India,2023-07-25,Premium,3780.03
5949,Customer 05949,customer05949@example.test,Japan,2021-05-06,Standard,5917.29
5950,Customer 05950,customer05950@example.test,Germany,2022-08-25,Standard,4054.41
5951,Customer 05951,customer05951@example.test,United States,2024-01-31,Standard,8460.88
5952,Customer 05952,customer05952@example.test,Japan,2020-05-10,Premium,9499.51
5953,Customer 05953,customer05953@example.test,Canada,2021-07-28,Premium,1856.85
5954,Customer 05954,customer05954@example.test,Germany,2021-12-03,Standard,232.00
5955,Customer 05955,customer05955@example.test,Australia,2023-01-01,Basic,3481.69
5956,Customer 05956,customer05956@example.test,Germany,2024-09-13,Basic,917.90
5957,Customer 05957,customer05957@example.test,India,2024-07-26,Premium,7973.55
5958,Customer 05958,customer05958@example.test,Canada,2022-03-28,Standard,8247.33
5959,Customer 05959,customer05959@example.test,Japan,2022-01-30,Standard,3167.61
5960,Customer 05960,customer05960@example.test,United Kingdom,2024-09-25,Premium,1183.23
5961,Customer 05961,customer05961@example.test,France,2024-10-13,Premium,4752.14
5962,Customer 05962,customer05962@example.test,Germany,2024-11-16,Premium,2512.36
5963,Customer 05963,customer05963@example.test,Brazil,2022-01-23,Standard,1904.13
5964,Customer 05964,customer05964@example.test,Brazil,2022-02-27,Standard,551.96
5965,Customer 05965,customer05965@example.test,Germany,2023-09-29,Basic,5709.09
5966,Customer 05966,customer05966@example.test,France,2023-04-10,Premium,8311.41
5967,Customer 05967,customer05967@example.test,Japan,2020-11-18,Premium,3156.18
5968,Customer 05968,customer05968@example.test,India,2024-05-09,Standard,2238.61
5969,Customer 05969,customer05969@example.test,Australia,2024-01-11,Standard,5940.93
5970,Customer 05970,customer05970@example.test,France,2022-04-25,Basic,8077.38
5971,Customer 05971,customer05971@example.test,France,2022-07-26,Premium,9515.41
5972,Customer 05972,customer05972@example.test,Australia,2023-10-26,Premium,5601.05
5973,Customer 05973,customer05973@example.test,Brazil,2023-08-15,Standard,9858.15
5974,Customer 05974,customer05974@example.test,India,2022-12-23,Premium,1489.90
5975,Customer 05975,customer05975@example.test,Brazil,2020-09-03,Standard,7653.44
5976,Customer 05976,customer05976@example.test,United Kingdom,2023-01-29,Premium,9606.53
5977,Customer 05977,customer05977@example.test,Germany,2023-02-14,Standard,1640.16
5978,Customer 05978,customer05978@example.test,India,2021-03-04,Basic,2929.30
5979,Customer 05979,customer05979@example.test,Canada,2024-02-22,Standard,9323.72
5980,Customer 05980,customer05980@example.test,United Kingdom,2022-11-01,Standard,2800.31
5981,Customer 05981,customer05981@example.test,United Kingdom,2024-09-24,Premium,1178.89
5982,Customer 05982,customer05982@example.test,France,2022-10-15,Basic,1715.47
5983,Customer 05983,customer05983@example.test,Australia,2024-11-16,Basic,5547.35
5984,Customer 05984,customer05984@example.test,India,2022-04-21,Basic,8602.05
5985,Customer 05985,customer05985@example.test,France,2020-10-29,Standard,4852.80
5986,Customer 05986,customer05986@example.test,Canada,2022-07-16,Basic,4508.61
5987,Customer 05987,customer05987@example.test,India,2022-03-30,Standard,1974.47
5988,Customer 05988,customer05988@example.test,United Kingdom,2021-02-03,Premium,1168.90
5989,Customer 05989,customer05989@example.test,Australia,2021-07-24,Basic,8676.07
5990,Customer 05990,customer05990@example.test,India,2020-04-05,Premium,8531.96
5991,Customer 05991,customer05991@example.test,United States,2022-06-18,Premium,257.80
5992,Customer 05992,customer05992@example.test,India,2022-01-22,Basic,5443.61
5993,Customer 05993,customer05993@example.test,Australia,2023-09-10,Premium,265.47
5994,Customer 05994,customer05994@example.test,United Kingdom,2020-11-07,Basic,1868.36
5995,Customer 05995,customer05995@example.test,Canada,2024-02-02,Premium,3242.07
5996,Customer 05996,customer05996@example.test,India,2021-01-16,Standard,6947.52
5997,Customer 05997,customer05997@example.test,France,2024-09-30,Premium,4460.87
5998,Customer 05998,customer05998@example.test,Germany,2020-02-24,Premium,6015.30
5999,Customer 05999,customer05999@example.test,Brazil,2023-11-18,Premium,8001.30
6000,Customer 06000,customer06000@example.test,United States,2022-03-26,Basic,7278.45
6001,Customer 06001,customer06001@example.test,United Kingdom,2020-06-26,Premium,9525.61
6002,Customer 06002,customer06002@example.test,France,2020-03-12,Premium,2077.39
6003,Customer 06003,customer06003@example.test,India,2022-02-13,Standard,7436.36
6004,Customer 06004,customer06004@example.test,United States,2020-11-11,Standard,1845.60
6005,Customer 06005,customer06005@example.test,Australia,2024-01-16,Basic,6762.00
6006,Customer 06006,customer06006@example.test,United Kingdom,2021-01-16,Premium,3606.78
6007,Customer 06007,customer06007@example.test,India,2020-09-18,Basic,3693.59
6008,Customer 06008,customer06008@example.test,France,2024-08-21,Premium,1555.65
6009,Customer 06009,customer06009@example.test,Canada,2020-12-12,Basic,7268.99
6010,Customer 06010,customer06010@example.test,United Kingdom,2024-04-27,Premium,7332.80
6011,Customer 06011,customer06011@example.test,France,2023-06-15,Basic,6327.00
6012,Customer 06012,customer06012@example.test,Canada,2023-05-30,Premium,3012.86
6013,Customer 06013,customer06013@example.test,United Kingdom,2022-01-14,Basic,7271.79
6014,Customer 06014,customer06014@example.test,France,2024-08-23,Standard,2364.55
6015,Customer 06015,customer06015@example.test,France,2020-09-21,Standard,4475.54
6016,Customer 06016,customer06016@example.test,United States,2020-06-27,Standard,364.46
6017,Customer 06017,customer06017@example.test,Japan,2022-08-19,Premium,9514.75
6018,Customer 06018,customer06018@example.test,United States,2020-04-10,Standard,477.74
6019,Customer 06019,customer06019@example.test,Canada,2022-11-13,Standard,6366.26
6020,Customer 06020,customer06020@example.test,Brazil,2022-10-16,Basic,8461.23
6021,Customer 06021,customer06021@example.test,France,2020-11-20,Standard,404.48
6022,Customer 06022,customer06022@example.test,Australia,2020-07-21,Standard,1307.37
6023,Customer 06023,customer06023@example.test,Japan,2020-11-15,Premium,3714.27
6024,Customer 06024,customer06024@example.test,United States,2023-08-13,Premium,9363.24
6025,Customer 06025,customer06025@example.test,United States,2023-02-17,Basic,1917.68
6026,Customer 06026,customer06026@example.test,Brazil,2023-12-17,Standard,6985.82
6027,Customer 06027,customer06027@example.test,Japan,2024-06-13,Basic,7990.61
6028,Customer 06028,customer06028@example.test,United States,2021-06-20,Standard,8172.08
6029,Customer 06029,customer06029@example.test,United Kingdom,2022-04-04,Premium,3400.65
6030,Customer 06030,customer06030@example.test,Germany,2022-06-25,Premium,1521.99
6031,Customer 06031,customer06031@example.test,France,2021-03-05,Basic,1601.87
6032,Customer 06032,customer06032@example.test,Canada,2020-10-17,Basic,5330.52
6033,Customer 06033,customer06033@example.test,Brazil,2020-02-04,Basic,3062.22
6034,Customer 06034,customer06034@example.test,Canada,2021-06-03,Standard,5874.26
6035,Customer 06035,customer06035@example.test,Canada,2023-10-04,Basic,8553.09
6036,Customer 06036,customer06036@example.test,Canada,2023-09-23,Premium,7699.19
6037,Customer 06037,customer06037@example.test,Japan,2021-12-25,Premium,3953.41
6038,Customer 06038,customer06038@example.test,India,2021-01-09,Premium,3896.41
6039,Customer 06039,customer06039@example.test,Australia,2023-09-05,Standard,2540.10
6040,Customer 06040,customer06040@example.test,United Kingdom,2024-09-02,Premium,699.07
6041,Customer 06041,customer06041@example.test,Brazil,2024-10-17,Basic,581.14
6042,Customer 06042,customer06042@example.test,Japan,2021-07-10,Basic,8315.02
6043,Customer 06043,customer06043@example.test,Germany,2022-10-04,Premium,8678.78
6044,Customer 06044,customer06044@example.test,Australia,2021-04-28,Standard,7014.99
6045,Customer 06045,customer06045@example.test,France,2021-10-07,Basic,9959.14
6046,Customer 06046,customer06046@example.test,Brazil,2021-09-16,Basic,5889.69
6047,Customer 06047,customer06047@example.test,Canada,2021-10-25,Premium,9316.37
6048,Customer 06048,customer06048@example.test,Brazil,2023-09-13,Premium,8124.03
6049,Customer 06049,customer06049@example.test,Canada,2022-02-28,Standard,6932.11
6050,Customer 06050,customer06050@example.test,United States,2020-04-27,Standard,6962.23
6051,Customer 06051,customer06051@example.test,France,2022-03-28,Basic,8684.01
6052,Customer 06052,customer06052@example.test,United Kingdom,2024-01-14,Basic,3831.23
6053,Customer 06053,customer06053@example.test,Brazil,2022-03-01,Standard,7659.82
6054,Customer 06054,customer06054@example.test,United Kingdom,2021-07-20,Premium,3790.93
6055,Customer 06055,customer06055@example.test,Germany,2021-10-14,Basic,762.53
6056,Customer 06056,customer06056@example.test,Canada,2024-06-24,Basic,6917.33
6057,Customer 06057,customer06057@example.test,India,2020-05-17,Premium,4489.15
6058,Customer 06058,customer06058@example.test,Germany,2024-01-15,Premium,812.57
6059,Customer 06059,customer06059@example.test,India,2023-03-05,Standard,4490.68
6060,Customer 06060,customer06060@example.test,Australia,2021-07-10,Basic,9786.83
6061,Customer 06061,customer06061@example.test,Brazil,2023-10-05,Basic,7559.14
6062,Customer 06062,customer06062@example.test,France,2022-02-08,Basic,3366.35
6063,Customer 06063,customer06063@example.test,United States,2022-07-12,Standard,3751.30
6064,Customer 06064,customer06064@example.test,Canada,2024-07-06,Premium,5003.38
6065,Customer 06065,customer06065@example.test,Australia,2024-07-03,Premium,190.42
6066,Customer 06066,customer06066@example.test,Canada,2021-06-03,Standard,1659.85
6067,Customer 06067,customer06067@example.test,Australia,2023-09-27,Premium,6530.00
6068,Customer 06068,customer06068@example.test,United Kingdom,2024-11-10,Premium,1425.59
6069,Customer 06069,customer06069@example.test,Brazil,2024-02-01,Premium,3224.17
6070,Customer 06070,customer06070@example.test,France,2020-05-30,Basic,2554.86
6071,Customer 06071,customer06071@example.test,Japan,2024-03-19,Basic,4231.35
6072,Customer 06072,customer06072@example.test,United States,2022-08-05,Basic,6787.07
6073,Customer 06073,customer06073@example.test,Japan,2022-07-18,Premium,5939.07
6074,Customer 06074,customer06074@example.test,United Kingdom,2022-12-07,Premium,777.97
6075,Customer 06075,customer06075@example.test,Japan,2020-12-03,Standard,9365.84
6076,Customer 06076,customer06076@example.test,France,2022-09-17,Premium,8366.48
6077,Customer 06077,customer06077@example.test,Canada,2023-05-17,Premium,4591.18
6078,Customer 06078,customer06078@example.test,Japan,2023-08-28,Basic,8017.83
6079,Customer 06079,customer06079@example.test,United Kingdom,2020-02-27,Standard,7292.35
6080,Customer 06080,customer06080@example.test,United States,2023-03-27,Basic,6518.34
6081,Customer 06081,customer06081@example.test,United States,2022-08-31,Standard,3695.35
6082,Customer 06082,customer06082@example.test,France,2021-04-30,Basic,7182.09
6083,Customer 06083,customer06083@example.test,Germany,2023-03-16,Premium,1208.88
6084,Customer 06084,customer06084@example.test,Brazil,2023-05-19,Basic,8073.65
6085,Customer 06085,customer06085@example.test,India,2022-02-21,Standard,1975.26
6086,Customer 06086,customer06086@example.test,United States,2020-03-04,Basic,7603.02
6087,Customer 06087,customer06087@example.test,India,2024-05-27,Premium,2445.01
6088,Customer 06088,customer06088@example.test,Canada,2020-09-12,Premium,1662.40
6089,Customer 06089,customer06089@example.test,Brazil,2020-09-04,Standard,8830.73
6090,Customer 06090,customer06090@example.test,India,2020-02-18,Standard,8467.81
6091,Customer 06091,customer06091@example.test,Germany,2022-02-13,Standard,5903.90
6092,Customer 06092,customer06092@example.test,United Kingdom,2023-08-03,Standard,5032.51
6093,Customer 06093,customer06093@example.test,Australia,2020-01-15,Premium,1470.94
6094,Customer 06094,customer06094@example.test,United States,2022-05-11,Standard,4148.61
6095,Customer 06095,customer06095@example.test,Germany,2021-09-19,Basic,6977.02
6096,Customer 06096,customer06096@example.test,Japan,2024-04-10,Standard,4203.88
6097,Customer 06097,customer06097@example.test,United Kingdom,2021-09-01,Basic,4720.04
6098,Customer 06098,customer06098@example.test,Brazil,2021-09-25,Standard,8558.64
6099,Customer 06099,customer06099@example.test,Japan,2021-02-16,Standard,4473.54
6100,Customer 06100,customer06100@example.test,Australia,2023-11-15,Standard,8995.74
6101,Customer 06101,customer06101@example.test,Australia,2021-11-08,Premium,4264.62
6102,Customer 06102,customer06102@example.test,India,2021-05-15,Standard,7329.87
6103,Customer 06103,customer06103@example.test,United Kingdom,2021-03-27,Premium,394.63
6104,Customer 06104,customer06104@example.test,Japan,2023-04-20,Standard,5924.93
6105,Customer 06105,customer06105@example.test,Canada,2022-05-23,Standard,4628.19
6106,Customer 06106,customer06106@example.test,Brazil,2020-06-10,Basic,5928.99
6107,Customer 06107,customer06107@example.test,India,2023-08-24,Premium,5969.64
6108,Customer 06108,customer06108@example.test,Japan,2023-11-26,Premium,3366.93
6109,Customer 06109,customer06109@example.test,Australia,2021-02-25,Basic,3889.81
6110,Customer 06110,customer06110@example.test,United Kingdom,2023-04-30,Basic,83.43
6111,Customer 06111,customer06111@example.test,India,2021-01-02,Standard,1154.71
6112,Customer 06112,customer06112@example.test,United States,2020-11-26,Premium,4851.47
6113,Customer 06113,customer06113@example.test,France,2022-04-26,Standard,3142.68
6114,Customer 06114,customer06114@example.test,Brazil,2021-04-25,Standard,6439.11
6115,Customer 06115,customer06115@example.test,United States,2021-08-16,Basic,8912.25
6116,Customer 06116,customer06116@example.test,India,2023-02-20,Basic,4125.84
6117,Customer 06117,customer06117@example.test,Germany,2021-12-15,Standard,6893.95
6118,Customer 06118,customer06118@example.test,France,2022-06-09,Standard,3464.57
6119,Customer 06119,customer06119@example.test,Germany,2024-03-23,Standard,7815.34
6120,Customer 06120,customer06120@example.test,Germany,2021-03-29,Basic,2699.01
6121,Customer 06121,customer06121@example.test,Brazil,2024-05-27,Standard,6417.14
6122,Customer 06122,customer06122@example.test,Japan,2020-09-05,Basic,9730.81
6123,Customer 06123,customer06123@example.test,France,2023-05-20,Basic,2542.35
6124,Customer 06124,customer06124@example.test,Germany,2024-09-03,Standard,6064.11
6125,Customer 06125,customer06125@example.test,Germany,2022-07-12,Premium,6028.47
6126,Customer 06126,customer06126@example.test,Germany,2024-12-09,Standard,2766.08
6127,Customer 06127,customer06127@example.test,United States,2020-02-05,Basic,8774.18
6128,Customer 06128,customer06128@example.test,United States,2023-09-08,Premium,1532.01
6129,Customer 06129,customer06129@example.test,Australia,2021-04-04,Basic,3441.30
6130,Customer 06130,customer06130@example.test,Japan,2022-10-22,Premium,6348.48
6131,Customer 06131,customer06131@example.test,United Kingdom,2024-01-20,Basic,9806.06
6132,Customer 06132,customer06132@example.test,United States,2021-03-23,Basic,8079.66
6133,Customer 06133,customer06133@example.test,United States,2024-12-12,Basic,8998.18
6134,Customer 06134,customer06134@example.test,Brazil,2021-07-06,Premium,1653.53
6135,Customer 06135,customer06135@example.test,Australia,2020-07-31,Basic,4671.85
6136,Customer 06136,customer06136@example.test,Australia,2020-09-21,Basic,1817.57
6137,Customer 06137,customer06137@example.test,United Kingdom,2020-08-23,Premium,5021.94
6138,Customer 06138,customer06138@example.test,Germany,2021-10-31,Basic,3646.39
6139,Customer 06139,customer06139@example.test,Germany,2021-01-29,Basic,7442.32
6140,Customer 06140,customer06140@example.test,Japan,2024-05-25,Standard,3530.32
6141,Customer 06141,customer06141@example.test,Canada,2022-08-25,Premium,391.03
6142,Customer 06142,customer06142@example.test,Australia,2021-05-15,Premium,3164.30
6143,Customer 06143,customer06143@example.test,Japan,2021-07-23,Standard,4000.33
6144,Customer 06144,customer06144@example.test,Canada,2020-05-11,Basic,6406.15
6145,Customer 06145,customer06145@example.test,Australia,2021-04-02,Premium,1483.05
6146,Customer 06146,customer06146@example.test,India,2024-02-18,Premium,1429.84
6147,Customer 06147,customer06147@example.test,Brazil,2024-05-13,Premium,7694.85
6148,Customer 06148,customer06148@example.test,United Kingdom,2024-11-04,Standard,9001.72
6149,Customer 06149,customer06149@example.test,India,2022-03-16,Basic,7413.20
6150,Customer 06150,customer06150@example.test,Japan,2023-05-03,Premium,3468.34
6151,Customer 06151,customer06151@example.test,India,2023-04-07,Basic,7104.53
6152,Customer 06152,customer06152@example.test,United Kingdom,2024-09-15,Premium,5823.55
6153,Customer 06153,customer06153@example.test,Brazil,2022-05-31,Basic,6390.90
6154,Customer 06154,customer06154@example.test,Brazil,2021-03-23,Standard,7401.02
6155,Customer 06155,customer06155@example.test,United States,2022-01-08,Standard,1983.40
6156,Customer 06156,customer06156@example.test,India,2021-06-15,Standard,4067.28
6157,Customer 06157,customer06157@example.test,Brazil,2021-03-29,Premium,2336.46
6158,Customer 06158,customer06158@example.test,United States,2023-01-15,Standard,503.92
6159,Customer 06159,customer06159@example.test,France,2024-12-17,Standard,9334.93
6160,Customer 06160,customer06160@example.test,France,2021-01-10,Standard,1652.25
6161,Customer 06161,customer06161@example.test,Canada,2023-10-05,Premium,8996.52
6162,Customer 06162,customer06162@example.test,France,2021-05-24,Standard,4797.43
6163,Customer 06163,customer06163@example.test,Canada,2021-08-22,Standard,4263.27
6164,Customer 06164,customer06164@example.test,Brazil,2021-03-01,Premium,3158.91
6165,Customer 06165,customer06165@example.test,United Kingdom,2021-04-20,Basic,6075.92
6166,Customer 06166,customer06166@example.test,United States,2022-05-01,Basic,7268.16
6167,Customer 06167,customer06167@example.test,Japan,2023-10-13,Basic,8715.71
6168,Customer 06168,customer06168@example.test,Australia,2020-02-27,Basic,8299.16
6169,Customer 06169,customer06169@example.test,India,2023-08-26,Basic,7422.30
6170,Customer 06170,customer06170@example.test,Germany,2020-10-15,Standard,7898.53
6171,Customer 06171,customer06171@example.test,Australia,2023-04-08,Premium,9291.65
6172,Customer 06172,customer06172@example.test,Brazil,2024-07-06,Basic,6948.53
6173,Customer 06173,customer06173@example.test,United Kingdom,2022-09-24,Standard,675.40
6174,Customer 06174,customer06174@example.test,Germany,2022-08-11,Premium,393.63
6175,Customer 06175,customer06175@example.test,France,2021-09-10,Standard,612.84
6176,Customer 06176,customer06176@example.test,France,2020-11-13,Basic,8325.05
6177,Customer 06177,customer06177@example.test,India,2024-06-08,Premium,1713.05
6178,Customer 06178,customer06178@example.test,United States,2020-11-27,Basic,9901.91
6179,Customer 06179,customer06179@example.test,Japan,2021-07-28,Standard,3547.75
6180,Customer 06180,customer06180@example.test,United Kingdom,2021-01-06,Standard,7652.85
6181,Customer 06181,customer06181@example.test,Canada,2024-11-21,Premium,2108.07
6182,Customer 06182,customer06182@example.test,United States,2020-09-30,Premium,6539.00
6183,Customer 06183,customer06183@example.test,France,2024-06-12,Premium,1429.12
6184,Customer 06184,customer06184@example.test,Canada,2020-02-03,Standard,4207.64
6185,Customer 06185,customer06185@example.test,Brazil,2023-03-20,Premium,2143.40
6186,Customer 06186,customer06186@example.test,Australia,2024-12-02,Premium,230.33
6187,Customer 06187,customer06187@example.test,France,2021-03-25,Standard,4281.24
6188,Customer 06188,customer06188@example.test,United Kingdom,2022-08-17,Premium,7697.21
6189,Customer 06189,customer06189@example.test,Brazil,2023-11-18,Basic,9446.65
6190,Customer 06190,customer06190@example.test,United Kingdom,2022-05-26,Standard,9781.27
6191,Customer 06191,customer06191@example.test,Australia,2024-07-28,Standard,8974.79
6192,Customer 06192,customer06192@example.test,Canada,2022-05-24,Standard,6392.87
6193,Customer 06193,customer06193@example.test,India,2023-06-03,Standard,2612.24
6194,Customer 06194,customer06194@example.test,Australia,2024-03-12,Premium,2914.97
6195,Customer 06195,customer06195@example.test,India,2023-08-07,Premium,587.72
6196,Customer 06196,customer06196@example.test,Canada,2020-06-09,Premium,7704.05
6197,Customer 06197,customer06197@example.test,United States,2023-04-06,Standard,8557.05
6198,Customer 06198,customer06198@example.test,Canada,2022-09-25,Premium,304.54
6199,Customer 06199,customer06199@example.test,Germany,2021-03-19,Basic,9624.87
6200,Customer 06200,customer06200@example.test,Canada,2024-06-10,Premium,1332.27
6201,Customer 06201,customer06201@example.test,Germany,2023-01-11,Standard,714.09
6202,Customer 06202,customer06202@example.test,Australia,2024-06-25,Premium,4762.83
6203,Customer 06203,customer06203@example.test,Canada,2024-01-09,Premium,6940.70
6204,Customer 06204,customer06204@example.test,Canada,2024-06-20,Standard,546.50
6205,Customer 06205,customer06205@example.test,India,2024-12-09,Premium,4606.88
6206,Customer 06206,customer06206@example.test,Japan,2024-07-25,Standard,6926.40
6207,Customer 06207,customer06207@example.test,United States,2024-12-13,Standard,7650.90
6208,Customer 06208,customer06208@example.test,Brazil,2024-05-08,Standard,6733.88
6209,Customer 06209,customer06209@example.test,United Kingdom,2023-07-26,Standard,8649.07
6210,Customer 06210,customer06210@example.test,Japan,2021-06-17,Premium,6525.27
6211,Customer 06211,customer06211@example.test,Canada,2024-05-30,Standard,524.77
6212,Customer 06212,customer06212@example.test,India,2022-03-02,Basic,5679.33
6213,Customer 06213,customer06213@example.test,United States,2021-04-10,Standard,1615.71
6214,Customer 06214,customer06214@example.test,United Kingdom,2024-06-03,Basic,1555.43
6215,Customer 06215,customer06215@example.test,United States,2021-11-26,Premium,1886.16
6216,Customer 06216,customer06216@example.test,India,2020-11-14,Basic,420.51
6217,Customer 06217,customer06217@example.test,India,2024-07-01,Standard,4133.51
6218,Customer 06218,customer06218@example.test,United States,2024-04-01,Standard,7472.27
6219,Customer 06219,customer06219@example.test,United States,2021-06-05,Basic,7754.19
6220,Customer 06220,customer06220@example.test,France,2020-10-28,Standard,2612.04
6221,Customer 06221,customer06221@example.test,France,2023-07-08,Standard,6012.57
6222,Customer 06222,customer06222@example.test,Brazil,2024-04-24,Premium,1045.74
6223,Customer 06223,customer06223@example.test,Brazil,2020-09-23,Premium,494.36
6224,Customer 06224,customer06224@example.test,United States,2020-09-01,Standard,5384.57
6225,Customer 06225,customer06225@example.test,France,2020-03-26,Basic,3634.94
6226,Customer 06226,customer06226@example.test,United States,2023-11-10,Standard,8465.59
6227,Customer 06227,customer06227@example.test,Australia,2024-03-01,Basic,9608.42
6228,Customer 06228,customer06228@example.test,Brazil,2024-12-29,Standard,8965.93
6229,Customer 06229,customer06229@example.test,United Kingdom,2020-04-11,Standard,7272.77
6230,Customer 06230,customer06230@example.test,France,2020-03-14,Basic,1583.88
6231,Customer 06231,customer06231@example.test,Brazil,2021-12-22,Basic,6495.15
6232,Customer 06232,customer06232@example.test,Germany,2023-06-18,Basic,3722.02
6233,Customer 06233,customer06233@example.test,India,2020-12-30,Basic,9287.75
6234,Customer 06234,customer06234@example.test,Brazil,2024-04-14,Standard,1069.79
6235,Customer 06235,customer06235@example.test,Canada,2020-12-19,Premium,9492.92
6236,Customer 06236,customer06236@example.test,Japan,2022-10-05,Basic,2668.91
6237,Customer 06237,customer06237@example.test,France,2021-05-26,Basic,4764.76
6238,Customer 06238,customer06238@example.test,Canada,2021-01-07,Premium,3782.38
6239,Customer 06239,customer06239@example.test,Germany,2024-10-21,Premium,1513.53
6240,Customer 06240,customer06240@example.test,Japan,2020-08-19,Premium,3951.91
6241,Customer 06241,customer06241@example.test,India,2023-10-22,Basic,8502.99
6242,Customer 06242,customer06242@example.test,Japan,2021-06-17,Premium,9529.16
6243,Customer 06243,customer06243@example.test,Australia,2021-02-03,Basic,5657.89
6244,Customer 06244,customer06244@example.test,France,2024-07-30,Premium,3039.78
6245,Customer 06245,customer06245@example.test,Germany,2021-08-25,Standard,9198.20
6246,Customer 06246,customer06246@example.test,Australia,2024-09-03,Standard,5265.98
6247,Customer 06247,customer06247@example.test,United States,2024-09-17,Standard,5332.79
6248,Customer 06248,customer06248@example.test,India,2023-05-12,Premium,2841.24
6249,Customer 06249,customer06249@example.test,Australia,2022-08-09,Premium,108.25
6250,Customer 06250,customer06250@example.test,India,2024-10-27,Basic,7162.99
6251,Customer 06251,customer06251@example.test,United States,2022-02-12,Basic,3663.31
6252,Customer 06252,customer06252@example.test,India,2020-05-26,Premium,8263.01
6253,Customer 06253,customer06253@example.test,United Kingdom,2023-10-28,Standard,2698.81
6254,Customer 06254,customer06254@example.test,Canada,2023-07-01,Standard,4478.87
6255,Customer 06255,customer06255@example.test,France,2023-07-23,Premium,9936.60
6256,Customer 06256,customer06256@example.test,India,2024-12-02,Standard,2444.97
6257,Customer 06257,customer06257@example.test,Canada,2021-07-02,Standard,9660.34
6258,Customer 06258,customer06258@example.test,United Kingdom,2022-10-16,Standard,8333.98
6259,Customer 06259,customer06259@example.test,Canada,2020-12-15,Standard,5947.92
6260,Customer 06260,customer06260@example.test,Australia,2020-11-10,Standard,844.66
6261,Customer 06261,customer06261@example.test,Japan,2024-12-19,Standard,5691.00
6262,Customer 06262,customer06262@example.test,Canada,2020-06-20,Basic,1403.21
6263,Customer 06263,customer06263@example.test,India,2020-02-26,Basic,7603.51
6264,Customer 06264,customer06264@example.test,Canada,2020-11-18,Basic,2997.22
6265,Customer 06265,customer06265@example.test,Brazil,2020-08-27,Standard,9689.47
6266,Customer 06266,customer06266@example.test,Japan,2024-11-05,Premium,440.83
6267,Customer 06267,customer06267@example.test,India,2020-11-06,Standard,7942.44
6268,Customer 06268,customer06268@example.test,Japan,2023-09-23,Premium,4570.65
6269,Customer 06269,customer06269@example.test,United Kingdom,2021-05-15,Basic,7551.86
6270,Customer 06270,customer06270@example.test,Canada,2024-07-21,Basic,4284.53
6271,Customer 06271,customer06271@example.test,Germany,2020-12-18,Basic,8010.54
6272,Customer 06272,customer06272@example.test,Australia,2021-01-03,Standard,3952.95
6273,Customer 06273,customer06273@example.test,India,2020-06-04,Basic,2718.00
6274,Customer 06274,customer06274@example.test,United States,2023-06-30,Premium,6777.02
6275,Customer 06275,customer06275@example.test,United States,2023-10-01,Standard,1018.12
6276,Customer 06276,customer06276@example.test,France,2021-02-02,Basic,1121.65
6277,Customer 06277,customer06277@example.test,United States,2021-04-01,Premium,457.27
6278,Customer 06278,customer06278@example.test,United States,2021-07-12,Premium,7385.88
6279,Customer 06279,customer06279@example.test,Canada,2024-10-18,Premium,8587.02
6280,Customer 06280,customer06280@example.test,Brazil,2023-08-08,Premium,8918.17
6281,Customer 06281,customer06281@example.test,Brazil,2020-11-06,Premium,8201.02
6282,Customer 06282,customer06282@example.test,India,2020-06-05,Basic,3104.54
6283,Customer 06283,customer06283@example.test,Brazil,2022-11-13,Basic,3905.83
6284,Customer 06284,customer06284@example.test,Canada,2023-01-07,Standard,5698.38
6285,Customer 06285,customer06285@example.test,United States,2022-05-04,Standard,4209.64
6286,Customer 06286,customer06286@example.test,Australia,2021-09-02,Premium,8006.67
6287,Customer 06287,customer06287@example.test,Brazil,2023-04-08,Basic,3425.87
6288,Customer 06288,customer06288@example.test,United States,2021-06-20,Basic,613.28
6289,Customer 06289,customer06289@example.test,Germany,2022-03-08,Standard,7865.12
6290,Customer 06290,customer06290@example.test,Australia,2020-09-30,Premium,8332.11
6291,Customer 06291,customer06291@example.test,Canada,2022-03-06,Basic,9731.50
6292,Customer 06292,customer06292@example.test,United Kingdom,2022-10-26,Standard,6692.86
6293,Customer 06293,customer06293@example.test,United Kingdom,2022-12-10,Premium,8723.19
6294,Customer 06294,customer06294@example.test,United States,2021-10-04,Standard,8136.30
6295,Customer 06295,customer06295@example.test,Japan,2024-02-17,Basic,4212.40
6296,Customer 06296,customer06296@example.test,Japan,2021-07-31,Basic,3258.89
6297,Customer 06297,customer06297@example.test,Brazil,2024-05-06,Basic,4564.91
6298,Customer 06298,customer06298@example.test,Canada,2024-01-23,Premium,3105.82
6299,Customer 06299,customer06299@example.test,Canada,2023-09-10,Premium,6401.71
6300,Customer 06300,customer06300@example.test,Japan,2020-10-15,Premium,1877.43
6301,Customer 06301,customer06301@example.test,France,2020-06-02,Premium,179.38
6302,Customer 06302,customer06302@example.test,Brazil,2021-09-17,Premium,2981.33
6303,Customer 06303,customer06303@example.test,Germany,2020-11-30,Basic,2274.97
6304,Customer 06304,customer06304@example.test,Brazil,2024-06-17,Standard,7683.32
6305,Customer 06305,customer06305@example.test,United States,2022-09-21,Basic,8100.09
6306,Customer 06306,customer06306@example.test,Brazil,2024-10-31,Premium,4939.41
6307,Customer 06307,customer06307@example.test,United Kingdom,2024-11-01,Premium,8654.76
6308,Customer 06308,customer06308@example.test,Japan,2024-04-06,Basic,6390.13
6309,Customer 06309,customer06309@example.test,Germany,2023-05-01,Basic,7242.03
6310,Customer 06310,customer06310@example.test,Brazil,2022-12-14,Basic,1686.98
6311,Customer 06311,customer06311@example.test,France,2022-11-18,Premium,7710.76
6312,Customer 06312,customer06312@example.test,Australia,2023-01-30,Premium,2299.94
6313,Customer 06313,customer06313@example.test,Japan,2024-11-27,Standard,4297.28
6314,Customer 06314,customer06314@example.test,Canada,2020-02-12,Basic,22.34
6315,Customer 06315,customer06315@example.test,Australia,2020-05-07,Standard,9817.25
6316,Customer 06316,customer06316@example.test,Canada,2021-02-06,Basic,3530.14
6317,Customer 06317,customer06317@example.test,United States,2021-01-31,Standard,1977.11
6318,Customer 06318,customer06318@example.test,Brazil,2024-11-22,Premium,3373.95
6319,Customer 06319,customer06319@example.test,Australia,2023-07-17,Standard,8489.40
6320,Customer 06320,customer06320@example.test,Germany,2021-01-02,Premium,9293.48
6321,Customer 06321,customer06321@example.test,France,2022-12-20,Basic,7442.62
6322,Customer 06322,customer06322@example.test,India,2020-01-04,Basic,7225.86
6323,Customer 06323,customer06323@example.test,Japan,2020-11-27,Basic,1792.18
6324,Customer 06324,customer06324@example.test,Australia,2023-09-13,Premium,4730.14
6325,Customer 06325,customer06325@example.test,United States,2022-03-26,Basic,4531.89
6326,Customer 06326,customer06326@example.test,United Kingdom,2020-12-01,Standard,9789.11
6327,Customer 06327,customer06327@example.test,France,2021-05-14,Premium,8848.26
6328,Customer 06328,customer06328@example.test,France,2023-02-12,Basic,6390.16
6329,Customer 06329,customer06329@example.test,France,2022-02-28,Premium,8541.25
6330,Customer 06330,customer06330@example.test,Japan,2022-09-17,Basic,873.48
6331,Customer 06331,customer06331@example.test,India,2022-11-01,Basic,1195.84
6332,Customer 06332,customer06332@example.test,United States,2024-12-13,Standard,1856.32
6333,Customer 06333,customer06333@example.test,United Kingdom,2022-03-25,Premium,2598.70
6334,Customer 06334,customer06334@example.test,United States,2022-06-07,Standard,8147.13
6335,Customer 06335,customer06335@example.test,Australia,2020-08-10,Premium,1990.95
6336,Customer 06336,customer06336@example.test,United States,2020-11-13,Premium,2108.94
6337,Customer 06337,customer06337@example.test,Canada,2021-04-07,Premium,7057.19
6338,Customer 06338,customer06338@example.test,United States,2023-01-12,Basic,2346.77
6339,Customer 06339,customer06339@example.test,Canada,2021-12-16,Standard,7729.82
6340,Customer 06340,customer06340@example.test,Brazil,2023-05-13,Basic,5000.35
6341,Customer 06341,customer06341@example.test,Australia,2021-10-28,Standard,9989.44
6342,Customer 06342,customer06342@example.test,United Kingdom,2022-09-14,Standard,995.85
6343,Customer 06343,customer06343@example.test,Australia,2023-08-25,Standard,7922.17
6344,Customer 06344,customer06344@example.test,India,2023-07-12,Basic,1751.62
6345,Customer 06345,customer06345@example.test,United States,2020-01-13,Basic,1053.30
6346,Customer 06346,customer06346@example.test,Germany,2024-10-19,Premium,8077.43
6347,Customer 06347,customer06347@example.test,Canada,2020-06-02,Standard,6361.69
6348,Customer 06348,customer06348@example.test,Japan,2022-06-29,Premium,4830.20
6349,Customer 06349,customer06349@example.test,Brazil,2022-10-27,Standard,6222.46
6350,Customer 06350,customer06350@example.test,United States,2022-05-08,Basic,2589.45
6351,Customer 06351,customer06351@example.test,Germany,2023-01-13,Standard,6928.37
6352,Customer 06352,customer06352@example.test,Canada,2022-10-15,Basic,7083.72
6353,Customer 06353,customer06353@example.test,Canada,2020-02-04,Basic,4097.72
6354,Customer 06354,customer06354@example.test,India,2022-02-10,Basic,9996.50
6355,Customer 06355,customer06355@example.test,Japan,2024-08-10,Basic,4031.48
6356,Customer 06356,customer06356@example.test,Canada,2024-04-13,Basic,9121.32
6357,Customer 06357,customer06357@example.test,Brazil,2021-12-25,Premium,3393.95
6358,Customer 06358,customer06358@example.test,France,2022-07-06,Standard,6467.01
6359,Customer 06359,customer06359@example.test,Canada,2022-11-04,Standard,3419.93
6360,Customer 06360,customer06360@example.test,Germany,2021-04-02,Basic,4562.93
6361,Customer 06361,customer06361@example.test,Australia,2023-07-10,Standard,7740.31
6362,Customer 06362,customer06362@example.test,Canada,2021-09-02,Basic,9035.08
6363,Customer 06363,customer06363@example.test,Australia,2023-05-29,Standard,2811.41
6364,Customer 06364,customer06364@example.test,United Kingdom,2023-07-08,Premium,8019.84
6365,Customer 06365,customer06365@example.test,Japan,2023-06-18,Standard,6189.38
6366,Customer 06366,customer06366@example.test,Brazil,2021-09-15,Standard,6019.81
6367,Customer 06367,customer06367@example.test,Japan,2023-06-21,Standard,226.42
6368,Customer 06368,customer06368@example.test,Australia,2023-02-25,Basic,8198.25
6369,Customer 06369,customer06369@example.test,United Kingdom,2023-05-04,Standard,7193.24
6370,Customer 06370,customer06370@example.test,United Kingdom,2023-10-24,Standard,5863.11
6371,Customer 06371,customer06371@example.test,Germany,2021-12-21,Standard,2891.96
6372,Customer 06372,customer06372@example.test,United States,2020-06-03,Premium,8417.21
6373,Customer 06373,customer06373@example.test,United States,2023-05-30,Standard,1180.11
6374,Customer 06374,customer06374@example.test,United Kingdom,2022-04-21,Premium,3030.12
6375,Customer 06375,customer06375@example.test,United Kingdom,2024-09-14,Basic,9895.66
6376,Customer 06376,customer06376@example.test,India,2023-07-14,Premium,4180.33
6377,Customer 06377,customer06377@example.test,United States,2024-02-10,Basic,1120.06
6378,Customer 06378,customer06378@example.test,Germany,2022-02-18,Basic,5596.29
6379,Customer 06379,customer06379@example.test,Germany,2020-02-27,Standard,3313.88
6380,Customer 06380,customer06380@example.test,Canada,2020-01-21,Basic,6710.98
6381,Customer 06381,customer06381@example.test,Japan,2022-11-20,Premium,3425.35
6382,Customer 06382,customer06382@example.test,Brazil,2020-12-16,Premium,1719.94
6383,Customer 06383,customer06383@example.test,Canada,2022-03-27,Standard,409.83
6384,Customer 06384,customer06384@example.test,Japan,2022-03-23,Standard,5797.33
6385,Customer 06385,customer06385@example.test,Australia,2023-05-17,Premium,8806.64
6386,Customer 06386,customer06386@example.test,Canada,2023-01-19,Standard,5606.12
6387,Customer 06387,customer06387@example.test,Germany,2024-09-03,Standard,5453.47
6388,Customer 06388,customer06388@example.test,France,2020-08-01,Premium,5833.03
6389,Customer 06389,customer06389@example.test,United States,2024-12-01,Basic,5825.30
6390,Customer 06390,customer06390@example.test,Australia,2021-01-24,Standard,5059.03
6391,Customer 06391,customer06391@example.test,United States,2021-09-16,Basic,2484.71
6392,Customer 06392,customer06392@example.test,United Kingdom,2023-06-21,Standard,8738.91
6393,Customer 06393,customer06393@example.test,Brazil,2024-10-16,Basic,3645.19
6394,Customer 06394,customer06394@example.test,France,2022-05-01,Premium,1566.33
6395,Customer 06395,customer06395@example.test,India,2022-07-04,Premium,495.38
6396,Customer 06396,customer06396@example.test,France,2020-01-02,Premium,7126.72
6397,Customer 06397,customer06397@example.test,Japan,2021-12-07,Basic,4228.87
6398,Customer 06398,customer06398@example.test,India,2020-07-27,Basic,2131.81
6399,Customer 06399,customer06399@example.test,India,2020-02-05,Standard,3070.06
6400,Customer 06400,customer06400@example.test,United States,2020-07-17,Standard,8045.24
6401,Customer 06401,customer06401@example.test,France,2023-03-03,Standard,5676.59
6402,Customer 06402,customer06402@example.test,Germany,2023-09-23,Standard,4706.27
6403,Customer 06403,customer06403@example.test,Australia,2023-03-12,Basic,7981.44
6404,Customer 06404,customer06404@example.test,Australia,2022-09-09,Basic,1240.62
6405,Customer 06405,customer06405@example.test,United Kingdom,2022-12-23,Premium,4345.77
6406,Customer 06406,customer06406@example.test,Australia,2024-12-03,Premium,1184.87
6407,Customer 06407,customer06407@example.test,France,2023-07-16,Standard,3904.49
6408,Customer 06408,customer06408@example.test,Brazil,2024-12-24,Premium,2421.43
6409,Customer 06409,customer06409@example.test,Germany,2021-07-09,Standard,9958.26
6410,Customer 06410,customer06410@example.test,Canada,2021-05-31,Basic,6242.23
6411,Customer 06411,customer06411@example.test,Japan,2020-03-29,Standard,2875.81
6412,Customer 06412,customer06412@example.test,India,2023-09-24,Standard,5857.61
6413,Customer 06413,customer06413@example.test,India,2022-03-31,Premium,3154.99
6414,Customer 06414,customer06414@example.test,Japan,2020-03-20,Premium,8256.46
6415,Customer 06415,customer06415@example.test,Canada,2024-05-12,Premium,3393.26
6416,Customer 06416,customer06416@example.test,Japan,2021-12-05,Standard,1435.78
6417,Customer 06417,customer06417@example.test,Japan,2021-10-07,Premium,1931.86
6418,Customer 06418,customer06418@example.test,Canada,2024-10-17,Premium,6385.70
6419,Customer 06419,customer06419@example.test,India,2020-01-17,Premium,2259.20
6420,Customer 06420,customer06420@example.test,Germany,2023-07-24,Standard,8316.55
6421,Customer 06421,customer06421@example.test,Germany,2020-03-01,Standard,3222.30
6422,Customer 06422,customer06422@example.test,Japan,2022-09-10,Standard,5674.72
6423,Customer 06423,customer06423@example.test,India,2021-08-13,Standard,6263.01
6424,Customer 06424,customer06424@example.test,Japan,2021-04-01,Standard,1790.15
6425,Customer 06425,customer06425@example.test,France,2020-07-16,Basic,2361.64
6426,Customer 06426,customer06426@example.test,Australia,2021-10-02,Standard,8707.75
6427,Customer 06427,customer06427@example.test,Canada,2020-06-16,Standard,3491.93
6428,Customer 06428,customer06428@example.test,India,2024-02-01,Premium,1065.64
6429,Customer 06429,customer06429@example.test,Australia,2020-12-06,Premium,7770.18
6430,Customer 06430,customer06430@example.test,Japan,2021-05-25,Premium,6903.95
6431,Customer 06431,customer06431@example.test,Brazil,2021-01-13,Premium,9744.37
6432,Customer 06432,customer06432@example.test,United Kingdom,2024-01-08,Premium,9679.77
6433,Customer 06433,customer06433@example.test,Canada,2024-05-13,Basic,4858.20
6434,Customer 06434,customer06434@example.test,Canada,2022-10-10,Standard,8099.21
6435,Customer 06435,customer06435@example.test,United States,2021-07-08,Basic,5720.79
6436,Customer 06436,customer06436@example.test,France,2024-02-07,Basic,3633.36
6437,Customer 06437,customer06437@example.test,India,2023-02-12,Basic,7079.00
6438,Customer 06438,customer06438@example.test,United States,2021-10-19,Standard,1792.74
6439,Customer 06439,customer06439@example.test,Germany,2021-01-05,Premium,7143.61
6440,Customer 06440,customer06440@example.test,India,2024-09-19,Premium,7474.27
6441,Customer 06441,customer06441@example.test,India,2024-10-25,Premium,4258.05
6442,Customer 06442,customer06442@example.test,United States,2020-08-24,Standard,5130.19
6443,Customer 06443,customer06443@example.test,Brazil,2022-01-24,Standard,697.93
6444,Customer 06444,customer06444@example.test,India,2020-04-22,Premium,5547.94
6445,Customer 06445,customer06445@example.test,Australia,2024-10-10,Standard,3235.00
6446,Customer 06446,customer06446@example.test,Brazil,2023-05-12,Standard,4700.10
6447,Customer 06447,customer06447@example.test,Germany,2022-07-19,Standard,4945.25
6448,Customer 06448,customer06448@example.test,India,2021-04-16,Basic,2252.59
6449,Customer 06449,customer06449@example.test,Canada,2021-12-31,Standard,4596.54
6450,Customer 06450,customer06450@example.test,United States,2024-11-24,Basic,7794.58
6451,Customer 06451,customer06451@example.test,Germany,2024-10-13,Premium,8737.43
6452,Customer 06452,customer06452@example.test,United Kingdom,2024-06-04,Premium,3737.19
6453,Customer 06453,customer06453@example.test,Germany,2023-04-04,Basic,8449.19
6454,Customer 06454,customer06454@example.test,United Kingdom,2023-03-15,Premium,2725.85
6455,Customer 06455,customer06455@example.test,France,2021-08-15,Premium,3495.63
6456,Customer 06456,customer06456@example.test,United Kingdom,2021-04-18,Basic,5602.70
6457,Customer 06457,customer06457@example.test,France,2020-03-03,Premium,1308.74
6458,Customer 06458,customer06458@example.test,France,2022-12-21,Standard,871.84
6459,Customer 06459,customer06459@example.test,Brazil,2024-11-24,Basic,2108.04
6460,Customer 06460,customer06460@example.test,United States,2021-05-05,Basic,1910.71
6461,Customer 06461,customer06461@example.test,Australia,2022-05-24,Basic,4974.80
6462,Customer 06462,customer06462@example.test,United States,2022-11-02,Premium,8515.32
6463,Customer 06463,customer06463@example.test,Brazil,2023-02-14,Standard,8329.92
6464,Customer 06464,customer06464@example.test,United Kingdom,2020-12-22,Basic,4983.02
6465,Customer 06465,customer06465@example.test,Australia,2021-02-06,Standard,8673.92
6466,Customer 06466,customer06466@example.test,Japan,2023-02-10,Premium,3313.18
6467,Customer 06467,customer06467@example.test,Brazil,2023-11-02,Standard,1903.57
6468,Customer 06468,customer06468@example.test,United Kingdom,2020-09-07,Basic,3205.80
6469,Customer 06469,customer06469@example.test,India,2022-04-16,Basic,2230.39
6470,Customer 06470,customer06470@example.test,France,2021-11-01,Standard,8516.19
6471,Customer 06471,customer06471@example.test,United States,2024-07-08,Premium,1064.58
6472,Customer 06472,customer06472@example.test,Brazil,2022-11-14,Standard,4454.93
6473,Customer 06473,customer06473@example.test,United Kingdom,2023-11-05,Premium,3067.47
6474,Customer 06474,customer06474@example.test,Japan,2021-07-25,Standard,918.78
6475,Customer 06475,customer06475@example.test,United Kingdom,2024-02-14,Standard,7783.65
6476,Customer 06476,customer06476@example.test,Canada,2022-02-14,Basic,8483.73
6477,Customer 06477,customer06477@example.test,Brazil,2022-03-25,Standard,2353.88
6478,Customer 06478,customer06478@example.test,Japan,2021-03-05,Premium,6162.06
6479,Customer 06479,customer06479@example.test,Germany,2023-05-23,Standard,6596.64
6480,Customer 06480,customer06480@example.test,Japan,2024-06-13,Standard,9500.46
6481,Customer 06481,customer06481@example.test,Australia,2021-11-30,Basic,6160.82
6482,Customer 06482,customer06482@example.test,Australia,2023-03-23,Basic,387.25
6483,Customer 06483,customer06483@example.test,Australia,2020-08-17,Basic,6245.08
6484,Customer 06484,customer06484@example.test,India,2023-02-08,Standard,2389.44
6485,Customer 06485,customer06485@example.test,Australia,2023-03-28,Basic,9499.26
6486,Customer 06486,customer06486@example.test,India,2021-04-24,Premium,998.24
6487,Customer 06487,customer06487@example.test,Brazil,2023-12-13,Basic,6233.27
6488,Customer 06488,customer06488@example.test,United States,2022-04-18,Standard,9485.44
6489,Customer 06489,customer06489@example.test,Canada,2021-08-11,Basic,3091.29
6490,Customer 06490,customer06490@example.test,Germany,2022-03-09,Basic,9834.41
6491,Customer 06491,customer06491@example.test,United States,2022-11-19,Standard,6493.34
6492,Customer 06492,customer06492@example.test,United Kingdom,2024-03-18,Basic,3887.19
6493,Customer 06493,customer06493@example.test,Canada,2022-06-16,Basic,9550.83
6494,Customer 06494,customer06494@example.test,India,2024-11-30,Standard,3445.55
6495,Customer 06495,customer06495@example.test,India,2023-07-24,Basic,1325.59
6496,Customer 06496,customer06496@example.test,Brazil,2022-11-27,Basic,538.36
6497,Customer 06497,customer06497@example.test,Canada,2021-01-01,Premium,4625.34
6498,Customer 06498,customer06498@example.test,United Kingdom,2024-03-06,Basic,5649.86
6499,Customer 06499,customer06499@example.test,Brazil,2023-06-01,Premium,3137.75
6500,Customer 06500,customer06500@example.test,United States,2022-12-19,Premium,6703.52
6501,Customer 06501,customer06501@example.test,United Kingdom,2023-05-31,Premium,4845.70
6502,Customer 06502,customer06502@example.test,India,2020-01-30,Basic,5548.23
6503,Customer 06503,customer06503@example.test,Germany,2021-09-04,Standard,8502.74
6504,Customer 06504,customer06504@example.test,Germany,2020-07-21,Premium,4461.20
6505,Customer 06505,customer06505@example.test,Canada,2022-10-13,Basic,4102.22
6506,Customer 06506,customer06506@example.test,Brazil,2022-12-07,Premium,1910.76
6507,Customer 06507,customer06507@example.test,France,2024-01-27,Basic,311.26
6508,Customer 06508,customer06508@example.test,United States,2021-03-05,Basic,3583.18
6509,Customer 06509,customer06509@example.test,Japan,2024-03-20,Basic,1196.18
6510,Customer 06510,customer06510@example.test,Brazil,2024-05-06,Basic,2576.99
6511,Customer 06511,customer06511@example.test,United Kingdom,2023-06-02,Basic,836.62
6512,Customer 06512,customer06512@example.test,India,2021-07-17,Basic,119.08
6513,Customer 06513,customer06513@example.test,Australia,2024-12-22,Basic,8335.41
6514,Customer 06514,customer06514@example.test,Canada,2023-06-18,Premium,4669.25
6515,Customer 06515,customer06515@example.test,Australia,2022-08-16,Standard,3309.54
6516,Customer 06516,customer06516@example.test,United States,2020-10-29,Standard,9695.25
6517,Customer 06517,customer06517@example.test,France,2022-05-16,Premium,8630.96
6518,Customer 06518,customer06518@example.test,India,2024-06-04,Premium,6585.10
6519,Customer 06519,customer06519@example.test,India,2024-08-24,Basic,5291.03
6520,Customer 06520,customer06520@example.test,Australia,2023-01-07,Basic,4872.51
6521,Customer 06521,customer06521@example.test,Australia,2024-03-13,Basic,3338.84
6522,Customer 06522,customer06522@example.test,Canada,2021-02-03,Basic,4137.30
6523,Customer 06523,customer06523@example.test,Brazil,2020-02-10,Premium,6036.37
6524,Customer 06524,customer06524@example.test,Brazil,2021-05-08,Premium,2606.96
6525,Customer 06525,customer06525@example.test,United States,2024-10-22,Premium,8942.58
6526,Customer 06526,customer06526@example.test,United Kingdom,2023-03-20,Standard,1409.29
6527,Customer 06527,customer06527@example.test,India,2023-08-16,Standard,1271.53
6528,Customer 06528,customer06528@example.test,Japan,2021-05-13,Premium,6018.48
6529,Customer 06529,customer06529@example.test,United States,2020-04-30,Standard,8664.92
6530,Customer 06530,customer06530@example.test,Brazil,2022-12-31,Basic,7520.16
6531,Customer 06531,customer06531@example.test,Australia,2020-09-08,Standard,3436.60
6532,Customer 06532,customer06532@example.test,Canada,2020-05-04,Standard,2224.84
6533,Customer 06533,customer06533@example.test,United Kingdom,2024-01-03,Premium,4199.13
6534,Customer 06534,customer06534@example.test,India,2020-05-22,Basic,8336.96
6535,Customer 06535,customer06535@example.test,United States,2024-05-30,Standard,2156.30
6536,Customer 06536,customer06536@example.test,Japan,2022-02-15,Premium,9594.60
6537,Customer 06537,customer06537@example.test,Brazil,2022-06-19,Premium,7237.34
6538,Customer 06538,customer06538@example.test,United States,2021-12-15,Basic,6287.09
6539,Customer 06539,customer06539@example.test,France,2022-04-01,Premium,3703.88
6540,Customer 06540,customer06540@example.test,Australia,2021-05-10,Basic,74.59
6541,Customer 06541,customer06541@example.test,India,2023-07-07,Basic,3373.86
6542,Customer 06542,customer06542@example.test,Japan,2024-11-24,Premium,3845.31
6543,Customer 06543,customer06543@example.test,Germany,2023-07-20,Standard,6979.94
6544,Customer 06544,customer06544@example.test,Brazil,2021-05-19,Basic,3505.51
6545,Customer 06545,customer06545@example.test,Japan,2024-10-28,Standard,2510.38
6546,Customer 06546,customer06546@example.test,United Kingdom,2023-04-12,Basic,1949.69
6547,Customer 06547,customer06547@example.test,India,2022-01-01,Premium,1061.80
6548,Customer 06548,customer06548@example.test,Germany,2022-02-16,Premium,4119.72
6549,Customer 06549,customer06549@example.test,Australia,2023-10-22,Basic,1405.34
6550,Customer 06550,customer06550@example.test,United States,2024-09-12,Premium,4944.42
6551,Customer 06551,customer06551@example.test,Canada,2022-09-22,Standard,295.41
6552,Customer 06552,customer06552@example.test,Canada,2024-10-17,Basic,6233.79
6553,Customer 06553,customer06553@example.test,Japan,2022-05-13,Standard,49.13
6554,Customer 06554,customer06554@example.test,France,2021-12-03,Standard,1856.91
6555,Customer 06555,customer06555@example.test,Brazil,2022-12-03,Standard,8464.50
6556,Customer 06556,customer06556@example.test,Germany,2021-06-06,Premium,8566.86
6557,Customer 06557,customer06557@example.test,Japan,2023-12-14,Premium,366.60
6558,Customer 06558,customer06558@example.test,United Kingdom,2020-08-02,Standard,6654.32
6559,Customer 06559,customer06559@example.test,France,2024-12-31,Standard,5614.21
6560,Customer 06560,customer06560@example.test,Germany,2024-11-21,Standard,8684.67
6561,Customer 06561,customer06561@example.test,Australia,2021-06-27,Standard,1304.84
6562,Customer 06562,customer06562@example.test,France,2020-03-17,Basic,5874.29
6563,Customer 06563,customer06563@example.test,Australia,2023-01-24,Premium,5142.37
6564,Customer 06564,customer06564@example.test,Australia,2021-03-14,Standard,1496.42
6565,Customer 06565,customer06565@example.test,Japan,2022-09-23,Premium,4427.30
6566,Customer 06566,customer06566@example.test,United States,2020-10-02,Premium,2760.87
6567,Customer 06567,customer06567@example.test,Germany,2023-07-21,Basic,2837.32
6568,Customer 06568,customer06568@example.test,Brazil,2022-07-17,Basic,7916.51
6569,Customer 06569,customer06569@example.test,France,2023-03-31,Basic,3323.86
6570,Customer 06570,customer06570@example.test,France,2024-06-14,Premium,6032.92
6571,Customer 06571,customer06571@example.test,Australia,2022-04-23,Standard,5193.56
6572,Customer 06572,customer06572@example.test,Germany,2022-04-03,Basic,7929.03
6573,Customer 06573,customer06573@example.test,Australia,2024-10-28,Basic,1821.38
6574,Customer 06574,customer06574@example.test,United States,2020-12-20,Basic,8006.20
6575,Customer 06575,customer06575@example.test,Germany,2024-10-23,Basic,5338.79
6576,Customer 06576,customer06576@example.test,Germany,2022-07-19,Standard,7910.44
6577,Customer 06577,customer06577@example.test,Brazil,2021-12-19,Basic,2486.48
6578,Customer 06578,customer06578@example.test,India,2024-08-29,Basic,7849.81
6579,Customer 06579,customer06579@example.test,Canada,2022-07-18,Standard,1292.74
6580,Customer 06580,customer06580@example.test,Germany,2022-07-17,Premium,223.06
6581,Customer 06581,customer06581@example.test,Japan,2023-08-07,Basic,5871.50
6582,Customer 06582,customer06582@example.test,Brazil,2020-09-02,Standard,8799.05
6583,Customer 06583,customer06583@example.test,Germany,2024-08-31,Basic,8028.59
6584,Customer 06584,customer06584@example.test,Australia,2024-08-24,Premium,3198.85
6585,Customer 06585,customer06585@example.test,United States,2021-03-02,Basic,9449.19
6586,Customer 06586,customer06586@example.test,United States,2020-05-13,Standard,2155.31
6587,Customer 06587,customer06587@example.test,United Kingdom,2023-01-28,Standard,6835.66
6588,Customer 06588,customer06588@example.test,India,2024-03-10,Basic,2332.50
6589,Customer 06589,customer06589@example.test,France,2024-02-08,Premium,4243.61
6590,Customer 06590,customer06590@example.test,United Kingdom,2021-08-04,Standard,146.00
6591,Customer 06591,customer06591@example.test,Germany,2024-08-25,Premium,2438.44
6592,Customer 06592,customer06592@example.test,Australia,2024-01-09,Basic,130.61
6593,Customer 06593,customer06593@example.test,Brazil,2023-06-29,Standard,2023.76
6594,Customer 06594,customer06594@example.test,Japan,2022-11-15,Premium,1953.38
6595,Customer 06595,customer06595@example.test,Canada,2023-01-21,Standard,1397.12
6596,Customer 06596,customer06596@example.test,Germany,2021-12-15,Premium,414.38
6597,Customer 06597,customer06597@example.test,Brazil,2021-06-20,Basic,8885.44
6598,Customer 06598,customer06598@example.test,France,2020-12-14,Premium,6409.03
6599,Customer 06599,customer06599@example.test,India,2020-03-12,Standard,4842.58
6600,Customer 06600,customer06600@example.test,Australia,2020-10-01,Standard,7947.80
6601,Customer 06601,customer06601@example.test,Brazil,2021-07-26,Premium,593.46
6602,Customer 06602,customer06602@example.test,United Kingdom,2023-12-19,Basic,6203.01
6603,Customer 06603,customer06603@example.test,Germany,2024-09-13,Premium,5924.72
6604,Customer 06604,customer06604@example.test,Canada,2021-03-16,Standard,3892.64
6605,Customer 06605,customer06605@example.test,France,2024-05-18,Basic,6744.92
6606,Customer 06606,customer06606@example.test,Australia,2020-06-03,Basic,5061.69
6607,Customer 06607,customer06607@example.test,Germany,2024-01-03,Premium,6651.03
6608,Customer 06608,customer06608@example.test,Canada,2020-10-22,Standard,5704.10
6609,Customer 06609,customer06609@example.test,Australia,2022-08-11,Basic,7656.59
6610,Customer 06610,customer06610@example.test,United States,2024-02-15,Standard,1583.59
6611,Customer 06611,customer06611@example.test,Japan,2024-03-04,Standard,9075.95
6612,Customer 06612,customer06612@example.test,Japan,2023-03-22,Premium,1922.37
6613,Customer 06613,customer06613@example.test,India,2020-12-29,Premium,5201.03
6614,Customer 06614,customer06614@example.test,Germany,2024-09-20,Premium,1945.34
6615,Customer 06615,customer06615@example.test,Australia,2021-08-16,Standard,8728.15
6616,Customer 06616,customer06616@example.test,France,2024-12-27,Premium,4395.79
6617,Customer 06617,customer06617@example.test,Brazil,2020-07-23,Basic,8686.79
6618,Customer 06618,customer06618@example.test,Australia,2023-06-27,Premium,2017.65
6619,Customer 06619,customer06619@example.test,Japan,2021-09-17,Basic,4525.87
6620,Customer 06620,customer06620@example.test,Japan,2020-07-22,Premium,527.01
6621,Customer 06621,customer06621@example.test,Australia,2022-08-30,Premium,5726.85
6622,Customer 06622,customer06622@example.test,United Kingdom,2022-03-28,Basic,6845.08
6623,Customer 06623,customer06623@example.test,Australia,2020-12-13,Premium,8168.78
6624,Customer 06624,customer06624@example.test,Australia,2020-03-12,Basic,3515.04
6625,Customer 06625,customer06625@example.test,France,2024-05-15,Standard,9366.53
6626,Customer 06626,customer06626@example.test,Japan,2024-07-01,Basic,1421.26
6627,Customer 06627,customer06627@example.test,India,2020-05-23,Premium,4291.50
6628,Customer 06628,customer06628@example.test,Australia,2023-01-18,Premium,3554.29
6629,Customer 06629,customer06629@example.test,United Kingdom,2022-08-10,Basic,3281.92
6630,Customer 06630,customer06630@example.test,Australia,2020-03-02,Premium,5189.74
6631,Customer 06631,customer06631@example.test,Canada,2021-05-13,Standard,8367.02
6632,Customer 06632,customer06632@example.test,Australia,2023-02-27,Premium,8373.19
6633,Customer 06633,customer06633@example.test,France,2022-08-02,Basic,4838.95
6634,Customer 06634,customer06634@example.test,France,2020-07-02,Premium,6861.34
6635,Customer 06635,customer06635@example.test,Canada,2022-07-13,Premium,980.67
6636,Customer 06636,customer06636@example.test,France,2020-08-11,Basic,8524.89
6637,Customer 06637,customer06637@example.test,Australia,2022-02-18,Basic,5340.56
6638,Customer 06638,customer06638@example.test,Brazil,2022-08-25,Basic,4087.84
6639,Customer 06639,customer06639@example.test,Canada,2022-10-12,Premium,1257.77
6640,Customer 06640,customer06640@example.test,Germany,2020-02-21,Standard,9124.06
6641,Customer 06641,customer06641@example.test,Germany,2023-12-24,Basic,4273.08
6642,Customer 06642,customer06642@example.test,Brazil,2024-06-10,Standard,1163.49
6643,Customer 06643,customer06643@example.test,Canada,2023-03-12,Basic,8469.80
6644,Customer 06644,customer06644@example.test,United Kingdom,2020-05-20,Premium,4768.79
6645,Customer 06645,customer06645@example.test,Germany,2021-06-09,Premium,4268.35
6646,Customer 06646,customer06646@example.test,Canada,2020-04-20,Premium,7964.73
6647,Customer 06647,customer06647@example.test,Germany,2021-09-09,Premium,1925.88
6648,Customer 06648,customer06648@example.test,Canada,2022-01-08,Premium,6794.20
6649,Customer 06649,customer06649@example.test,Australia,2022-03-24,Premium,3589.49
6650,Customer 06650,customer06650@example.test,France,2021-01-05,Basic,2829.87
6651,Customer 06651,customer06651@example.test,Brazil,2024-03-26,Premium,7681.53
6652,Customer 06652,customer06652@example.test,Australia,2023-09-22,Basic,2847.90
6653,Customer 06653,customer06653@example.test,United Kingdom,2021-09-16,Standard,9262.09
6654,Customer 06654,customer06654@example.test,Japan,2021-01-04,Basic,237.01
6655,Customer 06655,customer06655@example.test,Canada,2021-03-02,Standard,6727.16
6656,Customer 06656,customer06656@example.test,India,2023-07-05,Standard,989.57
6657,Customer 06657,customer06657@example.test,Canada,2021-04-05,Standard,4288.41
6658,Customer 06658,customer06658@example.test,United Kingdom,2020-06-10,Basic,8580.92
6659,Customer 06659,customer06659@example.test,United States,2021-09-06,Premium,7100.19
6660,Customer 06660,customer06660@example.test,Germany,2020-10-01,Standard,8673.41
6661,Customer 06661,customer06661@example.test,India,2023-11-18,Basic,5662.83
6662,Customer 06662,customer06662@example.test,Brazil,2021-12-19,Standard,388.55
6663,Customer 06663,customer06663@example.test,Brazil,2020-09-26,Premium,6029.02
6664,Customer 06664,customer06664@example.test,Brazil,2023-09-28,Standard,9753.23
6665,Customer 06665,customer06665@example.test,Brazil,2023-01-04,Premium,8445.47
6666,Customer 06666,customer06666@example.test,United States,2022-05-30,Standard,7942.41
6667,Customer 06667,customer06667@example.test,Germany,2023-12-10,Basic,6361.18
6668,Customer 06668,customer06668@example.test,United States,2024-07-01,Standard,2677.00
6669,Customer 06669,customer06669@example.test,United States,2022-09-07,Standard,8295.95
6670,Customer 06670,customer06670@example.test,United States,2024-12-04,Basic,4417.66
6671,Customer 06671,customer06671@example.test,France,2020-09-16,Standard,3977.97
6672,Customer 06672,customer06672@example.test,Australia,2020-04-30,Basic,5510.46
6673,Customer 06673,customer06673@example.test,Germany,2021-07-05,Standard,2713.90
6674,Customer 06674,customer06674@example.test,United States,2020-02-18,Basic,2419.28
6675,Customer 06675,customer06675@example.test,United States,2022-06-16,Premium,5919.78
6676,Customer 06676,customer06676@example.test,Australia,2020-08-12,Standard,3057.39
6677,Customer 06677,customer06677@example.test,Canada,2023-06-23,Premium,4584.19
6678,Customer 06678,customer06678@example.test,Australia,2021-09-07,Premium,4232.72
6679,Customer 06679,customer06679@example.test,United States,2023-03-15,Premium,4121.30
6680,Customer 06680,customer06680@example.test,Canada,2023-05-30,Premium,8235.75
6681,Customer 06681,customer06681@example.test,France,2021-10-29,Standard,5665.79
6682,Customer 06682,customer06682@example.test,United States,2021-07-04,Standard,2835.54
6683,Customer 06683,customer06683@example.test,Australia,2022-07-08,Basic,1653.81
6684,Customer 06684,customer06684@example.test,France,2020-08-28,Basic,5534.21
6685,Customer 06685,customer06685@example.test,India,2022-04-20,Standard,4526.63
6686,Customer 06686,customer06686@example.test,Canada,2021-01-18,Basic,8972.48
6687,Customer 06687,customer06687@example.test,Canada,2020-01-20,Premium,1745.87
6688,Customer 06688,customer06688@example.test,United Kingdom,2021-02-12,Basic,9844.03
6689,Customer 06689,customer06689@example.test,Canada,2024-02-29,Premium,3767.31
6690,Customer 06690,customer06690@example.test,Australia,2021-11-04,Premium,7983.46
6691,Customer 06691,customer06691@example.test,Australia,2021-03-22,Premium,216.22
6692,Customer 06692,customer06692@example.test,United States,2020-02-07,Basic,3952.11
6693,Customer 06693,customer06693@example.test,Germany,2021-05-24,Basic,7490.15
6694,Customer 06694,customer06694@example.test,United Kingdom,2022-04-05,Premium,6225.85
6695,Customer 06695,customer06695@example.test,Australia,2020-08-15,Premium,5412.30
6696,Customer 06696,customer06696@example.test,Brazil,2022-12-03,Premium,2643.69
6697,Customer 06697,customer06697@example.test,Japan,2020-08-31,Premium,242.66
6698,Customer 06698,customer06698@example.test,Brazil,2023-04-02,Standard,5952.94
6699,Customer 06699,customer06699@example.test,Canada,2024-03-22,Premium,1456.09
6700,Customer 06700,customer06700@example.test,United Kingdom,2023-11-04,Premium,9791.79
6701,Customer 06701,customer06701@example.test,United States,2022-07-24,Basic,7620.58
6702,Customer 06702,customer06702@example.test,Australia,2022-07-30,Standard,93.39
6703,Customer 06703,customer06703@example.test,India,2023-01-14,Standard,5697.19
6704,Customer 06704,customer06704@example.test,Brazil,2024-09-21,Basic,4459.14
6705,Customer 06705,customer06705@example.test,Germany,2022-09-10,Standard,2568.42
6706,Customer 06706,customer06706@example.test,Australia,2020-03-24,Premium,9661.15
6707,Customer 06707,customer06707@example.test,United States,2023-05-07,Standard,7175.37
6708,Customer 06708,customer06708@example.test,France,2021-03-24,Standard,1245.08
6709,Customer 06709,customer06709@example.test,Brazil,2024-12-28,Basic,8755.95
6710,Customer 06710,customer06710@example.test,United Kingdom,2021-05-15,Premium,9747.23
6711,Customer 06711,customer06711@example.test,United States,2020-07-15,Premium,3338.04
6712,Customer 06712,customer06712@example.test,United States,2020-07-08,Basic,3873.23
6713,Customer 06713,customer06713@example.test,Germany,2023-11-22,Standard,5255.97
6714,Customer 06714,customer06714@example.test,Germany,2020-10-16,Premium,190.53
6715,Customer 06715,customer06715@example.test,Germany,2021-01-22,Basic,126.23
6716,Customer 06716,customer06716@example.test,India,2020-05-20,Premium,3396.77
6717,Customer 06717,customer06717@example.test,France,2024-04-10,Standard,4329.28
6718,Customer 06718,customer06718@example.test,Australia,2022-04-21,Standard,3372.76
6719,Customer 06719,customer06719@example.test,Germany,2022-02-07,Standard,6102.76
6720,Customer 06720,customer06720@example.test,Germany,2024-12-28,Standard,4529.24
6721,Customer 06721,customer06721@example.test,Canada,2022-06-23,Basic,562.75
6722,Customer 06722,customer06722@example.test,Australia,2020-07-14,Basic,1446.49
6723,Customer 06723,customer06723@example.test,Australia,2021-06-30,Premium,7406.51
6724,Customer 06724,customer06724@example.test,United States,2024-04-25,Premium,7221.73
6725,Customer 06725,customer06725@example.test,Canada,2022-11-04,Premium,6843.19
6726,Customer 06726,customer06726@example.test,United States,2021-03-31,Standard,6254.37
6727,Customer 06727,customer06727@example.test,Germany,2024-04-19,Premium,1565.43
6728,Customer 06728,customer06728@example.test,Japan,2024-12-29,Premium,353.16
6729,Customer 06729,customer06729@example.test,India,2022-12-23,Basic,9303.41
6730,Customer 06730,customer06730@example.test,United Kingdom,2020-05-23,Standard,7222.87
6731,Customer 06731,customer06731@example.test,Canada,2021-10-27,Standard,2384.47
6732,Customer 06732,customer06732@example.test,India,2024-06-05,Basic,2020.11
6733,Customer 06733,customer06733@example.test,Germany,2022-04-22,Premium,9972.32
6734,Customer 06734,customer06734@example.test,India,2021-03-31,Standard,182.41
6735,Customer 06735,customer06735@example.test,Germany,2020-01-18,Premium,1672.16
6736,Customer 06736,customer06736@example.test,Brazil,2023-06-23,Basic,9965.85
6737,Customer 06737,customer06737@example.test,United States,2020-10-12,Basic,3481.43
6738,Customer 06738,customer06738@example.test,United States,2020-08-07,Premium,7199.71
6739,Customer 06739,customer06739@example.test,Brazil,2022-05-07,Basic,1852.72
6740,Customer 06740,customer06740@example.test,India,2024-05-29,Standard,5918.80
6741,Customer 06741,customer06741@example.test,Germany,2020-02-06,Basic,9083.57
6742,Customer 06742,customer06742@example.test,Brazil,2022-03-25,Premium,637.87
6743,Customer 06743,customer06743@example.test,Canada,2022-08-09,Premium,580.71
6744,Customer 06744,customer06744@example.test,Japan,2021-06-25,Standard,246.74
6745,Customer 06745,customer06745@example.test,Brazil,2020-04-20,Premium,5888.35
6746,Customer 06746,customer06746@example.test,United States,2021-05-11,Premium,4805.42
6747,Customer 06747,customer06747@example.test,Australia,2020-06-26,Premium,7585.46
6748,Customer 06748,customer06748@example.test,Canada,2024-12-05,Premium,9479.96
6749,Customer 06749,customer06749@example.test,Japan,2020-09-17,Premium,3678.90
6750,Customer 06750,customer06750@example.test,Canada,2020-07-02,Premium,6866.74
6751,Customer 06751,customer06751@example.test,United States,2021-06-25,Basic,3924.41
6752,Customer 06752,customer06752@example.test,United Kingdom,2020-01-24,Basic,4502.40
6753,Customer 06753,customer06753@example.test,India,2022-06-10,Premium,8544.81
6754,Customer 06754,customer06754@example.test,Germany,2024-04-29,Standard,4003.83
6755,Customer 06755,customer06755@example.test,Australia,2024-01-25,Standard,6869.13
6756,Customer 06756,customer06756@example.test,Canada,2020-12-29,Standard,4393.13
6757,Customer 06757,customer06757@example.test,Germany,2021-03-24,Standard,8653.03
6758,Customer 06758,customer06758@example.test,Brazil,2020-02-21,Basic,923.92
6759,Customer 06759,customer06759@example.test,France,2021-11-12,Premium,3837.27
6760,Customer 06760,customer06760@example.test,France,2022-10-19,Basic,3241.43
6761,Customer 06761,customer06761@example.test,Canada,2022-10-04,Standard,2462.87
6762,Customer 06762,customer06762@example.test,United States,2021-12-17,Standard,871.09
6763,Customer 06763,customer06763@example.test,Japan,2022-10-02,Basic,1772.90
6764,Customer 06764,customer06764@example.test,India,2020-11-30,Premium,7858.58
6765,Customer 06765,customer06765@example.test,Canada,2023-10-23,Standard,7006.35
6766,Customer 06766,customer06766@example.test,Japan,2021-01-10,Standard,39.77
6767,Customer 06767,customer06767@example.test,Japan,2022-11-09,Standard,7377.70
6768,Customer 06768,customer06768@example.test,Japan,2024-07-15,Standard,9771.49
6769,Customer 06769,customer06769@example.test,Japan,2023-12-02,Premium,8975.03
6770,Customer 06770,customer06770@example.test,Germany,2020-09-23,Premium,9716.08
6771,Customer 06771,customer06771@example.test,United Kingdom,2023-06-26,Standard,8937.02
6772,Customer 06772,customer06772@example.test,United Kingdom,2023-01-22,Basic,8978.52
6773,Customer 06773,customer06773@example.test,Germany,2024-09-25,Basic,3077.06
6774,Customer 06774,customer06774@example.test,United Kingdom,2022-08-27,Premium,6945.67
6775,Customer 06775,customer06775@example.test,Australia,2020-11-22,Basic,2177.82
6776,Customer 06776,customer06776@example.test,Australia,2022-01-10,Premium,4328.32
6777,Customer 06777,customer06777@example.test,United States,2020-08-10,Standard,5249.15
6778,Customer 06778,customer06778@example.test,United Kingdom,2023-03-04,Standard,1526.45
6779,Customer 06779,customer06779@example.test,France,2020-09-14,Standard,9060.68
6780,Customer 06780,customer06780@example.test,France,2021-07-10,Standard,562.53
6781,Customer 06781,customer06781@example.test,Japan,2021-09-21,Basic,7905.21
6782,Customer 06782,customer06782@example.test,United States,2022-02-13,Premium,9934.98
6783,Customer 06783,customer06783@example.test,Canada,2020-08-14,Premium,3526.13
6784,Customer 06784,customer06784@example.test,Japan,2024-06-07,Standard,6339.70
6785,Customer 06785,customer06785@example.test,India,2024-02-20,Premium,3742.54
6786,Customer 06786,customer06786@example.test,Canada,2021-06-09,Premium,4190.83
6787,Customer 06787,customer06787@example.test,Germany,2023-09-13,Standard,6740.43
6788,Customer 06788,customer06788@example.test,Brazil,2024-08-03,Premium,1059.85
6789,Customer 06789,customer06789@example.test,United Kingdom,2023-10-05,Premium,5732.58
6790,Customer 06790,customer06790@example.test,Brazil,2023-02-01,Basic,1538.80
6791,Customer 06791,customer06791@example.test,France,2022-08-07,Premium,8988.12
6792,Customer 06792,customer06792@example.test,Japan,2023-10-01,Premium,3216.22
6793,Customer 06793,customer06793@example.test,India,2021-04-06,Basic,6152.61
6794,Customer 06794,customer06794@example.test,Germany,2024-06-03,Basic,9169.07
6795,Customer 06795,customer06795@example.test,United States,2024-11-04,Premium,7591.85
6796,Customer 06796,customer06796@example.test,United States,2020-05-12,Basic,2906.94
6797,Customer 06797,customer06797@example.test,Japan,2023-04-16,Basic,243.26
6798,Customer 06798,customer06798@example.test,Japan,2022-04-09,Standard,9082.46
6799,Customer 06799,customer06799@example.test,Australia,2024-05-04,Standard,8878.73
6800,Customer 06800,customer06800@example.test,Brazil,2020-07-20,Premium,1905.73
6801,Customer 06801,customer06801@example.test,Canada,2020-07-05,Standard,3261.09
6802,Customer 06802,customer06802@example.test,Germany,2021-02-05,Premium,8411.12
6803,Customer 06803,customer06803@example.test,Canada,2024-01-27,Premium,9051.20
6804,Customer 06804,customer06804@example.test,Brazil,2020-03-01,Basic,4209.49
6805,Customer 06805,customer06805@example.test,Germany,2020-04-14,Basic,7801.13
6806,Customer 06806,customer06806@example.test,Japan,2022-12-17,Premium,8638.12
6807,Customer 06807,customer06807@example.test,United Kingdom,2021-05-05,Premium,1053.61
6808,Customer 06808,customer06808@example.test,United States,2024-01-01,Standard,554.39
6809,Customer 06809,customer06809@example.test,France,2020-04-29,Premium,655.17
6810,Customer 06810,customer06810@example.test,France,2023-12-02,Premium,6235.61
6811,Customer 06811,customer06811@example.test,United States,2022-07-03,Basic,6531.55
6812,Customer 06812,customer06812@example.test,Australia,2023-05-22,Premium,938.11
6813,Customer 06813,customer06813@example.test,Germany,2024-07-11,Premium,9839.40
6814,Customer 06814,customer06814@example.test,France,2020-01-28,Standard,9636.24
6815,Customer 06815,customer06815@example.test,Brazil,2022-08-30,Premium,1121.32
6816,Customer 06816,customer06816@example.test,United Kingdom,2024-03-16,Basic,1037.05
6817,Customer 06817,customer06817@example.test,United Kingdom,2023-04-22,Basic,5817.24
6818,Customer 06818,customer06818@example.test,Australia,2022-04-29,Basic,1100.60
6819,Customer 06819,customer06819@example.test,Japan,2024-12-16,Premium,7975.04
6820,Customer 06820,customer06820@example.test,Australia,2021-12-27,Basic,5319.70
6821,Customer 06821,customer06821@example.test,Brazil,2021-06-13,Basic,6794.92
6822,Customer 06822,customer06822@example.test,United Kingdom,2021-08-06,Basic,3446.21
6823,Customer 06823,customer06823@example.test,India,2024-11-11,Premium,6592.25
6824,Customer 06824,customer06824@example.test,Brazil,2020-09-03,Premium,4588.03
6825,Customer 06825,customer06825@example.test,France,2021-11-28,Standard,5558.59
6826,Customer 06826,customer06826@example.test,Brazil,2020-12-05,Premium,4955.02
6827,Customer 06827,customer06827@example.test,United States,2020-12-06,Basic,7088.32
6828,Customer 06828,customer06828@example.test,United Kingdom,2024-11-11,Basic,7808.50
6829,Customer 06829,customer06829@example.test,United Kingdom,2020-01-08,Premium,8172.49
6830,Customer 06830,customer06830@example.test,Australia,2022-08-16,Basic,2377.09
6831,Customer 06831,customer06831@example.test,Brazil,2022-08-16,Standard,1109.22
6832,Customer 06832,customer06832@example.test,Australia,2022-05-23,Basic,7237.89
6833,Customer 06833,customer06833@example.test,Brazil,2022-11-14,Basic,4928.11
6834,Customer 06834,customer06834@example.test,Canada,2024-09-05,Premium,9371.72
6835,Customer 06835,customer06835@example.test,Japan,2021-02-19,Standard,5044.92
6836,Customer 06836,customer06836@example.test,Brazil,2022-10-01,Basic,2075.81
6837,Customer 06837,customer06837@example.test,India,2022-09-20,Premium,422.76
6838,Customer 06838,customer06838@example.test,Japan,2022-07-05,Basic,9052.26
6839,Customer 06839,customer06839@example.test,Australia,2020-08-05,Premium,8370.45
6840,Customer 06840,customer06840@example.test,United States,2021-08-10,Premium,7064.63
6841,Customer 06841,customer06841@example.test,United States,2024-01-20,Standard,8224.80
6842,Customer 06842,customer06842@example.test,United Kingdom,2021-12-21,Basic,330.06
6843,Customer 06843,customer06843@example.test,Canada,2020-01-31,Basic,2693.72
6844,Customer 06844,customer06844@example.test,Germany,2023-10-02,Premium,8371.85
6845,Customer 06845,customer06845@example.test,Canada,2024-04-21,Premium,9189.08
6846,Customer 06846,customer06846@example.test,Canada,2022-03-20,Premium,8642.78
6847,Customer 06847,customer06847@example.test,Japan,2020-09-05,Basic,398.99
6848,Customer 06848,customer06848@example.test,Japan,2024-06-04,Basic,7013.81
6849,Customer 06849,customer06849@example.test,Japan,2024-04-12,Basic,3695.30
6850,Customer 06850,customer06850@example.test,United Kingdom,2024-09-30,Standard,4177.63
6851,Customer 06851,customer06851@example.test,United Kingdom,2023-09-26,Premium,4078.26
6852,Customer 06852,customer06852@example.test,United Kingdom,2024-06-28,Basic,7157.98
6853,Customer 06853,customer06853@example.test,Brazil,2021-12-31,Standard,6498.48
6854,Customer 06854,customer06854@example.test,Brazil,2023-11-14,Premium,6061.44
6855,Customer 06855,customer06855@example.test,India,2024-10-06,Basic,7849.30
6856,Customer 06856,customer06856@example.test,Canada,2024-12-02,Premium,3374.88
6857,Customer 06857,customer06857@example.test,Brazil,2020-04-22,Standard,9381.07
6858,Customer 06858,customer06858@example.test,Canada,2021-09-02,Standard,762.31
6859,Customer 06859,customer06859@example.test,United Kingdom,2020-01-10,Premium,2281.55
6860,Customer 06860,customer06860@example.test,India,2021-02-08,Premium,9867.27
6861,Customer 06861,customer06861@example.test,United States,2024-07-23,Standard,9361.56
6862,Customer 06862,customer06862@example.test,Canada,2024-05-20,Standard,8897.53
6863,Customer 06863,customer06863@example.test,Brazil,2021-03-09,Basic,5643.36
6864,Customer 06864,customer06864@example.test,France,2024-11-07,Basic,1436.06
6865,Customer 06865,customer06865@example.test,United States,2021-08-13,Standard,5278.41
6866,Customer 06866,customer06866@example.test,France,2020-05-15,Premium,107.15
6867,Customer 06867,customer06867@example.test,Brazil,2021-09-09,Basic,4457.35
6868,Customer 06868,customer06868@example.test,Brazil,2023-05-15,Premium,3317.61
6869,Customer 06869,customer06869@example.test,France,2024-10-23,Premium,1545.18
6870,Customer 06870,customer06870@example.test,India,2020-07-25,Premium,3953.72
6871,Customer 06871,customer06871@example.test,India,2022-09-02,Basic,5767.68
6872,Customer 06872,customer06872@example.test,Germany,2022-03-05,Standard,7475.45
6873,Customer 06873,customer06873@example.test,France,2024-06-14,Premium,7001.83
6874,Customer 06874,customer06874@example.test,India,2024-11-12,Premium,3249.09
6875,Customer 06875,customer06875@example.test,Brazil,2023-01-31,Premium,32.92
6876,Customer 06876,customer06876@example.test,Australia,2021-10-29,Premium,9232.33
6877,Customer 06877,customer06877@example.test,Germany,2024-04-07,Standard,4410.42
6878,Customer 06878,customer06878@example.test,Canada,2021-06-15,Standard,5301.22
6879,Customer 06879,customer06879@example.test,Japan,2024-08-06,Premium,3356.04
6880,Customer 06880,customer06880@example.test,France,2022-08-25,Basic,3533.28
6881,Customer 06881,customer06881@example.test,Brazil,2021-10-19,Premium,5725.31
6882,Customer 06882,customer06882@example.test,Brazil,2024-04-26,Standard,9516.95
6883,Customer 06883,customer06883@example.test,India,2022-10-06,Premium,1404.94
6884,Customer 06884,customer06884@example.test,India,2021-04-24,Basic,5219.29
6885,Customer 06885,customer06885@example.test,Brazil,2022-11-03,Standard,3798.78
6886,Customer 06886,customer06886@example.test,Canada,2021-06-15,Standard,8955.69
6887,Customer 06887,customer06887@example.test,Australia,2023-08-02,Basic,8515.46
6888,Customer 06888,customer06888@example.test,United Kingdom,2023-05-10,Premium,2381.13
6889,Customer 06889,customer06889@example.test,Japan,2024-02-12,Premium,1609.65
6890,Customer 06890,customer06890@example.test,Germany,2021-08-28,Standard,7952.17
6891,Customer 06891,customer06891@example.test,India,2024-02-20,Standard,4433.91
6892,Customer 06892,customer06892@example.test,United Kingdom,2024-05-02,Standard,1482.12
6893,Customer 06893,customer06893@example.test,India,2020-03-16,Premium,4629.91
6894,Customer 06894,customer06894@example.test,Australia,2020-07-27,Standard,2134.63
6895,Customer 06895,customer06895@example.test,United States,2020-05-05,Standard,1284.53
6896,Customer 06896,customer06896@example.test,Japan,2022-01-10,Standard,7913.58
6897,Customer 06897,customer06897@example.test,United Kingdom,2023-08-28,Basic,6723.65
6898,Customer 06898,customer06898@example.test,France,2024-03-21,Standard,6968.62
6899,Customer 06899,customer06899@example.test,Australia,2024-01-20,Premium,1024.48
6900,Customer 06900,customer06900@example.test,India,2022-09-23,Standard,2393.59
6901,Customer 06901,customer06901@example.test,Australia,2022-12-21,Premium,9318.35
6902,Customer 06902,customer06902@example.test,Germany,2022-06-24,Premium,8813.66
6903,Customer 06903,customer06903@example.test,United States,2021-09-09,Standard,7399.56
6904,Customer 06904,customer06904@example.test,Canada,2022-07-29,Standard,522.30
6905,Customer 06905,customer06905@example.test,Canada,2020-11-27,Standard,2721.68
6906,Customer 06906,customer06906@example.test,Japan,2024-04-27,Basic,5537.29
6907,Customer 06907,customer06907@example.test,Canada,2022-04-04,Standard,1949.68
6908,Customer 06908,customer06908@example.test,United States,2023-02-10,Standard,479.12
6909,Customer 06909,customer06909@example.test,Japan,2022-07-07,Standard,2628.48
6910,Customer 06910,customer06910@example.test,Australia,2020-10-05,Standard,6844.08
6911,Customer 06911,customer06911@example.test,France,2022-02-11,Premium,5014.65
6912,Customer 06912,customer06912@example.test,France,2020-05-18,Standard,2183.61
6913,Customer 06913,customer06913@example.test,United States,2024-01-28,Standard,4990.04
6914,Customer 06914,customer06914@example.test,Canada,2022-05-05,Standard,6330.69
6915,Customer 06915,customer06915@example.test,France,2020-09-13,Basic,4521.85
6916,Customer 06916,customer06916@example.test,United States,2024-01-18,Standard,6368.85
6917,Customer 06917,customer06917@example.test,Japan,2020-04-16,Basic,7277.98
6918,Customer 06918,customer06918@example.test,Germany,2020-03-02,Basic,9631.40
6919,Customer 06919,customer06919@example.test,Japan,2022-12-07,Basic,7124.27
6920,Customer 06920,customer06920@example.test,Canada,2021-04-23,Premium,7276.29
6921,Customer 06921,customer06921@example.test,India,2021-11-16,Premium,2723.23
6922,Customer 06922,customer06922@example.test,India,2020-01-13,Premium,7206.90
6923,Customer 06923,customer06923@example.test,Canada,2022-12-10,Standard,2097.30
6924,Customer 06924,customer06924@example.test,Japan,2023-03-29,Basic,878.79
6925,Customer 06925,customer06925@example.test,United Kingdom,2021-11-01,Standard,9977.66
6926,Customer 06926,customer06926@example.test,Australia,2021-06-11,Standard,2011.71
6927,Customer 06927,customer06927@example.test,India,2023-10-28,Standard,4721.02
6928,Customer 06928,customer06928@example.test,United Kingdom,2020-04-28,Basic,6242.99
6929,Customer 06929,customer06929@example.test,United Kingdom,2024-12-10,Standard,7452.01
6930,Customer 06930,customer06930@example.test,India,2021-11-25,Standard,1664.98
6931,Customer 06931,customer06931@example.test,Brazil,2022-06-12,Basic,7386.83
6932,Customer 06932,customer06932@example.test,Australia,2024-11-01,Premium,8715.48
6933,Customer 06933,customer06933@example.test,United States,2024-05-19,Standard,1543.11
6934,Customer 06934,customer06934@example.test,Canada,2024-09-26,Standard,2202.61
6935,Customer 06935,customer06935@example.test,Japan,2024-10-27,Basic,8779.65
6936,Customer 06936,customer06936@example.test,United Kingdom,2020-09-23,Basic,2162.60
6937,Customer 06937,customer06937@example.test,Australia,2021-01-04,Basic,1846.16
6938,Customer 06938,customer06938@example.test,Canada,2020-12-25,Standard,1083.04
6939,Customer 06939,customer06939@example.test,Brazil,2020-08-05,Standard,8704.56
6940,Customer 06940,customer06940@example.test,United Kingdom,2022-01-29,Standard,6362.20
6941,Customer 06941,customer06941@example.test,United Kingdom,2020-09-04,Premium,4434.78
6942,Customer 06942,customer06942@example.test,Australia,2020-12-02,Standard,1652.70
6943,Customer 06943,customer06943@example.test,United States,2023-06-17,Standard,1195.58
6944,Customer 06944,customer06944@example.test,Germany,2021-08-14,Basic,4237.80
6945,Customer 06945,customer06945@example.test,United States,2023-03-27,Premium,339.54
6946,Customer 06946,customer06946@example.test,Canada,2022-02-06,Premium,8761.33
6947,Customer 06947,customer06947@example.test,Australia,2022-05-20,Premium,6129.07
6948,Customer 06948,customer06948@example.test,Canada,2024-10-20,Premium,310.25
6949,Customer 06949,customer06949@example.test,Japan,2021-01-04,Basic,8333.17
6950,Customer 06950,customer06950@example.test,Australia,2023-01-30,Premium,9337.39
6951,Customer 06951,customer06951@example.test,Canada,2021-06-29,Basic,4168.30
6952,Customer 06952,customer06952@example.test,United Kingdom,2021-07-04,Premium,634.91
6953,Customer 06953,customer06953@example.test,United States,2022-05-14,Premium,9105.32
6954,Customer 06954,customer06954@example.test,United Kingdom,2020-05-26,Standard,9264.56
6955,Customer 06955,customer06955@example.test,Australia,2024-12-21,Premium,8453.86
6956,Customer 06956,customer06956@example.test,Japan,2020-06-13,Premium,4672.96
6957,Customer 06957,customer06957@example.test,Australia,2024-12-21,Standard,7185.37
6958,Customer 06958,customer06958@example.test,Australia,2020-01-23,Standard,6116.37
6959,Customer 06959,customer06959@example.test,France,2021-02-10,Premium,4333.43
6960,Customer 06960,customer06960@example.test,United Kingdom,2024-09-06,Premium,2661.34
6961,Customer 06961,customer06961@example.test,Japan,2021-07-26,Basic,2347.51
6962,Customer 06962,customer06962@example.test,Brazil,2024-10-12,Standard,1676.77
6963,Customer 06963,customer06963@example.test,Germany,2023-02-27,Standard,4542.75
6964,Customer 06964,customer06964@example.test,United States,2021-05-09,Premium,5661.58
6965,Customer 06965,customer06965@example.test,Australia,2021-03-31,Basic,4170.17
6966,Customer 06966,customer06966@example.test,India,2024-03-28,Standard,638.22
6967,Customer 06967,customer06967@example.test,India,2020-11-16,Basic,7639.16
6968,Customer 06968,customer06968@example.test,United States,2023-06-08,Standard,1140.07
6969,Customer 06969,customer06969@example.test,France,2023-12-02,Basic,6340.85
6970,Customer 06970,customer06970@example.test,Canada,2021-04-05,Standard,7347.52
6971,Customer 06971,customer06971@example.test,United Kingdom,2020-11-19,Premium,5671.93
6972,Customer 06972,customer06972@example.test,Brazil,2024-10-29,Premium,9382.73
6973,Customer 06973,customer06973@example.test,Brazil,2023-03-18,Standard,2330.02
6974,Customer 06974,customer06974@example.test,Australia,2021-12-13,Standard,8099.24
6975,Customer 06975,customer06975@example.test,Japan,2023-02-27,Premium,1315.31
6976,Customer 06976,customer06976@example.test,Japan,2024-08-27,Basic,4401.72
6977,Customer 06977,customer06977@example.test,Japan,2022-07-15,Basic,3472.12
6978,Customer 06978,customer06978@example.test,Canada,2024-08-14,Standard,9049.34
6979,Customer 06979,customer06979@example.test,United States,2020-12-06,Basic,3184.76
6980,Customer 06980,customer06980@example.test,France,2021-12-29,Basic,5130.17
6981,Customer 06981,customer06981@example.test,India,2021-06-26,Premium,4746.31
6982,Customer 06982,customer06982@example.test,Australia,2024-01-20,Basic,9008.97
6983,Customer 06983,customer06983@example.test,Japan,2023-01-23,Standard,8557.05
6984,Customer 06984,customer06984@example.test,Japan,2020-01-06,Basic,5192.14
6985,Customer 06985,customer06985@example.test,Japan,2022-01-14,Premium,1778.86
6986,Customer 06986,customer06986@example.test,United States,2020-04-01,Premium,6974.15
6987,Customer 06987,customer06987@example.test,Brazil,2024-01-04,Basic,8833.25
6988,Customer 06988,customer06988@example.test,Canada,2024-09-25,Basic,487.14
6989,Customer 06989,customer06989@example.test,Canada,2020-12-05,Premium,9480.36
6990,Customer 06990,customer06990@example.test,Germany,2022-01-30,Premium,6497.98
6991,Customer 06991,customer06991@example.test,Germany,2020-03-07,Standard,5685.52
6992,Customer 06992,customer06992@example.test,Australia,2023-03-18,Basic,2361.08
6993,Customer 06993,customer06993@example.test,Canada,2020-12-21,Standard,2017.75
6994,Customer 06994,customer06994@example.test,France,2021-05-21,Premium,68.79
6995,Customer 06995,customer06995@example.test,France,2020-12-09,Standard,705.01
6996,Customer 06996,customer06996@example.test,Canada,2020-03-24,Standard,9498.71
6997,Customer 06997,customer06997@example.test,India,2023-08-28,Standard,8949.66
6998,Customer 06998,customer06998@example.test,Brazil,2020-05-01,Basic,9277.13
6999,Customer 06999,customer06999@example.test,France,2024-02-02,Standard,2974.59
7000,Customer 07000,customer07000@example.test,Australia,2021-11-03,Premium,8968.64
7001,Customer 07001,customer07001@example.test,United States,2022-04-09,Basic,8478.11
7002,Customer 07002,customer07002@example.test,Germany,2023-02-21,Basic,8214.20
7003,Customer 07003,customer07003@example.test,France,2021-03-02,Premium,2021.11
7004,Customer 07004,customer07004@example.test,Canada,2024-11-27,Standard,8910.81
7005,Customer 07005,customer07005@example.test,Japan,2021-05-19,Premium,6208.57
7006,Customer 07006,customer07006@example.test,Canada,2022-05-23,Premium,8512.81
7007,Customer 07007,customer07007@example.test,Australia,2023-01-05,Standard,5917.43
7008,Customer 07008,customer07008@example.test,United States,2024-03-09,Basic,2416.87
7009,Customer 07009,customer07009@example.test,Canada,2020-09-07,Standard,7892.19
7010,Customer 07010,customer07010@example.test,Brazil,2021-07-07,Premium,9224.36
7011,Customer 07011,customer07011@example.test,Australia,2023-04-02,Standard,8179.68
7012,Customer 07012,customer07012@example.test,Japan,2021-11-13,Standard,9517.64
7013,Customer 07013,customer07013@example.test,Canada,2024-11-26,Premium,1236.31
7014,Customer 07014,customer07014@example.test,France,2020-10-19,Standard,4209.91
7015,Customer 07015,customer07015@example.test,Brazil,2021-02-09,Standard,4821.20
7016,Customer 07016,customer07016@example.test,India,2021-09-24,Standard,1678.27
7017,Customer 07017,customer07017@example.test,Australia,2020-05-14,Standard,1911.05
7018,Customer 07018,customer07018@example.test,Germany,2023-05-04,Basic,974.19
7019,Customer 07019,customer07019@example.test,France,2023-03-05,Standard,3585.05
7020,Customer 07020,customer07020@example.test,Brazil,2023-06-28,Basic,1388.72
7021,Customer 07021,customer07021@example.test,Japan,2021-01-05,Standard,797.05
7022,Customer 07022,customer07022@example.test,France,2023-12-10,Premium,5050.12
7023,Customer 07023,customer07023@example.test,France,2022-02-01,Basic,4202.50
7024,Customer 07024,customer07024@example.test,Japan,2020-09-19,Standard,4964.50
7025,Customer 07025,customer07025@example.test,Canada,2021-10-14,Basic,8944.84
7026,Customer 07026,customer07026@example.test,Japan,2022-11-07,Standard,4017.04
7027,Customer 07027,customer07027@example.test,Canada,2020-07-29,Basic,266.38
7028,Customer 07028,customer07028@example.test,Japan,2024-12-28,Premium,4703.58
7029,Customer 07029,customer07029@example.test,France,2024-07-14,Premium,47.28
7030,Customer 07030,customer07030@example.test,Canada,2023-03-15,Basic,7778.61
7031,Customer 07031,customer07031@example.test,United States,2024-12-05,Standard,3307.26
7032,Customer 07032,customer07032@example.test,Canada,2024-11-26,Standard,640.51
7033,Customer 07033,customer07033@example.test,Canada,2021-01-26,Basic,1110.38
7034,Customer 07034,customer07034@example.test,India,2020-05-08,Basic,2414.57
7035,Customer 07035,customer07035@example.test,India,2024-10-27,Standard,104.15
7036,Customer 07036,customer07036@example.test,Brazil,2021-10-12,Standard,2200.79
7037,Customer 07037,customer07037@example.test,Canada,2024-01-14,Premium,6101.52
7038,Customer 07038,customer07038@example.test,Brazil,2023-08-03,Standard,2493.12
7039,Customer 07039,customer07039@example.test,Australia,2023-09-26,Basic,8927.07
7040,Customer 07040,customer07040@example.test,United Kingdom,2022-06-23,Basic,4833.88
7041,Customer 07041,customer07041@example.test,Canada,2023-07-30,Standard,4887.80
7042,Customer 07042,customer07042@example.test,Canada,2023-05-24,Standard,7260.59
7043,Customer 07043,customer07043@example.test,Germany,2024-02-27,Premium,1607.73
7044,Customer 07044,customer07044@example.test,United States,2020-07-10,Basic,2477.43
7045,Customer 07045,customer07045@example.test,Germany,2023-12-21,Basic,8366.53
7046,Customer 07046,customer07046@example.test,India,2023-10-15,Basic,9770.32
7047,Customer 07047,customer07047@example.test,Brazil,2023-01-10,Basic,1890.92
7048,Customer 07048,customer07048@example.test,Australia,2024-02-16,Standard,8091.44
7049,Customer 07049,customer07049@example.test,United Kingdom,2023-01-16,Standard,434.60
7050,Customer 07050,customer07050@example.test,United Kingdom,2022-06-02,Basic,4007.69
7051,Customer 07051,customer07051@example.test,France,2024-08-25,Premium,9234.04
7052,Customer 07052,customer07052@example.test,Canada,2021-04-25,Basic,6182.06
7053,Customer 07053,customer07053@example.test,Japan,2023-02-17,Standard,999.03
7054,Customer 07054,customer07054@example.test,Australia,2022-01-03,Premium,3568.23
7055,Customer 07055,customer07055@example.test,United States,2022-08-14,Basic,3039.15
7056,Customer 07056,customer07056@example.test,Germany,2022-06-06,Premium,9263.33
7057,Customer 07057,customer07057@example.test,India,2022-11-30,Basic,5279.12
7058,Customer 07058,customer07058@example.test,India,2024-05-27,Basic,5529.05
7059,Customer 07059,customer07059@example.test,France,2022-12-22,Basic,5677.89
7060,Customer 07060,customer07060@example.test,India,2020-12-17,Basic,4584.82
7061,Customer 07061,customer07061@example.test,United Kingdom,2023-12-26,Premium,4241.81
7062,Customer 07062,customer07062@example.test,Canada,2024-06-02,Premium,7755.85
7063,Customer 07063,customer07063@example.test,Germany,2022-11-06,Standard,5056.81
7064,Customer 07064,customer07064@example.test,Canada,2020-09-13,Standard,3199.66
7065,Customer 07065,customer07065@example.test,India,2021-03-19,Basic,3913.62
7066,Customer 07066,customer07066@example.test,Japan,2020-06-13,Premium,5824.30
7067,Customer 07067,customer07067@example.test,Canada,2020-11-21,Premium,9118.16
7068,Customer 07068,customer07068@example.test,Australia,2021-12-18,Premium,5591.88
7069,Customer 07069,customer07069@example.test,India,2021-01-10,Basic,8344.71
7070,Customer 07070,customer07070@example.test,Japan,2023-09-21,Premium,7937.01
7071,Customer 07071,customer07071@example.test,Germany,2024-12-13,Standard,1804.63
7072,Customer 07072,customer07072@example.test,Japan,2023-02-05,Premium,6175.92
7073,Customer 07073,customer07073@example.test,Germany,2024-04-06,Premium,6775.04
7074,Customer 07074,customer07074@example.test,Brazil,2020-01-27,Premium,8314.35
7075,Customer 07075,customer07075@example.test,France,2020-11-28,Standard,914.24
7076,Customer 07076,customer07076@example.test,Canada,2021-08-11,Basic,120.00
7077,Customer 07077,customer07077@example.test,Australia,2024-06-01,Basic,7362.74
7078,Customer 07078,customer07078@example.test,Japan,2023-09-03,Standard,1785.10
7079,Customer 07079,customer07079@example.test,United Kingdom,2024-08-29,Premium,1409.06
7080,Customer 07080,customer07080@example.test,Japan,2022-04-19,Premium,2750.16
7081,Customer 07081,customer07081@example.test,India,2024-08-28,Premium,6089.21
7082,Customer 07082,customer07082@example.test,Japan,2022-01-09,Premium,1941.03
7083,Customer 07083,customer07083@example.test,United Kingdom,2020-05-16,Standard,6784.45
7084,Customer 07084,customer07084@example.test,Australia,2020-03-21,Basic,2428.49
7085,Customer 07085,customer07085@example.test,Brazil,2023-06-12,Premium,7731.40
7086,Customer 07086,customer07086@example.test,Brazil,2024-04-06,Basic,2302.73
7087,Customer 07087,customer07087@example.test,India,2021-05-18,Premium,5649.13
7088,Customer 07088,customer07088@example.test,Canada,2023-06-22,Premium,1681.09
7089,Customer 07089,customer07089@example.test,United Kingdom,2021-09-02,Premium,910.62
7090,Customer 07090,customer07090@example.test,France,2023-04-27,Standard,8935.73
7091,Customer 07091,customer07091@example.test,Australia,2020-01-12,Standard,223.00
7092,Customer 07092,customer07092@example.test,Canada,2022-12-19,Standard,5094.54
7093,Customer 07093,customer07093@example.test,Australia,2023-09-11,Standard,4194.03
7094,Customer 07094,customer07094@example.test,Japan,2021-07-29,Premium,9683.27
7095,Customer 07095,customer07095@example.test,Japan,2023-11-04,Premium,4970.26
7096,Customer 07096,customer07096@example.test,Canada,2022-06-11,Standard,2950.48
7097,Customer 07097,customer07097@example.test,United States,2021-03-23,Basic,9850.24
7098,Customer 07098,customer07098@example.test,Australia,2021-12-25,Premium,6002.49
7099,Customer 07099,customer07099@example.test,France,2021-10-28,Standard,1818.90
7100,Customer 07100,customer07100@example.test,Germany,2021-02-13,Standard,945.09
7101,Customer 07101,customer07101@example.test,Japan,2022-06-29,Basic,1537.35
7102,Customer 07102,customer07102@example.test,France,2024-10-21,Basic,1167.31
7103,Customer 07103,customer07103@example.test,France,2021-02-25,Standard,1202.36
7104,Customer 07104,customer07104@example.test,Germany,2020-01-26,Standard,7471.64
7105,Customer 07105,customer07105@example.test,Japan,2020-07-09,Standard,1438.82
7106,Customer 07106,customer07106@example.test,Brazil,2021-02-13,Standard,3659.17
7107,Customer 07107,customer07107@example.test,Germany,2021-07-19,Premium,9598.59
7108,Customer 07108,customer07108@example.test,France,2024-03-13,Standard,1873.56
7109,Customer 07109,customer07109@example.test,United Kingdom,2022-08-08,Basic,9382.23
7110,Customer 07110,customer07110@example.test,United States,2022-03-06,Standard,4997.60
7111,Customer 07111,customer07111@example.test,Australia,2022-05-10,Standard,9003.62
7112,Customer 07112,customer07112@example.test,France,2023-11-19,Standard,6337.64
7113,Customer 07113,customer07113@example.test,Canada,2021-08-21,Basic,471.88
7114,Customer 07114,customer07114@example.test,Germany,2024-08-03,Standard,8481.42
7115,Customer 07115,customer07115@example.test,United Kingdom,2020-05-22,Standard,9000.43
7116,Customer 07116,customer07116@example.test,Brazil,2021-11-27,Basic,5772.19
7117,Customer 07117,customer07117@example.test,Australia,2022-06-22,Premium,8764.97
7118,Customer 07118,customer07118@example.test,United Kingdom,2024-09-29,Basic,6453.94
7119,Customer 07119,customer07119@example.test,France,2023-03-02,Premium,3143.41
7120,Customer 07120,customer07120@example.test,Canada,2023-11-29,Premium,9250.58
7121,Customer 07121,customer07121@example.test,Germany,2020-12-11,Basic,2298.40
7122,Customer 07122,customer07122@example.test,Germany,2022-06-30,Standard,8089.71
7123,Customer 07123,customer07123@example.test,Brazil,2021-07-01,Standard,1763.89
7124,Customer 07124,customer07124@example.test,Germany,2021-03-24,Standard,4492.10
7125,Customer 07125,customer07125@example.test,India,2024-05-18,Premium,5253.18
7126,Customer 07126,customer07126@example.test,Japan,2024-08-14,Basic,2679.40
7127,Customer 07127,customer07127@example.test,Australia,2022-07-07,Premium,3763.71
7128,Customer 07128,customer07128@example.test,Germany,2024-11-25,Basic,3876.82
7129,Customer 07129,customer07129@example.test,France,2024-03-06,Standard,8829.70
7130,Customer 07130,customer07130@example.test,Canada,2024-04-07,Standard,5865.85
7131,Customer 07131,customer07131@example.test,Australia,2023-03-08,Standard,7216.45
7132,Customer 07132,customer07132@example.test,Canada,2022-08-15,Premium,5407.69
7133,Customer 07133,customer07133@example.test,Germany,2022-06-07,Premium,6845.49
7134,Customer 07134,customer07134@example.test,Australia,2020-01-25,Basic,3553.66
7135,Customer 07135,customer07135@example.test,United States,2021-04-10,Standard,6562.21
7136,Customer 07136,customer07136@example.test,India,2024-12-18,Standard,7779.57
7137,Customer 07137,customer07137@example.test,Canada,2021-07-02,Premium,4097.99
7138,Customer 07138,customer07138@example.test,Germany,2024-01-27,Premium,3368.93
7139,Customer 07139,customer07139@example.test,Australia,2024-05-16,Premium,6098.00
7140,Customer 07140,customer07140@example.test,France,2024-05-18,Standard,5595.52
7141,Customer 07141,customer07141@example.test,Germany,2020-06-08,Basic,4480.99
7142,Customer 07142,customer07142@example.test,Germany,2020-04-12,Standard,8875.46
7143,Customer 07143,customer07143@example.test,Japan,2023-08-19,Basic,984.22
7144,Customer 07144,customer07144@example.test,France,2021-08-24,Standard,5297.28
7145,Customer 07145,customer07145@example.test,Germany,2022-12-06,Standard,2225.90
7146,Customer 07146,customer07146@example.test,Australia,2022-07-25,Standard,7630.92
7147,Customer 07147,customer07147@example.test,Brazil,2022-02-07,Basic,7889.92
7148,Customer 07148,customer07148@example.test,India,2022-07-13,Standard,2688.62
7149,Customer 07149,customer07149@example.test,United Kingdom,2022-04-28,Premium,7124.40
7150,Customer 07150,customer07150@example.test,Japan,2024-11-30,Premium,4237.63
7151,Customer 07151,customer07151@example.test,Brazil,2023-02-07,Standard,6911.39
7152,Customer 07152,customer07152@example.test,Brazil,2021-08-31,Basic,3908.74
7153,Customer 07153,customer07153@example.test,United States,2024-07-30,Basic,6385.08
7154,Customer 07154,customer07154@example.test,Australia,2023-03-15,Premium,1563.97
7155,Customer 07155,customer07155@example.test,United Kingdom,2022-07-16,Basic,1750.46
7156,Customer 07156,customer07156@example.test,Brazil,2023-03-27,Premium,8148.17
7157,Customer 07157,customer07157@example.test,Germany,2022-11-24,Standard,430.01
7158,Customer 07158,customer07158@example.test,United Kingdom,2023-11-29,Basic,8821.22
7159,Customer 07159,customer07159@example.test,United States,2024-09-11,Standard,214.26
7160,Customer 07160,customer07160@example.test,France,2021-08-17,Standard,4319.05
7161,Customer 07161,customer07161@example.test,Japan,2024-03-21,Premium,3538.53
7162,Customer 07162,customer07162@example.test,France,2020-03-15,Basic,2600.24
7163,Customer 07163,customer07163@example.test,Germany,2022-06-28,Standard,6209.03
7164,Customer 07164,customer07164@example.test,France,2022-11-08,Premium,283.63
7165,Customer 07165,customer07165@example.test,United Kingdom,2022-03-22,Basic,4614.06
7166,Customer 07166,customer07166@example.test,France,2023-09-25,Premium,8571.30
7167,Customer 07167,customer07167@example.test,United Kingdom,2022-04-08,Basic,8299.04
7168,Customer 07168,customer07168@example.test,Brazil,2024-12-22,Basic,9783.38
7169,Customer 07169,customer07169@example.test,Canada,2020-10-04,Basic,1923.19
7170,Customer 07170,customer07170@example.test,Japan,2022-05-11,Standard,9554.88
7171,Customer 07171,customer07171@example.test,Germany,2023-03-22,Premium,6441.49
7172,Customer 07172,customer07172@example.test,United States,2020-02-03,Standard,5327.65
7173,Customer 07173,customer07173@example.test,United States,2023-08-18,Standard,3450.83
7174,Customer 07174,customer07174@example.test,United States,2021-03-22,Standard,7091.02
7175,Customer 07175,customer07175@example.test,Australia,2023-05-09,Standard,4935.94
7176,Customer 07176,customer07176@example.test,France,2024-03-18,Basic,4348.54
7177,Customer 07177,customer07177@example.test,Germany,2021-02-22,Basic,8527.08
7178,Customer 07178,customer07178@example.test,United States,2020-12-12,Basic,6479.33
7179,Customer 07179,customer07179@example.test,United States,2024-11-13,Standard,4192.25
7180,Customer 07180,customer07180@example.test,India,2020-02-19,Basic,3383.26
7181,Customer 07181,customer07181@example.test,Australia,2024-10-03,Basic,6677.33
7182,Customer 07182,customer07182@example.test,Canada,2021-09-11,Premium,8686.77
7183,Customer 07183,customer07183@example.test,United Kingdom,2020-08-29,Premium,2751.06
7184,Customer 07184,customer07184@example.test,United States,2023-08-19,Standard,8021.54
7185,Customer 07185,customer07185@example.test,Brazil,2023-12-04,Basic,9063.03
7186,Customer 07186,customer07186@example.test,United Kingdom,2022-04-02,Premium,4269.11
7187,Customer 07187,customer07187@example.test,France,2022-03-11,Premium,8796.88
7188,Customer 07188,customer07188@example.test,Brazil,2020-05-05,Standard,8000.69
7189,Customer 07189,customer07189@example.test,Australia,2020-11-29,Standard,2009.67
7190,Customer 07190,customer07190@example.test,Canada,2024-07-16,Basic,8800.75
7191,Customer 07191,customer07191@example.test,Brazil,2023-06-14,Basic,5941.75
7192,Customer 07192,customer07192@example.test,United States,2024-07-29,Premium,5143.66
7193,Customer 07193,customer07193@example.test,United States,2020-09-02,Premium,4390.17
7194,Customer 07194,customer07194@example.test,India,2023-12-09,Premium,8101.45
7195,Customer 07195,customer07195@example.test,France,2024-07-05,Standard,948.30
7196,Customer 07196,customer07196@example.test,Australia,2022-07-26,Basic,4434.30
7197,Customer 07197,customer07197@example.test,Germany,2024-08-11,Basic,2751.61
7198,Customer 07198,customer07198@example.test,Japan,2020-12-17,Basic,3061.17
7199,Customer 07199,customer07199@example.test,Australia,2020-11-19,Premium,7528.39
7200,Customer 07200,customer07200@example.test,United States,2023-11-25,Basic,6971.65
7201,Customer 07201,customer07201@example.test,Brazil,2021-04-25,Basic,8085.38
7202,Customer 07202,customer07202@example.test,India,2021-05-01,Standard,7204.63
7203,Customer 07203,customer07203@example.test,Australia,2023-08-03,Premium,2959.88
7204,Customer 07204,customer07204@example.test,Japan,2022-01-04,Standard,280.85
7205,Customer 07205,customer07205@example.test,Canada,2022-02-18,Premium,6468.98
7206,Customer 07206,customer07206@example.test,United States,2021-11-27,Standard,1990.73
7207,Customer 07207,customer07207@example.test,India,2020-01-05,Standard,6367.56
7208,Customer 07208,customer07208@example.test,Canada,2022-12-22,Standard,2432.69
7209,Customer 07209,customer07209@example.test,United States,2023-02-23,Basic,8134.57
7210,Customer 07210,customer07210@example.test,France,2021-07-23,Premium,7312.50
7211,Customer 07211,customer07211@example.test,Brazil,2020-10-27,Standard,7598.81
7212,Customer 07212,customer07212@example.test,Brazil,2023-01-08,Standard,4943.78
7213,Customer 07213,customer07213@example.test,Australia,2022-10-25,Standard,6648.15
7214,Customer 07214,customer07214@example.test,Germany,2022-02-10,Basic,2325.67
7215,Customer 07215,customer07215@example.test,Brazil,2023-10-20,Standard,9259.22
7216,Customer 07216,customer07216@example.test,United States,2023-08-14,Basic,9056.52
7217,Customer 07217,customer07217@example.test,Australia,2024-03-27,Premium,3980.53
7218,Customer 07218,customer07218@example.test,Germany,2023-08-25,Basic,9657.46
7219,Customer 07219,customer07219@example.test,Canada,2024-01-20,Basic,5358.24
7220,Customer 07220,customer07220@example.test,India,2020-07-09,Premium,2094.14
7221,Customer 07221,customer07221@example.test,Australia,2022-07-08,Premium,4990.73
7222,Customer 07222,customer07222@example.test,Canada,2020-04-21,Standard,6614.53
7223,Customer 07223,customer07223@example.test,Australia,2021-09-03,Standard,9225.74
7224,Customer 07224,customer07224@example.test,France,2020-04-08,Premium,5381.05
7225,Customer 07225,customer07225@example.test,United States,2023-07-12,Premium,5427.23
7226,Customer 07226,customer07226@example.test,Brazil,2023-08-04,Standard,1670.73
7227,Customer 07227,customer07227@example.test,Canada,2022-04-03,Basic,1736.48
7228,Customer 07228,customer07228@example.test,Japan,2023-05-15,Basic,1822.98
7229,Customer 07229,customer07229@example.test,Germany,2023-08-26,Standard,8833.70
7230,Customer 07230,customer07230@example.test,India,2022-12-14,Premium,6925.98
7231,Customer 07231,customer07231@example.test,Australia,2024-10-08,Standard,1544.60
7232,Customer 07232,customer07232@example.test,United States,2022-11-23,Basic,6076.01
7233,Customer 07233,customer07233@example.test,Canada,2021-11-25,Basic,6782.67
7234,Customer 07234,customer07234@example.test,Germany,2022-08-14,Premium,789.17
7235,Customer 07235,customer07235@example.test,United States,2022-05-08,Premium,4435.29
7236,Customer 07236,customer07236@example.test,Brazil,2023-04-28,Basic,6289.78
7237,Customer 07237,customer07237@example.test,Japan,2024-12-16,Premium,1798.20
7238,Customer 07238,customer07238@example.test,United Kingdom,2024-06-26,Standard,4109.50
7239,Customer 07239,customer07239@example.test,Australia,2020-09-28,Basic,347.01
7240,Customer 07240,customer07240@example.test,Canada,2022-12-22,Premium,2517.71
7241,Customer 07241,customer07241@example.test,Brazil,2023-07-03,Standard,595.78
7242,Customer 07242,customer07242@example.test,Canada,2023-07-25,Standard,2040.72
7243,Customer 07243,customer07243@example.test,Germany,2023-10-09,Standard,2824.06
7244,Customer 07244,customer07244@example.test,India,2021-03-23,Basic,4000.16
7245,Customer 07245,customer07245@example.test,Canada,2023-07-14,Basic,2653.75
7246,Customer 07246,customer07246@example.test,United States,2021-11-15,Basic,8612.16
7247,Customer 07247,customer07247@example.test,United Kingdom,2024-11-27,Premium,851.68
7248,Customer 07248,customer07248@example.test,Australia,2020-12-31,Basic,7826.34
7249,Customer 07249,customer07249@example.test,Canada,2021-08-27,Standard,1701.90
7250,Customer 07250,customer07250@example.test,India,2023-09-08,Premium,4276.32
7251,Customer 07251,customer07251@example.test,Australia,2023-05-06,Basic,943.97
7252,Customer 07252,customer07252@example.test,France,2020-11-15,Standard,3819.24
7253,Customer 07253,customer07253@example.test,Australia,2021-05-24,Premium,5781.00
7254,Customer 07254,customer07254@example.test,United Kingdom,2021-06-29,Standard,8628.92
7255,Customer 07255,customer07255@example.test,Australia,2024-07-29,Premium,6396.78
7256,Customer 07256,customer07256@example.test,United Kingdom,2022-02-10,Premium,1382.64
7257,Customer 07257,customer07257@example.test,Germany,2024-03-24,Premium,3936.69
7258,Customer 07258,customer07258@example.test,Canada,2021-10-13,Basic,3233.16
7259,Customer 07259,customer07259@example.test,India,2020-03-27,Standard,2331.04
7260,Customer 07260,customer07260@example.test,Japan,2023-12-01,Standard,5255.80
7261,Customer 07261,customer07261@example.test,Brazil,2024-03-23,Basic,5586.69
7262,Customer 07262,customer07262@example.test,United Kingdom,2024-07-27,Standard,8167.19
7263,Customer 07263,customer07263@example.test,Australia,2021-07-24,Premium,9161.45
7264,Customer 07264,customer07264@example.test,Germany,2022-03-30,Basic,5733.44
7265,Customer 07265,customer07265@example.test,Brazil,2020-10-27,Standard,9167.47
7266,Customer 07266,customer07266@example.test,United Kingdom,2024-01-08,Standard,2608.53
7267,Customer 07267,customer07267@example.test,India,2022-11-26,Standard,9846.86
7268,Customer 07268,customer07268@example.test,Japan,2023-12-29,Standard,1596.66
7269,Customer 07269,customer07269@example.test,Canada,2021-02-08,Premium,4486.72
7270,Customer 07270,customer07270@example.test,Japan,2020-03-19,Standard,8459.88
7271,Customer 07271,customer07271@example.test,United States,2022-08-07,Standard,2974.85
7272,Customer 07272,customer07272@example.test,Brazil,2023-04-13,Premium,3909.43
7273,Customer 07273,customer07273@example.test,Germany,2023-04-05,Basic,8562.63
7274,Customer 07274,customer07274@example.test,Canada,2022-09-19,Premium,7848.53
7275,Customer 07275,customer07275@example.test,Germany,2020-04-13,Premium,6342.12
7276,Customer 07276,customer07276@example.test,Japan,2022-12-10,Premium,1738.38
7277,Customer 07277,customer07277@example.test,Canada,2022-04-21,Premium,4024.76
7278,Customer 07278,customer07278@example.test,Japan,2022-05-03,Premium,4757.44
7279,Customer 07279,customer07279@example.test,Japan,2023-03-11,Premium,1983.31
7280,Customer 07280,customer07280@example.test,Japan,2021-12-07,Basic,6186.68
7281,Customer 07281,customer07281@example.test,Canada,2024-12-27,Basic,9592.51
7282,Customer 07282,customer07282@example.test,United States,2024-02-18,Premium,2257.96
7283,Customer 07283,customer07283@example.test,United States,2021-10-18,Basic,5006.52
7284,Customer 07284,customer07284@example.test,Japan,2024-11-06,Basic,5397.73
7285,Customer 07285,customer07285@example.test,United Kingdom,2022-08-08,Standard,6405.90
7286,Customer 07286,customer07286@example.test,India,2021-01-18,Standard,129.57
7287,Customer 07287,customer07287@example.test,Brazil,2021-09-08,Premium,2671.84
7288,Customer 07288,customer07288@example.test,Canada,2022-12-11,Premium,5486.75
7289,Customer 07289,customer07289@example.test,Germany,2024-11-10,Basic,8525.95
7290,Customer 07290,customer07290@example.test,Brazil,2021-05-20,Standard,2098.64
7291,Customer 07291,customer07291@example.test,United States,2023-05-20,Basic,1988.09
7292,Customer 07292,customer07292@example.test,Brazil,2024-04-14,Premium,1321.77
7293,Customer 07293,customer07293@example.test,Australia,2022-04-04,Premium,46.33
7294,Customer 07294,customer07294@example.test,Germany,2020-05-16,Standard,520.83
7295,Customer 07295,customer07295@example.test,United Kingdom,2023-08-29,Standard,1539.24
7296,Customer 07296,customer07296@example.test,Brazil,2024-09-16,Standard,7771.95
7297,Customer 07297,customer07297@example.test,France,2023-08-28,Premium,9130.11
7298,Customer 07298,customer07298@example.test,Brazil,2021-08-05,Premium,3151.17
7299,Customer 07299,customer07299@example.test,Australia,2020-08-30,Premium,5416.79
7300,Customer 07300,customer07300@example.test,United Kingdom,2024-07-20,Standard,1597.04
7301,Customer 07301,customer07301@example.test,United States,2023-07-25,Standard,1388.26
7302,Customer 07302,customer07302@example.test,United States,2020-03-08,Standard,6757.31
7303,Customer 07303,customer07303@example.test,Japan,2021-11-01,Standard,1675.29
7304,Customer 07304,customer07304@example.test,Canada,2024-02-29,Standard,9527.26
7305,Customer 07305,customer07305@example.test,India,2020-01-24,Basic,7438.81
7306,Customer 07306,customer07306@example.test,Canada,2023-08-22,Premium,5437.81
7307,Customer 07307,customer07307@example.test,France,2021-01-09,Standard,8720.49
7308,Customer 07308,customer07308@example.test,Australia,2021-04-20,Basic,9777.84
7309,Customer 07309,customer07309@example.test,Japan,2022-09-19,Standard,6381.96
7310,Customer 07310,customer07310@example.test,Brazil,2024-06-27,Basic,9890.97
7311,Customer 07311,customer07311@example.test,United States,2021-06-18,Basic,4201.42
7312,Customer 07312,customer07312@example.test,United States,2020-09-13,Premium,6805.62
7313,Customer 07313,customer07313@example.test,India,2024-10-21,Standard,5598.85
7314,Customer 07314,customer07314@example.test,Australia,2020-09-26,Premium,4968.76
7315,Customer 07315,customer07315@example.test,India,2023-09-11,Premium,6584.50
7316,Customer 07316,customer07316@example.test,United Kingdom,2020-01-06,Basic,4283.34
7317,Customer 07317,customer07317@example.test,Brazil,2022-04-17,Basic,4515.30
7318,Customer 07318,customer07318@example.test,India,2023-03-17,Standard,1603.64
7319,Customer 07319,customer07319@example.test,Germany,2024-03-31,Premium,3246.60
7320,Customer 07320,customer07320@example.test,Germany,2021-05-22,Standard,2701.42
7321,Customer 07321,customer07321@example.test,Canada,2020-09-03,Standard,2364.94
7322,Customer 07322,customer07322@example.test,France,2020-05-28,Standard,6925.59
7323,Customer 07323,customer07323@example.test,India,2023-06-21,Standard,1016.41
7324,Customer 07324,customer07324@example.test,Australia,2020-01-27,Standard,5140.03
7325,Customer 07325,customer07325@example.test,France,2022-10-12,Basic,1777.94
7326,Customer 07326,customer07326@example.test,United Kingdom,2020-05-30,Standard,651.26
7327,Customer 07327,customer07327@example.test,Japan,2021-04-07,Premium,7943.69
7328,Customer 07328,customer07328@example.test,Canada,2023-03-24,Premium,1537.34
7329,Customer 07329,customer07329@example.test,India,2023-11-24,Basic,7803.61
7330,Customer 07330,customer07330@example.test,Brazil,2024-09-07,Basic,2079.07
7331,Customer 07331,customer07331@example.test,United Kingdom,2022-11-22,Premium,2201.66
7332,Customer 07332,customer07332@example.test,Australia,2022-07-30,Premium,3127.58
7333,Customer 07333,customer07333@example.test,Canada,2024-02-07,Standard,8931.60
7334,Customer 07334,customer07334@example.test,Germany,2021-09-27,Standard,3005.33
7335,Customer 07335,customer07335@example.test,Australia,2023-01-31,Standard,5173.48
7336,Customer 07336,customer07336@example.test,Australia,2022-06-02,Standard,7862.14
7337,Customer 07337,customer07337@example.test,Japan,2022-12-30,Premium,8120.87
7338,Customer 07338,customer07338@example.test,India,2021-04-06,Premium,9678.40
7339,Customer 07339,customer07339@example.test,Australia,2024-12-17,Basic,8775.95
7340,Customer 07340,customer07340@example.test,Japan,2022-08-21,Standard,799.18
7341,Customer 07341,customer07341@example.test,Brazil,2024-05-11,Standard,6604.71
7342,Customer 07342,customer07342@example.test,United States,2020-03-10,Standard,941.91
7343,Customer 07343,customer07343@example.test,France,2022-09-16,Basic,1745.44
7344,Customer 07344,customer07344@example.test,United States,2024-11-04,Basic,3639.74
7345,Customer 07345,customer07345@example.test,Germany,2020-06-09,Standard,4021.56
7346,Customer 07346,customer07346@example.test,Germany,2021-01-29,Premium,6344.07
7347,Customer 07347,customer07347@example.test,Brazil,2024-07-24,Basic,8333.93
7348,Customer 07348,customer07348@example.test,United States,2021-12-26,Premium,3610.38
7349,Customer 07349,customer07349@example.test,United States,2021-12-10,Basic,828.93
7350,Customer 07350,customer07350@example.test,Brazil,2024-02-01,Standard,9386.82
7351,Customer 07351,customer07351@example.test,United Kingdom,2024-09-06,Standard,2844.24
7352,Customer 07352,customer07352@example.test,Japan,2024-01-11,Basic,3835.11
7353,Customer 07353,customer07353@example.test,Brazil,2021-05-24,Standard,491.68
7354,Customer 07354,customer07354@example.test,United Kingdom,2023-08-17,Standard,28.23
7355,Customer 07355,customer07355@example.test,Germany,2020-04-13,Premium,6163.86
7356,Customer 07356,customer07356@example.test,Australia,2021-05-18,Basic,3266.12
7357,Customer 07357,customer07357@example.test,Germany,2021-10-15,Premium,5657.86
7358,Customer 07358,customer07358@example.test,Australia,2021-07-19,Premium,6335.56
7359,Customer 07359,customer07359@example.test,United States,2024-06-02,Premium,1868.67
7360,Customer 07360,customer07360@example.test,United States,2020-06-15,Premium,7140.51
7361,Customer 07361,customer07361@example.test,Japan,2021-03-04,Standard,8062.97
7362,Customer 07362,customer07362@example.test,Australia,2020-11-24,Premium,5386.97
7363,Customer 07363,customer07363@example.test,United States,2022-01-31,Basic,4187.38
7364,Customer 07364,customer07364@example.test,Germany,2023-11-02,Basic,7270.54
7365,Customer 07365,customer07365@example.test,Australia,2024-03-03,Basic,4664.23
7366,Customer 07366,customer07366@example.test,United States,2022-12-29,Premium,1589.13
7367,Customer 07367,customer07367@example.test,India,2022-03-13,Premium,6376.18
7368,Customer 07368,customer07368@example.test,India,2023-11-30,Premium,9450.76
7369,Customer 07369,customer07369@example.test,Germany,2022-02-21,Basic,4585.73
7370,Customer 07370,customer07370@example.test,France,2023-12-23,Premium,7574.64
7371,Customer 07371,customer07371@example.test,India,2021-04-29,Basic,4378.05
7372,Customer 07372,customer07372@example.test,France,2020-09-27,Premium,9778.39
7373,Customer 07373,customer07373@example.test,United Kingdom,2021-01-23,Standard,2764.54
7374,Customer 07374,customer07374@example.test,Australia,2024-10-06,Basic,9519.84
7375,Customer 07375,customer07375@example.test,Australia,2022-11-04,Standard,5110.57
7376,Customer 07376,customer07376@example.test,United States,2020-03-28,Basic,6345.13
7377,Customer 07377,customer07377@example.test,United Kingdom,2023-02-17,Premium,6255.60
7378,Customer 07378,customer07378@example.test,Australia,2020-12-10,Basic,7504.01
7379,Customer 07379,customer07379@example.test,Brazil,2020-08-28,Basic,8798.55
7380,Customer 07380,customer07380@example.test,Germany,2024-01-20,Premium,826.91
7381,Customer 07381,customer07381@example.test,France,2020-07-07,Basic,8977.47
7382,Customer 07382,customer07382@example.test,Japan,2020-10-24,Standard,1051.30
7383,Customer 07383,customer07383@example.test,India,2020-07-16,Basic,2890.68
7384,Customer 07384,customer07384@example.test,India,2023-02-07,Basic,493.30
7385,Customer 07385,customer07385@example.test,Canada,2021-12-03,Standard,2526.74
7386,Customer 07386,customer07386@example.test,Brazil,2021-01-16,Premium,6228.53
7387,Customer 07387,customer07387@example.test,Japan,2023-09-05,Premium,3096.11
7388,Customer 07388,customer07388@example.test,Canada,2022-07-20,Premium,189.68
7389,Customer 07389,customer07389@example.test,France,2021-10-04,Basic,9489.44
7390,Customer 07390,customer07390@example.test,Australia,2022-08-21,Standard,5005.97
7391,Customer 07391,customer07391@example.test,India,2021-07-12,Basic,2920.45
7392,Customer 07392,customer07392@example.test,United Kingdom,2021-08-29,Basic,7321.40
7393,Customer 07393,customer07393@example.test,Australia,2024-06-05,Basic,7118.74
7394,Customer 07394,customer07394@example.test,Canada,2024-12-31,Basic,9388.94
7395,Customer 07395,customer07395@example.test,Brazil,2021-02-06,Standard,7871.81
7396,Customer 07396,customer07396@example.test,Germany,2020-05-10,Standard,7821.30
7397,Customer 07397,customer07397@example.test,India,2020-05-30,Basic,2557.27
7398,Customer 07398,customer07398@example.test,Germany,2023-03-26,Standard,9189.71
7399,Customer 07399,customer07399@example.test,United Kingdom,2024-06-11,Standard,4280.01
7400,Customer 07400,customer07400@example.test,Japan,2020-09-27,Premium,2602.53
7401,Customer 07401,customer07401@example.test,Japan,2021-10-31,Premium,3809.49
7402,Customer 07402,customer07402@example.test,Australia,2021-04-20,Premium,7854.25
7403,Customer 07403,customer07403@example.test,Brazil,2022-02-26,Basic,5605.90
7404,Customer 07404,customer07404@example.test,Australia,2021-09-08,Premium,3921.36
7405,Customer 07405,customer07405@example.test,United States,2022-09-22,Standard,62.26
7406,Customer 07406,customer07406@example.test,Japan,2021-03-18,Basic,4207.77
7407,Customer 07407,customer07407@example.test,India,2020-04-09,Premium,4124.79
7408,Customer 07408,customer07408@example.test,Australia,2021-04-29,Standard,4150.36
7409,Customer 07409,customer07409@example.test,Japan,2021-05-03,Premium,3889.84
7410,Customer 07410,customer07410@example.test,Canada,2020-03-31,Basic,5566.90
7411,Customer 07411,customer07411@example.test,Brazil,2024-12-21,Basic,6640.49
7412,Customer 07412,customer07412@example.test,Germany,2022-05-28,Premium,6541.48
7413,Customer 07413,customer07413@example.test,Brazil,2023-01-21,Premium,9013.36
7414,Customer 07414,customer07414@example.test,Australia,2021-03-19,Basic,1240.10
7415,Customer 07415,customer07415@example.test,Australia,2020-12-03,Basic,2487.82
7416,Customer 07416,customer07416@example.test,Australia,2023-08-01,Premium,3825.58
7417,Customer 07417,customer07417@example.test,Australia,2020-10-04,Basic,2750.33
7418,Customer 07418,customer07418@example.test,Canada,2021-11-25,Basic,2097.47
7419,Customer 07419,customer07419@example.test,United Kingdom,2024-04-20,Standard,5960.35
7420,Customer 07420,customer07420@example.test,India,2022-08-15,Premium,8991.20
7421,Customer 07421,customer07421@example.test,Canada,2020-08-17,Standard,436.83
7422,Customer 07422,customer07422@example.test,United States,2020-04-11,Standard,450.86
7423,Customer 07423,customer07423@example.test,United Kingdom,2020-09-29,Standard,9617.86
7424,Customer 07424,customer07424@example.test,United Kingdom,2024-07-26,Standard,6937.23
7425,Customer 07425,customer07425@example.test,Germany,2021-10-20,Standard,6607.75
7426,Customer 07426,customer07426@example.test,Canada,2023-04-24,Premium,3345.19
7427,Customer 07427,customer07427@example.test,United States,2021-08-08,Basic,2951.90
7428,Customer 07428,customer07428@example.test,Germany,2023-11-21,Standard,2360.64
7429,Customer 07429,customer07429@example.test,Brazil,2022-11-18,Premium,5845.16
7430,Customer 07430,customer07430@example.test,United States,2020-02-03,Premium,7532.61
7431,Customer 07431,customer07431@example.test,Japan,2023-01-27,Standard,6598.16
7432,Customer 07432,customer07432@example.test,United States,2021-12-18,Premium,2971.59
7433,Customer 07433,customer07433@example.test,Germany,2024-12-20,Standard,4174.76
7434,Customer 07434,customer07434@example.test,Canada,2022-04-11,Premium,6261.23
7435,Customer 07435,customer07435@example.test,India,2024-06-14,Premium,1293.39
7436,Customer 07436,customer07436@example.test,United Kingdom,2022-10-07,Premium,3301.93
7437,Customer 07437,customer07437@example.test,Japan,2023-12-03,Standard,126.58
7438,Customer 07438,customer07438@example.test,Japan,2021-04-25,Premium,8502.48
7439,Customer 07439,customer07439@example.test,Canada,2022-05-10,Standard,5680.77
7440,Customer 07440,customer07440@example.test,Australia,2022-05-16,Standard,109.94
7441,Customer 07441,customer07441@example.test,United Kingdom,2021-08-29,Basic,1617.56
7442,Customer 07442,customer07442@example.test,Japan,2024-03-31,Standard,168.14
7443,Customer 07443,customer07443@example.test,France,2020-09-25,Standard,8386.26
7444,Customer 07444,customer07444@example.test,India,2020-05-08,Basic,3829.04
7445,Customer 07445,customer07445@example.test,Brazil,2020-02-25,Standard,2087.16
7446,Customer 07446,customer07446@example.test,Australia,2023-10-26,Premium,4626.51
7447,Customer 07447,customer07447@example.test,Brazil,2021-04-16,Standard,5211.95
7448,Customer 07448,customer07448@example.test,Brazil,2024-07-14,Standard,4438.06
7449,Customer 07449,customer07449@example.test,India,2020-04-20,Basic,4614.12
7450,Customer 07450,customer07450@example.test,Australia,2023-03-17,Standard,1352.12
7451,Customer 07451,customer07451@example.test,Germany,2021-01-02,Standard,786.99
7452,Customer 07452,customer07452@example.test,France,2021-03-04,Basic,3422.52
7453,Customer 07453,customer07453@example.test,United Kingdom,2021-09-21,Basic,2782.37
7454,Customer 07454,customer07454@example.test,Japan,2020-04-25,Standard,7674.76
7455,Customer 07455,customer07455@example.test,India,2024-03-06,Premium,1017.89
7456,Customer 07456,customer07456@example.test,India,2023-10-24,Basic,9845.80
7457,Customer 07457,customer07457@example.test,Australia,2022-08-15,Standard,7577.86
7458,Customer 07458,customer07458@example.test,Brazil,2022-07-31,Basic,9789.25
7459,Customer 07459,customer07459@example.test,Brazil,2024-02-14,Basic,9776.98
7460,Customer 07460,customer07460@example.test,United States,2022-12-10,Standard,4558.44
7461,Customer 07461,customer07461@example.test,Germany,2024-03-02,Basic,4242.70
7462,Customer 07462,customer07462@example.test,France,2023-04-04,Standard,3461.32
7463,Customer 07463,customer07463@example.test,Brazil,2022-03-06,Basic,2464.69
7464,Customer 07464,customer07464@example.test,India,2021-02-02,Basic,6367.72
7465,Customer 07465,customer07465@example.test,Germany,2022-10-10,Basic,7031.25
7466,Customer 07466,customer07466@example.test,United Kingdom,2023-02-19,Standard,5735.06
7467,Customer 07467,customer07467@example.test,India,2020-01-15,Basic,4914.75
7468,Customer 07468,customer07468@example.test,Canada,2020-04-10,Premium,7823.34
7469,Customer 07469,customer07469@example.test,United Kingdom,2023-11-22,Standard,8402.12
7470,Customer 07470,customer07470@example.test,Brazil,2024-02-06,Basic,2782.49
7471,Customer 07471,customer07471@example.test,Australia,2021-05-15,Basic,1051.31
7472,Customer 07472,customer07472@example.test,Canada,2023-02-28,Premium,267.73
7473,Customer 07473,customer07473@example.test,India,2023-05-20,Standard,5126.16
7474,Customer 07474,customer07474@example.test,France,2021-05-10,Premium,8916.13
7475,Customer 07475,customer07475@example.test,Canada,2024-07-31,Basic,7407.85
7476,Customer 07476,customer07476@example.test,United Kingdom,2023-05-21,Premium,8243.21
7477,Customer 07477,customer07477@example.test,Canada,2023-10-29,Premium,5929.93
7478,Customer 07478,customer07478@example.test,Japan,2024-10-28,Standard,2716.61
7479,Customer 07479,customer07479@example.test,Canada,2020-03-22,Basic,9663.25
7480,Customer 07480,customer07480@example.test,India,2020-09-30,Premium,8001.54
7481,Customer 07481,customer07481@example.test,Japan,2020-12-01,Standard,3943.29
7482,Customer 07482,customer07482@example.test,Canada,2023-06-18,Standard,1733.69
7483,Customer 07483,customer07483@example.test,United Kingdom,2022-06-18,Premium,6521.61
7484,Customer 07484,customer07484@example.test,Canada,2023-12-23,Premium,7559.49
7485,Customer 07485,customer07485@example.test,India,2022-12-31,Basic,1475.25
7486,Customer 07486,customer07486@example.test,Canada,2020-04-05,Premium,7193.34
7487,Customer 07487,customer07487@example.test,Australia,2021-01-08,Basic,984.83
7488,Customer 07488,customer07488@example.test,Australia,2021-05-29,Premium,4438.41
7489,Customer 07489,customer07489@example.test,France,2023-06-17,Premium,7981.18
7490,Customer 07490,customer07490@example.test,Canada,2024-06-23,Basic,2924.48
7491,Customer 07491,customer07491@example.test,Canada,2021-08-23,Premium,3113.45
7492,Customer 07492,customer07492@example.test,Brazil,2022-10-10,Basic,6196.97
7493,Customer 07493,customer07493@example.test,Canada,2022-12-11,Basic,95.34
7494,Customer 07494,customer07494@example.test,United Kingdom,2024-06-25,Standard,8597.04
7495,Customer 07495,customer07495@example.test,Brazil,2021-10-19,Standard,8836.78
7496,Customer 07496,customer07496@example.test,India,2021-07-04,Premium,9402.57
7497,Customer 07497,customer07497@example.test,Australia,2022-03-07,Standard,3393.27
7498,Customer 07498,customer07498@example.test,Brazil,2022-06-12,Premium,5778.85
7499,Customer 07499,customer07499@example.test,Brazil,2021-03-28,Premium,39.63
7500,Customer 07500,customer07500@example.test,Japan,2024-01-07,Standard,2577.97
7501,Customer 07501,customer07501@example.test,Canada,2021-03-13,Premium,8110.28
7502,Customer 07502,customer07502@example.test,Japan,2024-04-02,Basic,7599.09
7503,Customer 07503,customer07503@example.test,Canada,2024-05-14,Premium,5166.99
7504,Customer 07504,customer07504@example.test,United Kingdom,2022-07-09,Standard,2289.50
7505,Customer 07505,customer07505@example.test,Brazil,2021-02-21,Standard,9297.75
7506,Customer 07506,customer07506@example.test,United States,2024-01-26,Basic,354.10
7507,Customer 07507,customer07507@example.test,Japan,2022-03-26,Standard,7655.79
7508,Customer 07508,customer07508@example.test,Australia,2022-09-06,Standard,36.16
7509,Customer 07509,customer07509@example.test,United States,2021-02-28,Standard,549.03
7510,Customer 07510,customer07510@example.test,Japan,2021-05-02,Premium,3513.33
7511,Customer 07511,customer07511@example.test,India,2023-06-12,Premium,6542.11
7512,Customer 07512,customer07512@example.test,Germany,2022-10-28,Premium,6607.85
7513,Customer 07513,customer07513@example.test,Brazil,2021-08-12,Basic,8641.22
7514,Customer 07514,customer07514@example.test,United Kingdom,2020-03-17,Basic,3119.63
7515,Customer 07515,customer07515@example.test,Australia,2024-01-30,Premium,9414.18
7516,Customer 07516,customer07516@example.test,Germany,2022-10-12,Premium,7082.05
7517,Customer 07517,customer07517@example.test,Japan,2023-08-20,Standard,8194.63
7518,Customer 07518,customer07518@example.test,India,2024-04-02,Basic,1751.16
7519,Customer 07519,customer07519@example.test,United Kingdom,2022-05-26,Standard,1444.09
7520,Customer 07520,customer07520@example.test,Australia,2022-01-30,Standard,8707.44
7521,Customer 07521,customer07521@example.test,Australia,2020-11-23,Premium,2570.16
7522,Customer 07522,customer07522@example.test,Japan,2023-12-18,Premium,8439.46
7523,Customer 07523,customer07523@example.test,India,2022-11-07,Basic,8880.90
7524,Customer 07524,customer07524@example.test,Japan,2024-06-13,Standard,9918.10
7525,Customer 07525,customer07525@example.test,Brazil,2022-04-23,Standard,6015.43
7526,Customer 07526,customer07526@example.test,Germany,2022-07-06,Standard,6239.15
7527,Customer 07527,customer07527@example.test,France,2022-09-21,Premium,5481.10
7528,Customer 07528,customer07528@example.test,United Kingdom,2021-03-21,Basic,6022.13
7529,Customer 07529,customer07529@example.test,United States,2024-09-13,Basic,2912.90
7530,Customer 07530,customer07530@example.test,Brazil,2024-09-20,Standard,6278.26
7531,Customer 07531,customer07531@example.test,United States,2023-12-17,Standard,360.51
7532,Customer 07532,customer07532@example.test,India,2023-04-21,Standard,148.96
7533,Customer 07533,customer07533@example.test,Germany,2024-11-10,Basic,7363.10
7534,Customer 07534,customer07534@example.test,France,2024-06-27,Premium,8635.50
7535,Customer 07535,customer07535@example.test,Japan,2022-05-03,Standard,2269.93
7536,Customer 07536,customer07536@example.test,Canada,2020-09-18,Basic,2332.36
7537,Customer 07537,customer07537@example.test,Germany,2023-04-24,Standard,1063.56
7538,Customer 07538,customer07538@example.test,Brazil,2020-09-24,Premium,7535.07
7539,Customer 07539,customer07539@example.test,United States,2023-01-27,Basic,782.55
7540,Customer 07540,customer07540@example.test,Brazil,2023-09-14,Standard,6458.36
7541,Customer 07541,customer07541@example.test,United States,2021-08-13,Standard,2390.52
7542,Customer 07542,customer07542@example.test,Australia,2021-05-30,Premium,7337.96
7543,Customer 07543,customer07543@example.test,Canada,2020-05-29,Basic,4723.10
7544,Customer 07544,customer07544@example.test,Canada,2022-06-13,Premium,9538.04
7545,Customer 07545,customer07545@example.test,United States,2021-01-30,Basic,9598.87
7546,Customer 07546,customer07546@example.test,United Kingdom,2021-09-14,Standard,1810.10
7547,Customer 07547,customer07547@example.test,Canada,2024-08-20,Standard,4170.09
7548,Customer 07548,customer07548@example.test,United Kingdom,2024-01-04,Basic,5284.98
7549,Customer 07549,customer07549@example.test,United Kingdom,2023-11-26,Premium,8884.00
7550,Customer 07550,customer07550@example.test,United States,2022-11-17,Basic,1482.09
7551,Customer 07551,customer07551@example.test,France,2020-09-20,Standard,5514.03
7552,Customer 07552,customer07552@example.test,United States,2023-08-09,Basic,5065.44
7553,Customer 07553,customer07553@example.test,India,2020-04-28,Basic,5732.09
7554,Customer 07554,customer07554@example.test,Germany,2024-10-02,Premium,4067.77
7555,Customer 07555,customer07555@example.test,Australia,2022-12-05,Standard,7314.11
7556,Customer 07556,customer07556@example.test,France,2020-06-06,Basic,7584.73
7557,Customer 07557,customer07557@example.test,India,2021-06-07,Standard,3208.09
7558,Customer 07558,customer07558@example.test,United States,2022-08-15,Standard,4104.28
7559,Customer 07559,customer07559@example.test,India,2020-02-20,Basic,4491.90
7560,Customer 07560,customer07560@example.test,United Kingdom,2023-11-07,Basic,2824.22
7561,Customer 07561,customer07561@example.test,Japan,2023-03-07,Premium,9265.15
7562,Customer 07562,customer07562@example.test,United States,2023-10-21,Premium,38.87
7563,Customer 07563,customer07563@example.test,United Kingdom,2024-10-19,Premium,2111.10
7564,Customer 07564,customer07564@example.test,Brazil,2022-03-19,Premium,8801.85
7565,Customer 07565,customer07565@example.test,Australia,2023-01-17,Basic,9228.06
7566,Customer 07566,customer07566@example.test,Japan,2020-10-15,Premium,4028.53
7567,Customer 07567,customer07567@example.test,Canada,2022-03-31,Premium,1037.63
7568,Customer 07568,customer07568@example.test,India,2022-05-07,Standard,9446.28
7569,Customer 07569,customer07569@example.test,United Kingdom,2021-10-14,Basic,5311.74
7570,Customer 07570,customer07570@example.test,Germany,2022-04-12,Standard,5235.14
7571,Customer 07571,customer07571@example.test,United States,2023-09-24,Standard,3381.38
7572,Customer 07572,customer07572@example.test,India,2021-11-02,Standard,3691.66
7573,Customer 07573,customer07573@example.test,Canada,2020-07-23,Standard,4931.03
7574,Customer 07574,customer07574@example.test,Germany,2022-06-01,Premium,71.81
7575,Customer 07575,customer07575@example.test,Japan,2020-04-17,Basic,4680.95
7576,Customer 07576,customer07576@example.test,United States,2021-11-22,Standard,8476.23
7577,Customer 07577,customer07577@example.test,Canada,2022-12-23,Standard,7164.85
7578,Customer 07578,customer07578@example.test,India,2020-04-27,Premium,4348.68
7579,Customer 07579,customer07579@example.test,India,2022-02-22,Standard,3408.87
7580,Customer 07580,customer07580@example.test,Canada,2020-08-06,Premium,9350.92
7581,Customer 07581,customer07581@example.test,Germany,2021-06-09,Standard,720.48
7582,Customer 07582,customer07582@example.test,United States,2024-04-25,Basic,6413.32
7583,Customer 07583,customer07583@example.test,Germany,2022-08-25,Premium,1507.01
7584,Customer 07584,customer07584@example.test,France,2024-06-29,Premium,5549.94
7585,Customer 07585,customer07585@example.test,United States,2022-04-12,Standard,178.13
7586,Customer 07586,customer07586@example.test,France,2022-11-15,Standard,8604.42
7587,Customer 07587,customer07587@example.test,Australia,2022-08-20,Basic,666.08
7588,Customer 07588,customer07588@example.test,Australia,2022-07-15,Premium,4280.38
7589,Customer 07589,customer07589@example.test,Australia,2021-02-01,Basic,3127.89
7590,Customer 07590,customer07590@example.test,Germany,2024-07-16,Premium,9608.17
7591,Customer 07591,customer07591@example.test,United States,2021-03-10,Basic,4311.87
7592,Customer 07592,customer07592@example.test,Canada,2020-05-04,Premium,8360.43
7593,Customer 07593,customer07593@example.test,India,2023-11-21,Basic,508.67
7594,Customer 07594,customer07594@example.test,United States,2023-01-12,Premium,318.73
7595,Customer 07595,customer07595@example.test,Germany,2023-05-31,Basic,725.22
7596,Customer 07596,customer07596@example.test,Germany,2021-03-11,Basic,6064.82
7597,Customer 07597,customer07597@example.test,Japan,2020-01-25,Basic,694.29
7598,Customer 07598,customer07598@example.test,United Kingdom,2024-08-13,Basic,5083.40
7599,Customer 07599,customer07599@example.test,United Kingdom,2024-11-12,Premium,8815.37
7600,Customer 07600,customer07600@example.test,India,2021-07-12,Premium,5822.09
7601,Customer 07601,customer07601@example.test,Brazil,2021-07-04,Premium,3801.91
7602,Customer 07602,customer07602@example.test,Germany,2022-03-08,Basic,138.22
7603,Customer 07603,customer07603@example.test,India,2021-09-03,Premium,4865.79
7604,Customer 07604,customer07604@example.test,India,2021-02-23,Standard,7883.11
7605,Customer 07605,customer07605@example.test,United Kingdom,2023-11-16,Standard,5341.85
7606,Customer 07606,customer07606@example.test,India,2020-01-30,Standard,6713.19
7607,Customer 07607,customer07607@example.test,France,2023-08-01,Basic,2634.17
7608,Customer 07608,customer07608@example.test,Australia,2023-10-18,Standard,6128.69
7609,Customer 07609,customer07609@example.test,United States,2024-08-23,Premium,1471.73
7610,Customer 07610,customer07610@example.test,Japan,2023-09-09,Premium,1767.75
7611,Customer 07611,customer07611@example.test,Germany,2024-01-08,Standard,1542.86
7612,Customer 07612,customer07612@example.test,Australia,2023-08-25,Premium,943.96
7613,Customer 07613,customer07613@example.test,United States,2021-12-25,Basic,7997.55
7614,Customer 07614,customer07614@example.test,India,2020-10-13,Basic,2939.85
7615,Customer 07615,customer07615@example.test,Australia,2023-06-04,Standard,2004.98
7616,Customer 07616,customer07616@example.test,Germany,2024-09-25,Premium,428.54
7617,Customer 07617,customer07617@example.test,Brazil,2021-04-10,Basic,7802.47
7618,Customer 07618,customer07618@example.test,United Kingdom,2022-06-20,Standard,2995.81
7619,Customer 07619,customer07619@example.test,Japan,2022-12-26,Standard,3801.86
7620,Customer 07620,customer07620@example.test,India,2023-06-02,Premium,6881.86
7621,Customer 07621,customer07621@example.test,Brazil,2021-09-24,Basic,9430.41
7622,Customer 07622,customer07622@example.test,Germany,2022-05-21,Basic,5480.70
7623,Customer 07623,customer07623@example.test,Canada,2024-01-17,Premium,38.72
7624,Customer 07624,customer07624@example.test,United States,2022-10-22,Basic,1354.09
7625,Customer 07625,customer07625@example.test,India,2024-09-14,Basic,5452.59
7626,Customer 07626,customer07626@example.test,Japan,2024-11-24,Basic,5392.85
7627,Customer 07627,customer07627@example.test,Germany,2024-07-08,Premium,5982.66
7628,Customer 07628,customer07628@example.test,Canada,2022-05-10,Premium,6781.17
7629,Customer 07629,customer07629@example.test,France,2024-04-18,Premium,9348.05
7630,Customer 07630,customer07630@example.test,Australia,2022-05-29,Basic,6740.50
7631,Customer 07631,customer07631@example.test,United States,2022-01-08,Standard,7512.32
7632,Customer 07632,customer07632@example.test,Germany,2023-06-29,Premium,4815.54
7633,Customer 07633,customer07633@example.test,United Kingdom,2022-05-10,Standard,9731.74
7634,Customer 07634,customer07634@example.test,France,2022-11-23,Premium,8905.62
7635,Customer 07635,customer07635@example.test,France,2022-06-27,Basic,26.08
7636,Customer 07636,customer07636@example.test,Japan,2022-02-25,Premium,8843.94
7637,Customer 07637,customer07637@example.test,France,2023-04-24,Basic,6734.39
7638,Customer 07638,customer07638@example.test,Brazil,2023-10-27,Standard,967.54
7639,Customer 07639,customer07639@example.test,United States,2024-07-20,Premium,4915.08
7640,Customer 07640,customer07640@example.test,United States,2023-01-12,Premium,3092.26
7641,Customer 07641,customer07641@example.test,Canada,2024-05-14,Standard,8633.22
7642,Customer 07642,customer07642@example.test,India,2022-01-10,Basic,3275.84
7643,Customer 07643,customer07643@example.test,United States,2022-04-28,Basic,8765.83
7644,Customer 07644,customer07644@example.test,Japan,2020-02-17,Premium,2470.09
7645,Customer 07645,customer07645@example.test,United Kingdom,2020-09-30,Basic,1514.26
7646,Customer 07646,customer07646@example.test,United Kingdom,2021-03-26,Premium,4721.84
7647,Customer 07647,customer07647@example.test,United States,2023-07-03,Basic,282.85
7648,Customer 07648,customer07648@example.test,Canada,2020-11-06,Premium,4944.31
7649,Customer 07649,customer07649@example.test,Australia,2023-10-23,Premium,7428.42
7650,Customer 07650,customer07650@example.test,Japan,2024-07-22,Standard,8639.44
7651,Customer 07651,customer07651@example.test,United States,2021-07-12,Basic,6687.42
7652,Customer 07652,customer07652@example.test,Australia,2022-07-06,Basic,9317.35
7653,Customer 07653,customer07653@example.test,Germany,2023-02-04,Standard,4683.23
7654,Customer 07654,customer07654@example.test,India,2023-04-04,Basic,2720.95
7655,Customer 07655,customer07655@example.test,United Kingdom,2020-05-24,Standard,5205.12
7656,Customer 07656,customer07656@example.test,India,2021-10-04,Premium,6221.70
7657,Customer 07657,customer07657@example.test,Brazil,2022-12-10,Basic,5670.56
7658,Customer 07658,customer07658@example.test,Australia,2023-07-02,Standard,7853.27
7659,Customer 07659,customer07659@example.test,United Kingdom,2021-03-06,Basic,695.29
7660,Customer 07660,customer07660@example.test,Brazil,2021-12-23,Standard,5181.14
7661,Customer 07661,customer07661@example.test,Australia,2023-05-18,Basic,6092.55
7662,Customer 07662,customer07662@example.test,India,2021-09-11,Basic,6380.84
7663,Customer 07663,customer07663@example.test,Japan,2024-04-09,Premium,4246.59
7664,Customer 07664,customer07664@example.test,United States,2024-08-20,Premium,5300.84
7665,Customer 07665,customer07665@example.test,United States,2021-06-23,Basic,4648.27
7666,Customer 07666,customer07666@example.test,France,2022-04-21,Basic,239.64
7667,Customer 07667,customer07667@example.test,Canada,2024-10-29,Premium,7185.34
7668,Customer 07668,customer07668@example.test,Japan,2022-09-07,Premium,1582.69
7669,Customer 07669,customer07669@example.test,Japan,2021-05-02,Basic,1140.58
7670,Customer 07670,customer07670@example.test,Brazil,2021-01-04,Basic,8245.49
7671,Customer 07671,customer07671@example.test,Australia,2023-09-29,Basic,8910.00
7672,Customer 07672,customer07672@example.test,Brazil,2021-11-14,Basic,9211.67
7673,Customer 07673,customer07673@example.test,United States,2024-07-11,Premium,1622.00
7674,Customer 07674,customer07674@example.test,United States,2023-03-07,Basic,6748.37
7675,Customer 07675,customer07675@example.test,Brazil,2022-03-03,Basic,8042.74
7676,Customer 07676,customer07676@example.test,Australia,2020-10-01,Basic,8677.17
7677,Customer 07677,customer07677@example.test,Australia,2022-09-27,Standard,4068.72
7678,Customer 07678,customer07678@example.test,Australia,2024-01-04,Premium,493.62
7679,Customer 07679,customer07679@example.test,Canada,2022-07-20,Premium,5044.15
7680,Customer 07680,customer07680@example.test,Canada,2024-05-15,Basic,5817.88
7681,Customer 07681,customer07681@example.test,Japan,2020-10-21,Basic,6361.66
7682,Customer 07682,customer07682@example.test,France,2021-04-18,Standard,9492.64
7683,Customer 07683,customer07683@example.test,United States,2023-12-17,Basic,9748.57
7684,Customer 07684,customer07684@example.test,Japan,2024-10-05,Basic,3185.44
7685,Customer 07685,customer07685@example.test,United Kingdom,2023-05-29,Premium,2543.95
7686,Customer 07686,customer07686@example.test,India,2024-01-01,Premium,4411.60
7687,Customer 07687,customer07687@example.test,India,2022-10-02,Standard,5358.56
7688,Customer 07688,customer07688@example.test,Japan,2023-06-11,Basic,8209.72
7689,Customer 07689,customer07689@example.test,France,2024-02-03,Premium,3547.53
7690,Customer 07690,customer07690@example.test,United Kingdom,2021-12-26,Premium,8392.44
7691,Customer 07691,customer07691@example.test,United Kingdom,2022-09-24,Premium,7756.68
7692,Customer 07692,customer07692@example.test,Canada,2020-07-26,Basic,9424.57
7693,Customer 07693,customer07693@example.test,France,2024-12-06,Premium,3385.90
7694,Customer 07694,customer07694@example.test,India,2021-11-05,Basic,447.82
7695,Customer 07695,customer07695@example.test,India,2023-10-27,Standard,7089.62
7696,Customer 07696,customer07696@example.test,India,2020-03-08,Premium,6749.76
7697,Customer 07697,customer07697@example.test,United States,2020-07-10,Standard,6478.80
7698,Customer 07698,customer07698@example.test,France,2023-05-20,Basic,2871.50
7699,Customer 07699,customer07699@example.test,Germany,2023-12-26,Standard,468.84
7700,Customer 07700,customer07700@example.test,India,2021-09-29,Basic,5634.99
7701,Customer 07701,customer07701@example.test,Brazil,2021-03-04,Premium,3264.88
7702,Customer 07702,customer07702@example.test,Germany,2020-05-10,Standard,9971.68
7703,Customer 07703,customer07703@example.test,Brazil,2020-04-15,Premium,9816.86
7704,Customer 07704,customer07704@example.test,India,2021-04-09,Premium,2080.92
7705,Customer 07705,customer07705@example.test,United States,2022-03-31,Standard,1193.60
7706,Customer 07706,customer07706@example.test,Japan,2021-10-26,Basic,6309.70
7707,Customer 07707,customer07707@example.test,Australia,2020-06-01,Basic,6699.03
7708,Customer 07708,customer07708@example.test,United Kingdom,2022-06-15,Basic,4680.93
7709,Customer 07709,customer07709@example.test,Australia,2023-01-06,Premium,2433.96
7710,Customer 07710,customer07710@example.test,Germany,2023-08-01,Basic,2799.79
7711,Customer 07711,customer07711@example.test,Japan,2022-01-01,Basic,3061.02
7712,Customer 07712,customer07712@example.test,Japan,2021-06-23,Standard,6024.12
7713,Customer 07713,customer07713@example.test,Germany,2024-07-17,Premium,9594.25
7714,Customer 07714,customer07714@example.test,France,2024-04-08,Standard,7608.77
7715,Customer 07715,customer07715@example.test,Japan,2024-10-19,Standard,8539.63
7716,Customer 07716,customer07716@example.test,Brazil,2020-02-14,Standard,2285.15
7717,Customer 07717,customer07717@example.test,India,2020-10-02,Standard,2292.49
7718,Customer 07718,customer07718@example.test,United Kingdom,2024-04-02,Basic,6940.57
7719,Customer 07719,customer07719@example.test,Brazil,2021-03-02,Standard,6105.77
7720,Customer 07720,customer07720@example.test,India,2022-10-17,Standard,7407.33
7721,Customer 07721,customer07721@example.test,Canada,2020-11-24,Basic,4605.15
7722,Customer 07722,customer07722@example.test,Brazil,2021-04-23,Basic,4126.17
7723,Customer 07723,customer07723@example.test,France,2023-02-19,Basic,395.79
7724,Customer 07724,customer07724@example.test,Brazil,2020-10-06,Standard,5863.74
7725,Customer 07725,customer07725@example.test,Germany,2022-01-24,Basic,1716.28
7726,Customer 07726,customer07726@example.test,France,2024-08-09,Premium,1835.53
7727,Customer 07727,customer07727@example.test,Brazil,2021-09-06,Standard,8960.46
7728,Customer 07728,customer07728@example.test,India,2024-02-17,Premium,5767.06
7729,Customer 07729,customer07729@example.test,Germany,2021-12-11,Basic,2594.58
7730,Customer 07730,customer07730@example.test,Japan,2023-04-09,Standard,251.30
7731,Customer 07731,customer07731@example.test,France,2022-08-13,Standard,3058.03
7732,Customer 07732,customer07732@example.test,Japan,2024-06-15,Standard,7434.60
7733,Customer 07733,customer07733@example.test,Japan,2021-06-05,Premium,7624.77
7734,Customer 07734,customer07734@example.test,India,2020-09-07,Basic,6628.98
7735,Customer 07735,customer07735@example.test,India,2023-03-18,Basic,2972.03
7736,Customer 07736,customer07736@example.test,Brazil,2023-08-24,Basic,5107.15
7737,Customer 07737,customer07737@example.test,Brazil,2021-07-02,Standard,667.33
7738,Customer 07738,customer07738@example.test,Australia,2022-06-24,Standard,137.65
7739,Customer 07739,customer07739@example.test,Canada,2020-11-26,Premium,5385.69
7740,Customer 07740,customer07740@example.test,Brazil,2023-09-22,Standard,5919.67
7741,Customer 07741,customer07741@example.test,Brazil,2023-02-04,Basic,8746.47
7742,Customer 07742,customer07742@example.test,Brazil,2021-08-10,Premium,8260.00
7743,Customer 07743,customer07743@example.test,Germany,2024-04-12,Standard,7000.77
7744,Customer 07744,customer07744@example.test,Japan,2022-09-09,Basic,9325.60
7745,Customer 07745,customer07745@example.test,Germany,2020-04-29,Basic,2132.75
7746,Customer 07746,customer07746@example.test,United Kingdom,2023-11-22,Standard,3017.81
7747,Customer 07747,customer07747@example.test,Canada,2020-02-22,Basic,8497.29
7748,Customer 07748,customer07748@example.test,Canada,2024-01-12,Basic,4247.44
7749,Customer 07749,customer07749@example.test,France,2021-08-14,Premium,8080.85
7750,Customer 07750,customer07750@example.test,Canada,2020-02-28,Standard,8941.64
7751,Customer 07751,customer07751@example.test,India,2023-07-23,Basic,310.06
7752,Customer 07752,customer07752@example.test,Japan,2023-03-23,Basic,8589.62
7753,Customer 07753,customer07753@example.test,Brazil,2021-01-18,Basic,9339.57
7754,Customer 07754,customer07754@example.test,Japan,2021-01-21,Standard,4743.96
7755,Customer 07755,customer07755@example.test,Brazil,2022-07-30,Basic,7825.04
7756,Customer 07756,customer07756@example.test,Japan,2022-02-12,Standard,4566.62
7757,Customer 07757,customer07757@example.test,Australia,2020-06-08,Premium,3286.73
7758,Customer 07758,customer07758@example.test,Japan,2024-03-09,Premium,2913.83
7759,Customer 07759,customer07759@example.test,Australia,2020-12-22,Premium,8319.75
7760,Customer 07760,customer07760@example.test,Canada,2024-10-04,Premium,7130.83
7761,Customer 07761,customer07761@example.test,France,2023-12-02,Standard,6435.30
7762,Customer 07762,customer07762@example.test,United States,2023-04-20,Premium,758.85
7763,Customer 07763,customer07763@example.test,United Kingdom,2021-03-03,Standard,5806.24
7764,Customer 07764,customer07764@example.test,Japan,2021-03-28,Standard,3754.77
7765,Customer 07765,customer07765@example.test,Australia,2023-06-18,Premium,4973.95
7766,Customer 07766,customer07766@example.test,United Kingdom,2024-11-04,Basic,756.72
7767,Customer 07767,customer07767@example.test,Canada,2021-11-01,Basic,3192.17
7768,Customer 07768,customer07768@example.test,Japan,2021-07-19,Premium,2876.74
7769,Customer 07769,customer07769@example.test,Australia,2021-08-24,Basic,1721.80
7770,Customer 07770,customer07770@example.test,France,2021-03-08,Standard,657.11
7771,Customer 07771,customer07771@example.test,Germany,2022-07-26,Standard,9520.70
7772,Customer 07772,customer07772@example.test,Japan,2022-01-08,Standard,1469.18
7773,Customer 07773,customer07773@example.test,Japan,2024-11-13,Premium,1153.89
7774,Customer 07774,customer07774@example.test,Japan,2023-01-30,Premium,5133.99
7775,Customer 07775,customer07775@example.test,Canada,2024-03-19,Standard,2287.83
7776,Customer 07776,customer07776@example.test,India,2020-05-16,Basic,9485.37
7777,Customer 07777,customer07777@example.test,Japan,2023-08-09,Basic,6644.88
7778,Customer 07778,customer07778@example.test,India,2021-11-16,Basic,7947.50
7779,Customer 07779,customer07779@example.test,Canada,2020-11-19,Standard,7185.98
7780,Customer 07780,customer07780@example.test,Japan,2022-06-17,Standard,8513.31
7781,Customer 07781,customer07781@example.test,Germany,2020-07-08,Basic,471.66
7782,Customer 07782,customer07782@example.test,France,2020-02-23,Basic,3390.84
7783,Customer 07783,customer07783@example.test,Canada,2020-01-06,Basic,8405.19
7784,Customer 07784,customer07784@example.test,India,2021-11-16,Premium,7640.00
7785,Customer 07785,customer07785@example.test,France,2024-01-18,Standard,8173.51
7786,Customer 07786,customer07786@example.test,Germany,2021-08-13,Basic,4187.28
7787,Customer 07787,customer07787@example.test,Canada,2022-09-12,Premium,5593.57
7788,Customer 07788,customer07788@example.test,France,2023-01-02,Basic,8.32
7789,Customer 07789,customer07789@example.test,United Kingdom,2021-09-07,Premium,2447.64
7790,Customer 07790,customer07790@example.test,Germany,2020-05-15,Standard,2893.99
7791,Customer 07791,customer07791@example.test,Brazil,2022-02-13,Standard,7199.91
7792,Customer 07792,customer07792@example.test,Germany,2022-09-14,Basic,8697.50
7793,Customer 07793,customer07793@example.test,Canada,2021-02-09,Standard,973.02
7794,Customer 07794,customer07794@example.test,Germany,2020-08-22,Basic,8196.37
7795,Customer 07795,customer07795@example.test,United Kingdom,2023-04-19,Basic,5421.75
7796,Customer 07796,customer07796@example.test,India,2022-08-13,Premium,666.13
7797,Customer 07797,customer07797@example.test,Australia,2020-10-01,Standard,146.42
7798,Customer 07798,customer07798@example.test,India,2023-04-09,Standard,2557.05
7799,Customer 07799,customer07799@example.test,United Kingdom,2022-06-21,Basic,4565.98
7800,Customer 07800,customer07800@example.test,Brazil,2022-05-20,Basic,2037.58
7801,Customer 07801,customer07801@example.test,United States,2020-04-16,Standard,5264.35
7802,Customer 07802,customer07802@example.test,Australia,2020-04-15,Premium,7582.11
7803,Customer 07803,customer07803@example.test,United States,2023-11-27,Standard,2550.22
7804,Customer 07804,customer07804@example.test,Germany,2020-06-24,Premium,6105.82
7805,Customer 07805,customer07805@example.test,India,2020-06-21,Premium,9838.98
7806,Customer 07806,customer07806@example.test,Germany,2020-05-12,Premium,4541.74
7807,Customer 07807,customer07807@example.test,United States,2022-09-12,Standard,1791.28
7808,Customer 07808,customer07808@example.test,Brazil,2023-07-16,Premium,5094.87
7809,Customer 07809,customer07809@example.test,United States,2024-06-23,Premium,5754.50
7810,Customer 07810,customer07810@example.test,Brazil,2022-07-23,Premium,6450.20
7811,Customer 07811,customer07811@example.test,Japan,2023-10-07,Basic,5499.83
7812,Customer 07812,customer07812@example.test,Japan,2021-10-17,Standard,1351.34
7813,Customer 07813,customer07813@example.test,United Kingdom,2021-11-08,Premium,4262.94
7814,Customer 07814,customer07814@example.test,United States,2023-08-08,Basic,8785.52
7815,Customer 07815,customer07815@example.test,Canada,2020-01-05,Standard,8618.96
7816,Customer 07816,customer07816@example.test,France,2023-03-30,Premium,9694.06
7817,Customer 07817,customer07817@example.test,Brazil,2024-07-14,Standard,9878.27
7818,Customer 07818,customer07818@example.test,Canada,2021-06-23,Basic,7791.40
7819,Customer 07819,customer07819@example.test,Australia,2021-02-05,Standard,348.55
7820,Customer 07820,customer07820@example.test,Canada,2020-04-18,Premium,568.64
7821,Customer 07821,customer07821@example.test,United States,2021-01-13,Standard,9167.47
7822,Customer 07822,customer07822@example.test,India,2021-11-17,Basic,197.83
7823,Customer 07823,customer07823@example.test,India,2023-10-14,Premium,1763.70
7824,Customer 07824,customer07824@example.test,Brazil,2021-08-13,Premium,3033.27
7825,Customer 07825,customer07825@example.test,Canada,2024-06-02,Premium,4233.26
7826,Customer 07826,customer07826@example.test,United Kingdom,2022-04-17,Premium,1081.04
7827,Customer 07827,customer07827@example.test,Brazil,2021-10-07,Standard,3352.91
7828,Customer 07828,customer07828@example.test,Canada,2024-02-21,Premium,1000.84
7829,Customer 07829,customer07829@example.test,Japan,2024-10-27,Standard,9362.06
7830,Customer 07830,customer07830@example.test,France,2021-05-26,Basic,5445.32
7831,Customer 07831,customer07831@example.test,Canada,2020-10-15,Premium,8943.10
7832,Customer 07832,customer07832@example.test,Germany,2020-10-06,Premium,330.37
7833,Customer 07833,customer07833@example.test,France,2021-10-16,Basic,1368.30
7834,Customer 07834,customer07834@example.test,Canada,2021-01-12,Premium,3905.29
7835,Customer 07835,customer07835@example.test,Canada,2022-02-12,Basic,288.68
7836,Customer 07836,customer07836@example.test,Australia,2020-07-14,Premium,1194.03
7837,Customer 07837,customer07837@example.test,France,2024-04-01,Standard,5601.33
7838,Customer 07838,customer07838@example.test,France,2021-09-20,Premium,6038.49
7839,Customer 07839,customer07839@example.test,France,2020-07-25,Premium,6729.15
7840,Customer 07840,customer07840@example.test,India,2020-12-22,Premium,5421.38
7841,Customer 07841,customer07841@example.test,Brazil,2022-02-14,Premium,1660.14
7842,Customer 07842,customer07842@example.test,Germany,2021-05-13,Standard,8728.38
7843,Customer 07843,customer07843@example.test,Japan,2024-10-27,Basic,2970.70
7844,Customer 07844,customer07844@example.test,Canada,2021-11-13,Premium,3190.59
7845,Customer 07845,customer07845@example.test,United States,2021-01-15,Standard,3128.96
7846,Customer 07846,customer07846@example.test,Germany,2024-05-01,Basic,4642.23
7847,Customer 07847,customer07847@example.test,Australia,2022-05-26,Premium,2765.18
7848,Customer 07848,customer07848@example.test,United States,2023-04-10,Standard,4502.57
7849,Customer 07849,customer07849@example.test,Germany,2021-01-30,Premium,7816.32
7850,Customer 07850,customer07850@example.test,India,2020-04-21,Premium,4585.06
7851,Customer 07851,customer07851@example.test,United Kingdom,2024-03-16,Basic,7025.67
7852,Customer 07852,customer07852@example.test,France,2022-08-27,Standard,6940.22
7853,Customer 07853,customer07853@example.test,United States,2023-03-19,Basic,6554.50
7854,Customer 07854,customer07854@example.test,Canada,2022-01-08,Basic,4948.20
7855,Customer 07855,customer07855@example.test,France,2024-08-27,Standard,4244.27
7856,Customer 07856,customer07856@example.test,Brazil,2024-09-05,Standard,7217.95
7857,Customer 07857,customer07857@example.test,Japan,2020-12-29,Standard,3889.44
7858,Customer 07858,customer07858@example.test,India,2024-07-25,Basic,8882.09
7859,Customer 07859,customer07859@example.test,Germany,2020-05-15,Standard,8011.44
7860,Customer 07860,customer07860@example.test,Canada,2022-03-09,Standard,8257.89
7861,Customer 07861,customer07861@example.test,United States,2021-05-19,Premium,6496.85
7862,Customer 07862,customer07862@example.test,Japan,2022-05-03,Standard,1103.37
7863,Customer 07863,customer07863@example.test,United Kingdom,2021-06-29,Standard,2298.22
7864,Customer 07864,customer07864@example.test,Japan,2021-05-25,Basic,7318.73
7865,Customer 07865,customer07865@example.test,Canada,2022-01-29,Standard,9208.14
7866,Customer 07866,customer07866@example.test,Germany,2022-06-23,Standard,4553.98
7867,Customer 07867,customer07867@example.test,India,2024-01-13,Basic,2446.59
7868,Customer 07868,customer07868@example.test,France,2021-11-23,Basic,6087.61
7869,Customer 07869,customer07869@example.test,Japan,2023-12-02,Premium,7988.98
7870,Customer 07870,customer07870@example.test,United States,2023-07-22,Standard,7842.69
7871,Customer 07871,customer07871@example.test,Canada,2021-05-26,Standard,2123.86
7872,Customer 07872,customer07872@example.test,Japan,2024-12-01,Standard,9686.52
7873,Customer 07873,customer07873@example.test,Canada,2023-04-28,Standard,1082.73
7874,Customer 07874,customer07874@example.test,United Kingdom,2021-11-24,Premium,1642.63
7875,Customer 07875,customer07875@example.test,United Kingdom,2023-08-05,Basic,7317.40
7876,Customer 07876,customer07876@example.test,France,2022-05-06,Basic,6556.70
7877,Customer 07877,customer07877@example.test,France,2023-01-25,Standard,2846.39
7878,Customer 07878,customer07878@example.test,Germany,2021-03-11,Standard,5751.74
7879,Customer 07879,customer07879@example.test,United States,2021-11-03,Basic,4500.13
7880,Customer 07880,customer07880@example.test,Australia,2021-05-19,Standard,8229.14
7881,Customer 07881,customer07881@example.test,Japan,2020-07-26,Basic,5645.53
7882,Customer 07882,customer07882@example.test,Germany,2020-10-28,Basic,4932.38
7883,Customer 07883,customer07883@example.test,France,2023-04-23,Basic,6379.73
7884,Customer 07884,customer07884@example.test,United States,2024-03-20,Basic,809.12
7885,Customer 07885,customer07885@example.test,Brazil,2022-04-30,Standard,9022.41
7886,Customer 07886,customer07886@example.test,United States,2021-04-04,Premium,1064.36
7887,Customer 07887,customer07887@example.test,United States,2022-03-17,Basic,2062.90
7888,Customer 07888,customer07888@example.test,United Kingdom,2023-11-23,Premium,306.46
7889,Customer 07889,customer07889@example.test,Australia,2021-05-16,Standard,8455.74
7890,Customer 07890,customer07890@example.test,United Kingdom,2021-03-02,Premium,3979.76
7891,Customer 07891,customer07891@example.test,United Kingdom,2020-04-30,Basic,1741.12
7892,Customer 07892,customer07892@example.test,Australia,2024-05-06,Premium,2871.73
7893,Customer 07893,customer07893@example.test,Japan,2023-01-03,Standard,5807.96
7894,Customer 07894,customer07894@example.test,Australia,2023-12-28,Basic,9397.73
7895,Customer 07895,customer07895@example.test,Japan,2020-10-13,Basic,2884.61
7896,Customer 07896,customer07896@example.test,France,2023-03-21,Premium,1382.17
7897,Customer 07897,customer07897@example.test,Germany,2020-09-07,Standard,8218.25
7898,Customer 07898,customer07898@example.test,Germany,2021-02-06,Standard,4161.38
7899,Customer 07899,customer07899@example.test,India,2021-01-11,Basic,2914.73
7900,Customer 07900,customer07900@example.test,Canada,2024-09-12,Basic,6062.36
7901,Customer 07901,customer07901@example.test,Canada,2024-08-29,Standard,8833.70
7902,Customer 07902,customer07902@example.test,Germany,2023-12-09,Standard,7871.16
7903,Customer 07903,customer07903@example.test,France,2022-04-10,Premium,6268.88
7904,Customer 07904,customer07904@example.test,United Kingdom,2020-08-10,Premium,7843.88
7905,Customer 07905,customer07905@example.test,Germany,2023-04-13,Premium,2256.86
7906,Customer 07906,customer07906@example.test,Germany,2022-03-20,Basic,8875.99
7907,Customer 07907,customer07907@example.test,Brazil,2023-09-23,Basic,1151.72
7908,Customer 07908,customer07908@example.test,Japan,2021-01-06,Basic,9552.98
7909,Customer 07909,customer07909@example.test,Germany,2022-02-23,Basic,4825.17
7910,Customer 07910,customer07910@example.test,Japan,2020-06-30,Standard,7048.89
7911,Customer 07911,customer07911@example.test,Japan,2020-02-22,Basic,9321.91
7912,Customer 07912,customer07912@example.test,France,2023-02-01,Premium,3446.00
7913,Customer 07913,customer07913@example.test,Brazil,2021-03-27,Premium,1099.73
7914,Customer 07914,customer07914@example.test,Brazil,2022-03-08,Premium,3669.01
7915,Customer 07915,customer07915@example.test,Australia,2024-05-27,Premium,4208.48
7916,Customer 07916,customer07916@example.test,France,2024-05-08,Basic,6308.56
7917,Customer 07917,customer07917@example.test,Australia,2021-07-11,Premium,2041.44
7918,Customer 07918,customer07918@example.test,France,2021-04-08,Standard,2851.04
7919,Customer 07919,customer07919@example.test,United Kingdom,2021-03-17,Basic,4396.28
7920,Customer 07920,customer07920@example.test,United Kingdom,2024-09-02,Basic,8389.73
7921,Customer 07921,customer07921@example.test,Germany,2021-02-24,Basic,8331.62
7922,Customer 07922,customer07922@example.test,Germany,2020-07-24,Premium,8656.25
7923,Customer 07923,customer07923@example.test,United States,2023-02-27,Basic,2781.89
7924,Customer 07924,customer07924@example.test,Australia,2020-06-30,Premium,9069.92
7925,Customer 07925,customer07925@example.test,United Kingdom,2022-06-08,Basic,2270.27
7926,Customer 07926,customer07926@example.test,Brazil,2020-03-18,Standard,9528.51
7927,Customer 07927,customer07927@example.test,Brazil,2023-01-19,Premium,4199.09
7928,Customer 07928,customer07928@example.test,Germany,2020-01-22,Basic,6862.43
7929,Customer 07929,customer07929@example.test,Brazil,2023-12-25,Premium,498.70
7930,Customer 07930,customer07930@example.test,Germany,2024-10-03,Basic,9426.26
7931,Customer 07931,customer07931@example.test,Australia,2020-11-26,Premium,5553.64
7932,Customer 07932,customer07932@example.test,Japan,2023-02-24,Standard,9708.02
7933,Customer 07933,customer07933@example.test,Japan,2020-08-31,Basic,345.82
7934,Customer 07934,customer07934@example.test,Brazil,2024-03-11,Basic,6314.75
7935,Customer 07935,customer07935@example.test,France,2020-03-22,Standard,1513.92
7936,Customer 07936,customer07936@example.test,France,2020-09-06,Standard,5263.26
7937,Customer 07937,customer07937@example.test,India,2024-03-01,Standard,5804.04
7938,Customer 07938,customer07938@example.test,Canada,2021-06-18,Premium,2197.07
7939,Customer 07939,customer07939@example.test,France,2021-10-15,Premium,4461.34
7940,Customer 07940,customer07940@example.test,United Kingdom,2020-05-05,Basic,7039.08
7941,Customer 07941,customer07941@example.test,United Kingdom,2020-07-15,Basic,1045.31
7942,Customer 07942,customer07942@example.test,United States,2021-02-24,Standard,616.15
7943,Customer 07943,customer07943@example.test,India,2020-06-12,Standard,1036.85
7944,Customer 07944,customer07944@example.test,Brazil,2024-10-17,Standard,1216.41
7945,Customer 07945,customer07945@example.test,Canada,2021-02-20,Basic,1025.09
7946,Customer 07946,customer07946@example.test,Germany,2023-04-08,Premium,1419.33
7947,Customer 07947,customer07947@example.test,United Kingdom,2021-09-13,Basic,9095.68
7948,Customer 07948,customer07948@example.test,Canada,2020-01-09,Basic,5826.36
7949,Customer 07949,customer07949@example.test,Brazil,2024-07-02,Standard,964.85
7950,Customer 07950,customer07950@example.test,Canada,2020-09-01,Basic,4816.91
7951,Customer 07951,customer07951@example.test,Germany,2024-10-09,Standard,1433.58
7952,Customer 07952,customer07952@example.test,Brazil,2022-09-19,Basic,2234.79
7953,Customer 07953,customer07953@example.test,United Kingdom,2022-06-12,Basic,3864.02
7954,Customer 07954,customer07954@example.test,Japan,2022-10-02,Standard,9019.70
7955,Customer 07955,customer07955@example.test,France,2022-05-27,Basic,752.32
7956,Customer 07956,customer07956@example.test,United States,2021-05-04,Premium,393.31
7957,Customer 07957,customer07957@example.test,United Kingdom,2023-07-28,Standard,6445.24
7958,Customer 07958,customer07958@example.test,Japan,2020-08-15,Premium,8204.66
7959,Customer 07959,customer07959@example.test,Germany,2023-03-28,Premium,2616.23
7960,Customer 07960,customer07960@example.test,Canada,2023-08-06,Premium,3652.72
7961,Customer 07961,customer07961@example.test,Australia,2021-08-04,Premium,7444.74
7962,Customer 07962,customer07962@example.test,Brazil,2021-05-01,Standard,2283.74
7963,Customer 07963,customer07963@example.test,Australia,2021-11-09,Standard,6258.02
7964,Customer 07964,customer07964@example.test,Japan,2023-09-20,Basic,1945.59
7965,Customer 07965,customer07965@example.test,Brazil,2022-03-06,Standard,5744.80
7966,Customer 07966,customer07966@example.test,India,2021-06-02,Standard,1753.43
7967,Customer 07967,customer07967@example.test,Canada,2021-10-23,Basic,5209.83
7968,Customer 07968,customer07968@example.test,Germany,2024-02-23,Premium,21.14
7969,Customer 07969,customer07969@example.test,India,2020-10-11,Standard,5101.93
7970,Customer 07970,customer07970@example.test,Brazil,2024-01-15,Basic,4892.07
7971,Customer 07971,customer07971@example.test,United States,2023-04-10,Basic,7390.22
7972,Customer 07972,customer07972@example.test,Germany,2023-06-10,Basic,5512.48
7973,Customer 07973,customer07973@example.test,Japan,2022-01-05,Standard,6338.73
7974,Customer 07974,customer07974@example.test,United States,2021-08-01,Basic,9957.67
7975,Customer 07975,customer07975@example.test,France,2023-05-09,Premium,321.13
7976,Customer 07976,customer07976@example.test,Brazil,2022-01-26,Basic,6592.06
7977,Customer 07977,customer07977@example.test,India,2023-12-06,Standard,4733.45
7978,Customer 07978,customer07978@example.test,Japan,2021-12-13,Premium,3833.80
7979,Customer 07979,customer07979@example.test,United States,2022-01-15,Standard,9295.75
7980,Customer 07980,customer07980@example.test,Canada,2020-10-25,Standard,6691.50
7981,Customer 07981,customer07981@example.test,Brazil,2024-01-23,Standard,1636.43
7982,Customer 07982,customer07982@example.test,Japan,2022-03-09,Premium,7973.59
7983,Customer 07983,customer07983@example.test,India,2023-08-31,Standard,3847.83
7984,Customer 07984,customer07984@example.test,Germany,2020-02-23,Standard,9164.18
7985,Customer 07985,customer07985@example.test,United Kingdom,2020-01-17,Premium,6955.59
7986,Customer 07986,customer07986@example.test,Brazil,2020-03-28,Standard,9007.49
7987,Customer 07987,customer07987@example.test,Germany,2023-09-01,Premium,8795.79
7988,Customer 07988,customer07988@example.test,Australia,2021-03-31,Standard,5339.81
7989,Customer 07989,customer07989@example.test,Japan,2023-08-20,Premium,2733.39
7990,Customer 07990,customer07990@example.test,United States,2020-03-23,Standard,8158.22
7991,Customer 07991,customer07991@example.test,Brazil,2024-07-12,Premium,35.97
7992,Customer 07992,customer07992@example.test,Japan,2023-07-30,Standard,5677.99
7993,Customer 07993,customer07993@example.test,Australia,2023-05-12,Basic,2851.53
7994,Customer 07994,customer07994@example.test,Brazil,2024-07-05,Standard,1421.61
7995,Customer 07995,customer07995@example.test,Canada,2023-01-03,Premium,4946.26
7996,Customer 07996,customer07996@example.test,Canada,2022-04-14,Premium,5258.63
7997,Customer 07997,customer07997@example.test,Brazil,2024-01-14,Premium,3682.32
7998,Customer 07998,customer07998@example.test,Canada,2024-11-17,Premium,2405.10
7999,Customer 07999,customer07999@example.test,United States,2020-10-19,Premium,1897.72
8000,Customer 08000,customer08000@example.test,United States,2020-12-24,Premium,2976.99
8001,Customer 08001,customer08001@example.test,United States,2020-01-27,Standard,4939.23
8002,Customer 08002,customer08002@example.test,Canada,2021-10-31,Basic,2019.60
8003,Customer 08003,customer08003@example.test,Germany,2022-01-03,Premium,13.51
8004,Customer 08004,customer08004@example.test,Brazil,2021-07-12,Premium,7615.70
8005,Customer 08005,customer08005@example.test,United States,2024-03-18,Standard,4743.45
8006,Customer 08006,customer08006@example.test,Brazil,2023-05-24,Premium,3911.45
8007,Customer 08007,customer08007@example.test,Brazil,2024-12-27,Basic,1210.69
8008,Customer 08008,customer08008@example.test,India,2021-05-19,Basic,311.44
8009,Customer 08009,customer08009@example.test,India,2024-08-18,Premium,3341.64
8010,Customer 08010,customer08010@example.test,United Kingdom,2024-05-15,Premium,1727.34
8011,Customer 08011,customer08011@example.test,United States,2024-04-18,Basic,1376.27
8012,Customer 08012,customer08012@example.test,Australia,2024-08-17,Standard,3033.19
8013,Customer 08013,customer08013@example.test,India,2020-08-28,Standard,5835.58
8014,Customer 08014,customer08014@example.test,United Kingdom,2020-03-24,Basic,2519.35
8015,Customer 08015,customer08015@example.test,Canada,2020-02-29,Basic,180.28
8016,Customer 08016,customer08016@example.test,Brazil,2024-10-09,Premium,9384.28
8017,Customer 08017,customer08017@example.test,Brazil,2021-09-06,Basic,3016.73
8018,Customer 08018,customer08018@example.test,India,2024-11-10,Premium,3159.17
8019,Customer 08019,customer08019@example.test,India,2020-06-07,Premium,8248.55
8020,Customer 08020,customer08020@example.test,United States,2024-04-09,Premium,9750.02
8021,Customer 08021,customer08021@example.test,Germany,2023-09-05,Standard,4923.38
8022,Customer 08022,customer08022@example.test,Japan,2023-02-12,Standard,3018.19
8023,Customer 08023,customer08023@example.test,Canada,2024-02-09,Basic,381.81
8024,Customer 08024,customer08024@example.test,Brazil,2020-12-24,Basic,5347.10
8025,Customer 08025,customer08025@example.test,United States,2023-10-12,Basic,2341.18
8026,Customer 08026,customer08026@example.test,Japan,2020-02-16,Premium,7927.32
8027,Customer 08027,customer08027@example.test,United Kingdom,2021-12-06,Basic,6736.84
8028,Customer 08028,customer08028@example.test,Australia,2023-12-25,Basic,2383.87
8029,Customer 08029,customer08029@example.test,United States,2022-08-09,Basic,8106.63
8030,Customer 08030,customer08030@example.test,Canada,2020-08-24,Premium,2326.98
8031,Customer 08031,customer08031@example.test,United Kingdom,2024-08-14,Standard,9763.95
8032,Customer 08032,customer08032@example.test,Japan,2021-05-05,Basic,6036.74
8033,Customer 08033,customer08033@example.test,India,2020-01-29,Standard,5793.90
8034,Customer 08034,customer08034@example.test,India,2021-10-23,Standard,8223.43
8035,Customer 08035,customer08035@example.test,Germany,2022-02-01,Basic,8054.69
8036,Customer 08036,customer08036@example.test,United States,2020-02-12,Standard,1956.35
8037,Customer 08037,customer08037@example.test,Australia,2023-03-25,Standard,6320.21
8038,Customer 08038,customer08038@example.test,Australia,2022-05-30,Basic,3125.14
8039,Customer 08039,customer08039@example.test,Canada,2022-01-05,Basic,6372.58
8040,Customer 08040,customer08040@example.test,United States,2024-06-28,Standard,154.90
8041,Customer 08041,customer08041@example.test,Brazil,2022-02-11,Basic,508.25
8042,Customer 08042,customer08042@example.test,India,2022-03-06,Standard,4820.28
8043,Customer 08043,customer08043@example.test,France,2021-05-07,Standard,7928.76
8044,Customer 08044,customer08044@example.test,India,2021-07-13,Standard,9370.91
8045,Customer 08045,customer08045@example.test,Brazil,2020-03-29,Standard,3338.11
8046,Customer 08046,customer08046@example.test,United Kingdom,2020-10-21,Standard,977.62
8047,Customer 08047,customer08047@example.test,Japan,2021-04-01,Basic,5873.48
8048,Customer 08048,customer08048@example.test,Germany,2020-05-21,Basic,9425.84
8049,Customer 08049,customer08049@example.test,Australia,2023-02-04,Premium,3750.90
8050,Customer 08050,customer08050@example.test,Australia,2021-03-26,Basic,2939.71
8051,Customer 08051,customer08051@example.test,United Kingdom,2021-02-02,Basic,4178.24
8052,Customer 08052,customer08052@example.test,Canada,2023-06-15,Basic,6426.40
8053,Customer 08053,customer08053@example.test,Japan,2024-10-04,Standard,2824.37
8054,Customer 08054,customer08054@example.test,United Kingdom,2021-09-09,Standard,9014.41
8055,Customer 08055,customer08055@example.test,India,2021-01-04,Premium,5573.22
8056,Customer 08056,customer08056@example.test,Canada,2021-07-31,Premium,7800.84
8057,Customer 08057,customer08057@example.test,Germany,2020-10-15,Premium,2229.18
8058,Customer 08058,customer08058@example.test,United States,2021-09-09,Premium,8040.40
8059,Customer 08059,customer08059@example.test,Germany,2020-03-06,Premium,4764.40
8060,Customer 08060,customer08060@example.test,Canada,2023-12-23,Standard,1159.83
8061,Customer 08061,customer08061@example.test,India,2024-01-14,Standard,2585.79
8062,Customer 08062,customer08062@example.test,Japan,2024-11-23,Basic,1132.59
8063,Customer 08063,customer08063@example.test,United States,2021-11-01,Standard,3306.42
8064,Customer 08064,customer08064@example.test,Germany,2022-07-28,Basic,9732.53
8065,Customer 08065,customer08065@example.test,Japan,2020-02-28,Premium,8746.13
8066,Customer 08066,customer08066@example.test,Japan,2022-10-18,Premium,1700.28
8067,Customer 08067,customer08067@example.test,Canada,2021-07-22,Standard,4741.43
8068,Customer 08068,customer08068@example.test,France,2020-05-05,Premium,2323.88
8069,Customer 08069,customer08069@example.test,Canada,2023-09-07,Basic,8334.37
8070,Customer 08070,customer08070@example.test,Germany,2021-11-23,Standard,1900.89
8071,Customer 08071,customer08071@example.test,Brazil,2021-03-31,Standard,6711.26
8072,Customer 08072,customer08072@example.test,Canada,2023-01-06,Basic,4056.67
8073,Customer 08073,customer08073@example.test,Australia,2021-04-08,Standard,212.39
8074,Customer 08074,customer08074@example.test,Canada,2024-08-23,Basic,4562.17
8075,Customer 08075,customer08075@example.test,Canada,2022-03-14,Basic,6472.19
8076,Customer 08076,customer08076@example.test,Brazil,2023-05-13,Standard,1656.03
8077,Customer 08077,customer08077@example.test,United Kingdom,2020-07-22,Standard,9974.87
8078,Customer 08078,customer08078@example.test,Canada,2020-11-17,Premium,277.27
8079,Customer 08079,customer08079@example.test,Brazil,2021-09-10,Standard,4865.50
8080,Customer 08080,customer08080@example.test,Canada,2023-01-14,Premium,3766.30
8081,Customer 08081,customer08081@example.test,France,2023-11-02,Basic,1846.46
8082,Customer 08082,customer08082@example.test,Japan,2022-04-11,Basic,2201.12
8083,Customer 08083,customer08083@example.test,Australia,2022-08-30,Standard,2320.40
8084,Customer 08084,customer08084@example.test,India,2020-09-15,Premium,2259.14
8085,Customer 08085,customer08085@example.test,France,2020-09-05,Basic,1645.12
8086,Customer 08086,customer08086@example.test,Australia,2022-10-21,Standard,5574.63
8087,Customer 08087,customer08087@example.test,India,2024-05-16,Premium,1939.30
8088,Customer 08088,customer08088@example.test,Australia,2020-11-05,Standard,998.45
8089,Customer 08089,customer08089@example.test,Australia,2023-10-07,Premium,6044.56
8090,Customer 08090,customer08090@example.test,France,2021-05-05,Premium,3918.23
8091,Customer 08091,customer08091@example.test,France,2023-06-21,Standard,6335.44
8092,Customer 08092,customer08092@example.test,Brazil,2022-09-24,Basic,647.95
8093,Customer 08093,customer08093@example.test,Australia,2020-01-05,Basic,227.31
8094,Customer 08094,customer08094@example.test,India,2021-01-11,Standard,1042.80
8095,Customer 08095,customer08095@example.test,Canada,2022-02-10,Premium,8825.72
8096,Customer 08096,customer08096@example.test,Japan,2021-11-28,Basic,7528.16
8097,Customer 08097,customer08097@example.test,Germany,2023-10-18,Basic,5161.39
8098,Customer 08098,customer08098@example.test,United States,2020-05-11,Basic,3863.64
8099,Customer 08099,customer08099@example.test,Germany,2021-12-25,Premium,7624.13
8100,Customer 08100,customer08100@example.test,Canada,2022-07-09,Premium,4.93
8101,Customer 08101,customer08101@example.test,India,2021-08-08,Basic,8428.46
8102,Customer 08102,customer08102@example.test,Canada,2021-03-20,Basic,2457.15
8103,Customer 08103,customer08103@example.test,Japan,2020-06-18,Basic,6580.07
8104,Customer 08104,customer08104@example.test,United Kingdom,2022-08-17,Basic,8057.04
8105,Customer 08105,customer08105@example.test,Germany,2020-06-03,Standard,3951.50
8106,Customer 08106,customer08106@example.test,United Kingdom,2021-08-16,Basic,3019.26
8107,Customer 08107,customer08107@example.test,France,2024-09-11,Standard,134.72
8108,Customer 08108,customer08108@example.test,Brazil,2024-05-21,Basic,3100.72
8109,Customer 08109,customer08109@example.test,India,2024-03-30,Premium,7105.98
8110,Customer 08110,customer08110@example.test,Brazil,2023-06-12,Premium,7026.29
8111,Customer 08111,customer08111@example.test,United Kingdom,2022-07-13,Standard,4411.57
8112,Customer 08112,customer08112@example.test,Japan,2023-12-28,Standard,612.50
8113,Customer 08113,customer08113@example.test,Canada,2021-12-06,Basic,4938.07
8114,Customer 08114,customer08114@example.test,Japan,2023-08-20,Premium,1310.94
8115,Customer 08115,customer08115@example.test,Canada,2020-02-24,Basic,907.44
8116,Customer 08116,customer08116@example.test,India,2024-08-09,Standard,5740.32
8117,Customer 08117,customer08117@example.test,Japan,2020-04-22,Basic,777.82
8118,Customer 08118,customer08118@example.test,Australia,2024-06-20,Premium,1384.59
8119,Customer 08119,customer08119@example.test,Brazil,2021-05-18,Basic,1194.08
8120,Customer 08120,customer08120@example.test,United Kingdom,2022-03-11,Basic,5736.70
8121,Customer 08121,customer08121@example.test,United Kingdom,2023-10-24,Premium,4051.50
8122,Customer 08122,customer08122@example.test,United Kingdom,2023-07-12,Basic,4483.48
8123,Customer 08123,customer08123@example.test,India,2021-02-22,Premium,1420.64
8124,Customer 08124,customer08124@example.test,France,2020-11-05,Basic,5099.16
8125,Customer 08125,customer08125@example.test,United States,2020-09-09,Standard,6142.28
8126,Customer 08126,customer08126@example.test,Brazil,2020-11-14,Premium,3969.39
8127,Customer 08127,customer08127@example.test,United States,2024-08-03,Basic,2983.02
8128,Customer 08128,customer08128@example.test,United States,2023-08-18,Standard,4341.99
8129,Customer 08129,customer08129@example.test,United Kingdom,2021-03-27,Premium,871.64
8130,Customer 08130,customer08130@example.test,Canada,2021-08-08,Basic,3267.03
8131,Customer 08131,customer08131@example.test,Australia,2021-01-29,Premium,303.22
8132,Customer 08132,customer08132@example.test,France,2024-03-08,Standard,8705.04
8133,Customer 08133,customer08133@example.test,France,2021-11-20,Basic,7888.87
8134,Customer 08134,customer08134@example.test,Canada,2023-01-06,Premium,7371.89
8135,Customer 08135,customer08135@example.test,Brazil,2023-11-29,Premium,1501.57
8136,Customer 08136,customer08136@example.test,Japan,2021-06-15,Standard,6285.56
8137,Customer 08137,customer08137@example.test,United States,2023-09-11,Standard,3984.47
8138,Customer 08138,customer08138@example.test,France,2023-06-08,Premium,5020.03
8139,Customer 08139,customer08139@example.test,United States,2024-03-26,Basic,2703.80
8140,Customer 08140,customer08140@example.test,United Kingdom,2020-07-30,Basic,5806.42
8141,Customer 08141,customer08141@example.test,United Kingdom,2021-02-17,Standard,3591.35
8142,Customer 08142,customer08142@example.test,Brazil,2023-03-13,Standard,9390.17
8143,Customer 08143,customer08143@example.test,United States,2021-03-06,Premium,432.47
8144,Customer 08144,customer08144@example.test,Brazil,2020-07-12,Standard,6997.13
8145,Customer 08145,customer08145@example.test,Australia,2024-11-18,Standard,8428.75
8146,Customer 08146,customer08146@example.test,Canada,2021-12-24,Basic,4487.59
8147,Customer 08147,customer08147@example.test,Germany,2022-03-15,Premium,4520.22
8148,Customer 08148,customer08148@example.test,France,2022-06-30,Standard,667.03
8149,Customer 08149,customer08149@example.test,Canada,2024-07-07,Standard,1919.71
8150,Customer 08150,customer08150@example.test,India,2021-07-26,Standard,2313.23
8151,Customer 08151,customer08151@example.test,France,2024-07-12,Standard,9963.38
8152,Customer 08152,customer08152@example.test,India,2024-09-04,Basic,4113.05
8153,Customer 08153,customer08153@example.test,Japan,2021-10-05,Basic,4920.56
8154,Customer 08154,customer08154@example.test,Germany,2022-04-21,Basic,4627.22
8155,Customer 08155,customer08155@example.test,Germany,2022-11-13,Basic,4465.47
8156,Customer 08156,customer08156@example.test,Canada,2020-11-23,Standard,8536.93
8157,Customer 08157,customer08157@example.test,Germany,2024-06-30,Basic,3854.65
8158,Customer 08158,customer08158@example.test,Brazil,2024-08-27,Premium,3217.31
8159,Customer 08159,customer08159@example.test,Canada,2022-04-13,Standard,60.95
8160,Customer 08160,customer08160@example.test,Canada,2022-04-26,Basic,4391.50
8161,Customer 08161,customer08161@example.test,Japan,2021-10-31,Basic,9739.27
8162,Customer 08162,customer08162@example.test,Brazil,2021-11-14,Premium,8581.79
8163,Customer 08163,customer08163@example.test,Australia,2023-10-08,Standard,8031.20
8164,Customer 08164,customer08164@example.test,United Kingdom,2020-09-15,Standard,7454.97
8165,Customer 08165,customer08165@example.test,Canada,2022-10-05,Basic,9905.45
8166,Customer 08166,customer08166@example.test,India,2021-04-18,Basic,228.43
8167,Customer 08167,customer08167@example.test,United Kingdom,2023-06-11,Basic,8154.00
8168,Customer 08168,customer08168@example.test,Germany,2021-03-17,Basic,9199.53
8169,Customer 08169,customer08169@example.test,Canada,2021-07-05,Premium,1373.53
8170,Customer 08170,customer08170@example.test,Brazil,2023-03-24,Standard,4583.18
8171,Customer 08171,customer08171@example.test,India,2024-11-14,Premium,1950.83
8172,Customer 08172,customer08172@example.test,France,2020-10-28,Standard,9363.56
8173,Customer 08173,customer08173@example.test,United Kingdom,2022-10-07,Basic,8986.61
8174,Customer 08174,customer08174@example.test,Australia,2023-11-13,Standard,9549.46
8175,Customer 08175,customer08175@example.test,United Kingdom,2021-12-07,Basic,5947.91
8176,Customer 08176,customer08176@example.test,Canada,2022-08-07,Standard,1218.62
8177,Customer 08177,customer08177@example.test,United States,2024-11-04,Standard,7320.26
8178,Customer 08178,customer08178@example.test,Australia,2023-09-04,Standard,254.04
8179,Customer 08179,customer08179@example.test,France,2021-02-20,Basic,6406.42
8180,Customer 08180,customer08180@example.test,Canada,2022-12-20,Premium,3068.18
8181,Customer 08181,customer08181@example.test,United States,2022-07-16,Basic,8817.22
8182,Customer 08182,customer08182@example.test,France,2020-10-21,Premium,4663.09
8183,Customer 08183,customer08183@example.test,Canada,2023-08-14,Basic,588.25
8184,Customer 08184,customer08184@example.test,Germany,2023-03-08,Standard,671.41
8185,Customer 08185,customer08185@example.test,Japan,2024-01-09,Standard,4196.41
8186,Customer 08186,customer08186@example.test,United Kingdom,2024-04-17,Premium,4146.32
8187,Customer 08187,customer08187@example.test,Japan,2021-02-07,Basic,2303.82
8188,Customer 08188,customer08188@example.test,Canada,2023-10-06,Basic,4470.48
8189,Customer 08189,customer08189@example.test,Australia,2021-02-14,Premium,706.35
8190,Customer 08190,customer08190@example.test,Canada,2020-10-10,Premium,8616.21
8191,Customer 08191,customer08191@example.test,Australia,2024-09-18,Basic,7087.21
8192,Customer 08192,customer08192@example.test,Germany,2022-11-26,Basic,9627.03
8193,Customer 08193,customer08193@example.test,Canada,2021-07-03,Standard,8567.98
8194,Customer 08194,customer08194@example.test,United States,2021-06-02,Premium,2145.31
8195,Customer 08195,customer08195@example.test,France,2024-03-21,Standard,8903.61
8196,Customer 08196,customer08196@example.test,Japan,2022-07-13,Premium,9929.97
8197,Customer 08197,customer08197@example.test,United States,2024-06-05,Premium,9840.93
8198,Customer 08198,customer08198@example.test,United States,2023-11-16,Basic,4251.67
8199,Customer 08199,customer08199@example.test,Brazil,2022-10-18,Basic,2168.93
8200,Customer 08200,customer08200@example.test,Australia,2022-02-19,Standard,6712.09
8201,Customer 08201,customer08201@example.test,Germany,2023-10-18,Basic,9619.15
8202,Customer 08202,customer08202@example.test,Japan,2021-08-08,Basic,1395.45
8203,Customer 08203,customer08203@example.test,United States,2020-02-19,Standard,9617.82
8204,Customer 08204,customer08204@example.test,Germany,2022-05-08,Basic,7499.33
8205,Customer 08205,customer08205@example.test,Australia,2024-09-03,Premium,9092.06
8206,Customer 08206,customer08206@example.test,Canada,2021-01-19,Standard,6518.28
8207,Customer 08207,customer08207@example.test,Brazil,2022-01-26,Basic,9757.29
8208,Customer 08208,customer08208@example.test,India,2021-03-16,Premium,8649.39
8209,Customer 08209,customer08209@example.test,Australia,2023-08-30,Premium,1135.41
8210,Customer 08210,customer08210@example.test,Germany,2021-11-10,Standard,1150.54
8211,Customer 08211,customer08211@example.test,India,2022-08-31,Basic,7501.46
8212,Customer 08212,customer08212@example.test,Australia,2023-11-16,Basic,9204.13
8213,Customer 08213,customer08213@example.test,France,2020-04-09,Basic,7693.90
8214,Customer 08214,customer08214@example.test,Australia,2022-11-09,Standard,2676.81
8215,Customer 08215,customer08215@example.test,Brazil,2023-07-30,Premium,2955.36
8216,Customer 08216,customer08216@example.test,Germany,2020-05-05,Premium,669.77
8217,Customer 08217,customer08217@example.test,Japan,2021-12-14,Standard,9370.33
8218,Customer 08218,customer08218@example.test,India,2022-11-08,Premium,7204.80
8219,Customer 08219,customer08219@example.test,India,2021-03-13,Premium,5478.18
8220,Customer 08220,customer08220@example.test,Brazil,2023-07-23,Standard,5400.70
8221,Customer 08221,customer08221@example.test,France,2023-08-15,Standard,3253.67
8222,Customer 08222,customer08222@example.test,India,2022-07-27,Standard,5302.50
8223,Customer 08223,customer08223@example.test,France,2020-04-12,Premium,6547.99
8224,Customer 08224,customer08224@example.test,Australia,2023-08-02,Premium,9669.69
8225,Customer 08225,customer08225@example.test,United States,2022-04-05,Standard,3999.61
8226,Customer 08226,customer08226@example.test,United Kingdom,2021-07-31,Premium,5107.17
8227,Customer 08227,customer08227@example.test,United Kingdom,2024-09-17,Basic,2750.03
8228,Customer 08228,customer08228@example.test,Brazil,2020-03-14,Basic,390.08
8229,Customer 08229,customer08229@example.test,United Kingdom,2020-11-12,Basic,1076.96
8230,Customer 08230,customer08230@example.test,United States,2022-04-09,Basic,5858.96
8231,Customer 08231,customer08231@example.test,France,2023-08-15,Standard,7358.13
8232,Customer 08232,customer08232@example.test,Japan,2020-07-29,Premium,1118.86
8233,Customer 08233,customer08233@example.test,United States,2022-01-19,Standard,4449.03
8234,Customer 08234,customer08234@example.test,United States,2024-06-24,Standard,1183.03
8235,Customer 08235,customer08235@example.test,United Kingdom,2020-06-23,Standard,4598.43
8236,Customer 08236,customer08236@example.test,United States,2021-12-30,Premium,6962.49
8237,Customer 08237,customer08237@example.test,Canada,2021-02-11,Standard,688.63
8238,Customer 08238,customer08238@example.test,Australia,2022-09-02,Basic,3364.33
8239,Customer 08239,customer08239@example.test,Australia,2024-11-06,Standard,5623.61
8240,Customer 08240,customer08240@example.test,India,2021-02-28,Premium,2679.98
8241,Customer 08241,customer08241@example.test,United States,2021-12-31,Premium,6166.28
8242,Customer 08242,customer08242@example.test,Japan,2021-12-13,Standard,4610.92
8243,Customer 08243,customer08243@example.test,Canada,2023-12-16,Basic,3875.72
8244,Customer 08244,customer08244@example.test,India,2021-05-20,Premium,2594.85
8245,Customer 08245,customer08245@example.test,United States,2023-03-30,Premium,2960.01
8246,Customer 08246,customer08246@example.test,Japan,2020-11-22,Standard,6914.91
8247,Customer 08247,customer08247@example.test,Brazil,2020-10-17,Standard,9494.03
8248,Customer 08248,customer08248@example.test,United Kingdom,2024-05-09,Standard,5867.39
8249,Customer 08249,customer08249@example.test,Brazil,2020-03-29,Basic,3462.93
8250,Customer 08250,customer08250@example.test,Germany,2023-01-09,Standard,4485.35
8251,Customer 08251,customer08251@example.test,United Kingdom,2023-01-27,Basic,9112.19
8252,Customer 08252,customer08252@example.test,Australia,2021-03-02,Premium,67.73
8253,Customer 08253,customer08253@example.test,United States,2020-11-06,Standard,2144.42
8254,Customer 08254,customer08254@example.test,United Kingdom,2020-11-18,Premium,5022.57
8255,Customer 08255,customer08255@example.test,Japan,2024-03-24,Standard,6213.09
8256,Customer 08256,customer08256@example.test,France,2023-02-21,Standard,3320.37
8257,Customer 08257,customer08257@example.test,India,2020-05-22,Basic,7446.15
8258,Customer 08258,customer08258@example.test,Canada,2020-05-05,Standard,1318.91
8259,Customer 08259,customer08259@example.test,United States,2024-11-26,Standard,9892.13
8260,Customer 08260,customer08260@example.test,Japan,2021-09-06,Premium,2501.41
8261,Customer 08261,customer08261@example.test,United States,2020-01-10,Standard,8579.28
8262,Customer 08262,customer08262@example.test,Australia,2021-01-25,Basic,9605.97
8263,Customer 08263,customer08263@example.test,United Kingdom,2023-03-01,Premium,9290.39
8264,Customer 08264,customer08264@example.test,Australia,2024-01-18,Basic,4788.63
8265,Customer 08265,customer08265@example.test,France,2024-04-16,Basic,9070.48
8266,Customer 08266,customer08266@example.test,Canada,2024-01-04,Standard,8318.96
8267,Customer 08267,customer08267@example.test,United Kingdom,2022-08-31,Standard,9645.36
8268,Customer 08268,customer08268@example.test,Brazil,2024-03-09,Premium,9215.09
8269,Customer 08269,customer08269@example.test,United States,2024-04-05,Standard,1470.19
8270,Customer 08270,customer08270@example.test,Canada,2021-10-15,Basic,7680.69
8271,Customer 08271,customer08271@example.test,United States,2022-09-11,Standard,2080.57
8272,Customer 08272,customer08272@example.test,Australia,2020-01-03,Premium,4640.84
8273,Customer 08273,customer08273@example.test,Canada,2020-06-18,Premium,503.84
8274,Customer 08274,customer08274@example.test,Canada,2024-08-21,Basic,8992.05
8275,Customer 08275,customer08275@example.test,Canada,2021-07-24,Premium,3095.43
8276,Customer 08276,customer08276@example.test,Germany,2023-10-14,Standard,2271.28
8277,Customer 08277,customer08277@example.test,Australia,2024-12-24,Standard,7747.50
8278,Customer 08278,customer08278@example.test,United Kingdom,2023-09-10,Basic,6943.82
8279,Customer 08279,customer08279@example.test,United Kingdom,2022-07-04,Premium,7941.82
8280,Customer 08280,customer08280@example.test,Japan,2023-06-21,Premium,7107.83
8281,Customer 08281,customer08281@example.test,United Kingdom,2023-04-02,Premium,3944.72
8282,Customer 08282,customer08282@example.test,Japan,2022-01-17,Standard,8093.75
8283,Customer 08283,customer08283@example.test,Japan,2022-03-27,Standard,4264.76
8284,Customer 08284,customer08284@example.test,Australia,2021-08-29,Basic,6390.02
8285,Customer 08285,customer08285@example.test,Japan,2024-01-21,Basic,8962.12
8286,Customer 08286,customer08286@example.test,France,2021-04-25,Standard,8168.18
8287,Customer 08287,customer08287@example.test,Australia,2021-06-28,Premium,6448.67
8288,Customer 08288,customer08288@example.test,India,2024-01-01,Premium,1693.20
8289,Customer 08289,customer08289@example.test,Germany,2024-08-14,Premium,7072.26
8290,Customer 08290,customer08290@example.test,India,2022-02-16,Premium,8182.36
8291,Customer 08291,customer08291@example.test,France,2022-07-28,Basic,1911.54
8292,Customer 08292,customer08292@example.test,Brazil,2020-09-17,Basic,796.27
8293,Customer 08293,customer08293@example.test,Germany,2024-04-05,Premium,6540.67
8294,Customer 08294,customer08294@example.test,Australia,2023-12-11,Standard,222.83
8295,Customer 08295,customer08295@example.test,Germany,2022-01-11,Standard,7043.93
8296,Customer 08296,customer08296@example.test,Japan,2021-05-13,Premium,7992.90
8297,Customer 08297,customer08297@example.test,India,2020-08-21,Standard,8268.97
8298,Customer 08298,customer08298@example.test,Brazil,2023-08-04,Premium,9519.73
8299,Customer 08299,customer08299@example.test,Australia,2021-11-04,Basic,7362.04
8300,Customer 08300,customer08300@example.test,Australia,2020-07-15,Premium,4162.48
8301,Customer 08301,customer08301@example.test,Canada,2023-12-22,Standard,93.46
8302,Customer 08302,customer08302@example.test,United States,2020-03-03,Premium,1410.86
8303,Customer 08303,customer08303@example.test,India,2022-04-01,Basic,5995.97
8304,Customer 08304,customer08304@example.test,France,2024-01-09,Basic,2743.64
8305,Customer 08305,customer08305@example.test,United Kingdom,2024-09-25,Standard,6269.15
8306,Customer 08306,customer08306@example.test,United States,2022-07-22,Premium,2313.75
8307,Customer 08307,customer08307@example.test,Germany,2021-10-14,Basic,5247.00
8308,Customer 08308,customer08308@example.test,France,2024-01-01,Standard,5158.95
8309,Customer 08309,customer08309@example.test,Canada,2020-07-01,Premium,2974.68
8310,Customer 08310,customer08310@example.test,Japan,2023-03-14,Standard,5978.29
8311,Customer 08311,customer08311@example.test,Germany,2020-07-05,Standard,2542.44
8312,Customer 08312,customer08312@example.test,United States,2023-12-26,Standard,6643.46
8313,Customer 08313,customer08313@example.test,Germany,2022-03-04,Basic,8721.57
8314,Customer 08314,customer08314@example.test,Canada,2021-05-06,Premium,9191.77
8315,Customer 08315,customer08315@example.test,Brazil,2021-03-01,Standard,7263.20
8316,Customer 08316,customer08316@example.test,Japan,2020-10-11,Standard,3825.90
8317,Customer 08317,customer08317@example.test,United States,2020-10-26,Premium,3254.54
8318,Customer 08318,customer08318@example.test,United States,2022-03-15,Standard,2766.87
8319,Customer 08319,customer08319@example.test,Canada,2024-10-23,Basic,5222.53
8320,Customer 08320,customer08320@example.test,Canada,2023-10-03,Standard,27.40
8321,Customer 08321,customer08321@example.test,Australia,2020-03-21,Basic,9233.54
8322,Customer 08322,customer08322@example.test,Canada,2024-02-13,Premium,5726.31
8323,Customer 08323,customer08323@example.test,Australia,2022-03-12,Premium,3189.70
8324,Customer 08324,customer08324@example.test,Japan,2023-09-27,Premium,3351.55
8325,Customer 08325,customer08325@example.test,Australia,2020-06-25,Basic,8028.84
8326,Customer 08326,customer08326@example.test,Germany,2021-11-23,Premium,8639.23
8327,Customer 08327,customer08327@example.test,United Kingdom,2020-10-20,Premium,4201.06
8328,Customer 08328,customer08328@example.test,France,2023-08-27,Basic,597.89
8329,Customer 08329,customer08329@example.test,France,2024-12-05,Premium,3358.25
8330,Customer 08330,customer08330@example.test,France,2022-05-11,Standard,6273.34
8331,Customer 08331,customer08331@example.test,France,2023-12-30,Premium,937.52
8332,Customer 08332,customer08332@example.test,Australia,2020-04-29,Basic,395.48
8333,Customer 08333,customer08333@example.test,Australia,2023-04-21,Basic,8606.24
8334,Customer 08334,customer08334@example.test,France,2023-05-03,Premium,5799.09
8335,Customer 08335,customer08335@example.test,United States,2022-06-27,Premium,7624.38
8336,Customer 08336,customer08336@example.test,Germany,2020-01-08,Basic,470.33
8337,Customer 08337,customer08337@example.test,United States,2020-12-21,Basic,9944.22
8338,Customer 08338,customer08338@example.test,India,2021-04-17,Basic,9980.75
8339,Customer 08339,customer08339@example.test,Brazil,2021-07-24,Standard,5701.68
8340,Customer 08340,customer08340@example.test,Canada,2024-12-08,Basic,7161.17
8341,Customer 08341,customer08341@example.test,France,2020-04-13,Premium,9683.20
8342,Customer 08342,customer08342@example.test,France,2021-06-21,Basic,4650.24
8343,Customer 08343,customer08343@example.test,Japan,2022-05-04,Premium,2542.18
8344,Customer 08344,customer08344@example.test,Japan,2024-04-26,Standard,1786.70
8345,Customer 08345,customer08345@example.test,Australia,2022-12-29,Basic,8271.89
8346,Customer 08346,customer08346@example.test,Brazil,2024-07-18,Premium,1437.65
8347,Customer 08347,customer08347@example.test,Japan,2023-10-13,Basic,700.23
8348,Customer 08348,customer08348@example.test,Germany,2021-12-15,Standard,9375.62
8349,Customer 08349,customer08349@example.test,Germany,2023-11-29,Standard,8879.38
8350,Customer 08350,customer08350@example.test,India,2020-01-08,Basic,2309.88
8351,Customer 08351,customer08351@example.test,Brazil,2020-05-30,Premium,3657.97
8352,Customer 08352,customer08352@example.test,United States,2023-10-26,Premium,7071.00
8353,Customer 08353,customer08353@example.test,France,2024-05-15,Premium,9038.91
8354,Customer 08354,customer08354@example.test,Japan,2023-06-09,Standard,9750.37
8355,Customer 08355,customer08355@example.test,United Kingdom,2021-02-19,Basic,5283.12
8356,Customer 08356,customer08356@example.test,Canada,2021-08-17,Premium,5847.90
8357,Customer 08357,customer08357@example.test,Brazil,2023-04-12,Basic,3234.06
8358,Customer 08358,customer08358@example.test,Japan,2020-10-13,Basic,2440.88
8359,Customer 08359,customer08359@example.test,Japan,2022-08-29,Basic,9054.60
8360,Customer 08360,customer08360@example.test,Australia,2021-12-30,Basic,1088.90
8361,Customer 08361,customer08361@example.test,United Kingdom,2022-04-10,Standard,5022.01
8362,Customer 08362,customer08362@example.test,Brazil,2023-11-14,Basic,5192.96
8363,Customer 08363,customer08363@example.test,Japan,2022-09-07,Premium,6901.74
8364,Customer 08364,customer08364@example.test,United States,2022-12-23,Premium,4290.42
8365,Customer 08365,customer08365@example.test,Japan,2021-04-28,Basic,5515.13
8366,Customer 08366,customer08366@example.test,India,2023-09-23,Premium,920.45
8367,Customer 08367,customer08367@example.test,Japan,2024-02-01,Basic,1693.08
8368,Customer 08368,customer08368@example.test,Japan,2022-07-30,Premium,6208.87
8369,Customer 08369,customer08369@example.test,Canada,2020-11-21,Standard,4532.52
8370,Customer 08370,customer08370@example.test,United Kingdom,2022-06-09,Basic,8711.59
8371,Customer 08371,customer08371@example.test,United States,2023-11-16,Premium,5975.58
8372,Customer 08372,customer08372@example.test,France,2023-12-03,Standard,6748.43
8373,Customer 08373,customer08373@example.test,Brazil,2022-03-24,Standard,8567.10
8374,Customer 08374,customer08374@example.test,Canada,2021-10-27,Premium,5770.28
8375,Customer 08375,customer08375@example.test,United States,2023-08-05,Basic,7.08
8376,Customer 08376,customer08376@example.test,Germany,2022-08-07,Basic,6120.87
8377,Customer 08377,customer08377@example.test,India,2021-05-10,Basic,5614.71
8378,Customer 08378,customer08378@example.test,Canada,2020-08-05,Standard,3579.82
8379,Customer 08379,customer08379@example.test,United Kingdom,2023-06-28,Standard,4874.33
8380,Customer 08380,customer08380@example.test,Japan,2020-11-07,Standard,6325.65
8381,Customer 08381,customer08381@example.test,United Kingdom,2024-09-08,Standard,3107.83
8382,Customer 08382,customer08382@example.test,United States,2020-02-21,Premium,9564.42
8383,Customer 08383,customer08383@example.test,India,2023-02-14,Basic,5580.53
8384,Customer 08384,customer08384@example.test,India,2020-02-20,Premium,9691.75
8385,Customer 08385,customer08385@example.test,Germany,2020-05-28,Premium,8107.65
8386,Customer 08386,customer08386@example.test,Brazil,2022-06-21,Standard,3456.75
8387,Customer 08387,customer08387@example.test,United States,2022-09-15,Basic,1976.26
8388,Customer 08388,customer08388@example.test,Brazil,2023-03-16,Premium,6189.02
8389,Customer 08389,customer08389@example.test,India,2024-11-02,Standard,3679.65
8390,Customer 08390,customer08390@example.test,Brazil,2024-06-29,Basic,5587.61
8391,Customer 08391,customer08391@example.test,Brazil,2022-06-22,Basic,1196.95
8392,Customer 08392,customer08392@example.test,Germany,2024-09-19,Basic,4493.46
8393,Customer 08393,customer08393@example.test,Australia,2020-03-21,Basic,3785.99
8394,Customer 08394,customer08394@example.test,Australia,2024-05-03,Premium,7532.96
8395,Customer 08395,customer08395@example.test,Canada,2023-05-20,Standard,2828.74
8396,Customer 08396,customer08396@example.test,Canada,2023-05-02,Basic,9939.39
8397,Customer 08397,customer08397@example.test,United States,2022-07-04,Standard,3665.62
8398,Customer 08398,customer08398@example.test,United Kingdom,2023-08-02,Premium,6568.90
8399,Customer 08399,customer08399@example.test,Australia,2021-04-22,Premium,6182.93
8400,Customer 08400,customer08400@example.test,Australia,2021-02-05,Premium,1066.14
8401,Customer 08401,customer08401@example.test,Canada,2024-02-06,Standard,6643.98
8402,Customer 08402,customer08402@example.test,Brazil,2020-01-28,Basic,5318.12
8403,Customer 08403,customer08403@example.test,Australia,2022-03-12,Standard,2886.06
8404,Customer 08404,customer08404@example.test,Australia,2020-12-16,Standard,6937.03
8405,Customer 08405,customer08405@example.test,India,2023-08-10,Premium,1899.58
8406,Customer 08406,customer08406@example.test,France,2020-11-27,Premium,4278.96
8407,Customer 08407,customer08407@example.test,France,2023-05-23,Premium,6647.84
8408,Customer 08408,customer08408@example.test,Australia,2023-02-22,Standard,1763.16
8409,Customer 08409,customer08409@example.test,Australia,2024-12-20,Premium,8204.67
8410,Customer 08410,customer08410@example.test,France,2022-10-17,Premium,9861.02
8411,Customer 08411,customer08411@example.test,Germany,2020-10-05,Premium,9486.45
8412,Customer 08412,customer08412@example.test,Japan,2022-02-27,Premium,2721.70
8413,Customer 08413,customer08413@example.test,United Kingdom,2023-12-08,Standard,2508.38
8414,Customer 08414,customer08414@example.test,Germany,2022-08-19,Premium,7311.57
8415,Customer 08415,customer08415@example.test,India,2024-07-14,Standard,9270.77
8416,Customer 08416,customer08416@example.test,Brazil,2024-05-20,Basic,7996.86
8417,Customer 08417,customer08417@example.test,Germany,2021-07-21,Standard,9919.91
8418,Customer 08418,customer08418@example.test,India,2023-09-20,Standard,7112.37
8419,Customer 08419,customer08419@example.test,United Kingdom,2024-05-10,Standard,521.13
8420,Customer 08420,customer08420@example.test,Japan,2024-01-15,Basic,9470.92
8421,Customer 08421,customer08421@example.test,France,2022-10-06,Standard,6773.18
8422,Customer 08422,customer08422@example.test,Germany,2021-09-14,Standard,2295.01
8423,Customer 08423,customer08423@example.test,India,2021-06-04,Basic,687.69
8424,Customer 08424,customer08424@example.test,Japan,2021-07-28,Basic,4499.83
8425,Customer 08425,customer08425@example.test,United States,2023-01-29,Basic,8626.85
8426,Customer 08426,customer08426@example.test,India,2022-05-07,Basic,2082.75
8427,Customer 08427,customer08427@example.test,Germany,2023-09-26,Basic,2079.31
8428,Customer 08428,customer08428@example.test,Germany,2024-05-29,Basic,7774.24
8429,Customer 08429,customer08429@example.test,France,2024-10-19,Basic,9854.29
8430,Customer 08430,customer08430@example.test,United States,2021-12-24,Standard,6605.83
8431,Customer 08431,customer08431@example.test,Japan,2020-11-23,Standard,2263.18
8432,Customer 08432,customer08432@example.test,Japan,2022-06-08,Standard,5427.27
8433,Customer 08433,customer08433@example.test,France,2021-10-03,Premium,307.21
8434,Customer 08434,customer08434@example.test,United Kingdom,2024-10-28,Standard,3826.44
8435,Customer 08435,customer08435@example.test,United Kingdom,2022-12-10,Premium,9692.11
8436,Customer 08436,customer08436@example.test,Germany,2022-11-06,Premium,1667.94
8437,Customer 08437,customer08437@example.test,Japan,2024-05-02,Basic,5880.96
8438,Customer 08438,customer08438@example.test,Germany,2021-03-23,Standard,2557.00
8439,Customer 08439,customer08439@example.test,Japan,2024-11-19,Basic,7240.50
8440,Customer 08440,customer08440@example.test,United States,2021-11-21,Premium,3733.25
8441,Customer 08441,customer08441@example.test,Germany,2020-02-18,Standard,8385.56
8442,Customer 08442,customer08442@example.test,India,2020-05-02,Basic,334.29
8443,Customer 08443,customer08443@example.test,Canada,2023-05-05,Basic,2822.13
8444,Customer 08444,customer08444@example.test,United Kingdom,2022-04-01,Premium,7684.13
8445,Customer 08445,customer08445@example.test,Australia,2024-08-11,Premium,4801.27
8446,Customer 08446,customer08446@example.test,Germany,2021-02-07,Premium,9623.47
8447,Customer 08447,customer08447@example.test,France,2024-04-01,Basic,478.97
8448,Customer 08448,customer08448@example.test,United Kingdom,2023-11-28,Standard,2383.16
8449,Customer 08449,customer08449@example.test,United Kingdom,2024-02-21,Premium,8855.60
8450,Customer 08450,customer08450@example.test,India,2023-04-23,Standard,6657.78
8451,Customer 08451,customer08451@example.test,India,2024-06-02,Basic,6594.34
8452,Customer 08452,customer08452@example.test,Australia,2023-11-05,Premium,5895.38
8453,Customer 08453,customer08453@example.test,Brazil,2020-02-28,Standard,1443.96
8454,Customer 08454,customer08454@example.test,United States,2021-11-17,Standard,1152.79
8455,Customer 08455,customer08455@example.test,Australia,2021-12-26,Basic,1390.99
8456,Customer 08456,customer08456@example.test,Australia,2023-11-12,Standard,3601.82
8457,Customer 08457,customer08457@example.test,Canada,2020-02-17,Basic,987.89
8458,Customer 08458,customer08458@example.test,France,2021-09-30,Standard,2380.01
8459,Customer 08459,customer08459@example.test,Brazil,2024-12-16,Premium,9530.04
8460,Customer 08460,customer08460@example.test,Germany,2022-08-08,Basic,7200.19
8461,Customer 08461,customer08461@example.test,France,2023-10-08,Premium,7870.57
8462,Customer 08462,customer08462@example.test,India,2022-10-03,Premium,824.90
8463,Customer 08463,customer08463@example.test,Brazil,2024-06-21,Premium,1491.45
8464,Customer 08464,customer08464@example.test,India,2021-05-04,Basic,306.10
8465,Customer 08465,customer08465@example.test,Canada,2021-07-16,Standard,3753.58
8466,Customer 08466,customer08466@example.test,United Kingdom,2021-01-13,Standard,1562.24
8467,Customer 08467,customer08467@example.test,Japan,2023-02-03,Basic,3987.77
8468,Customer 08468,customer08468@example.test,India,2021-01-10,Premium,7255.10
8469,Customer 08469,customer08469@example.test,United States,2020-04-14,Standard,5199.99
8470,Customer 08470,customer08470@example.test,United States,2021-04-02,Premium,5809.18
8471,Customer 08471,customer08471@example.test,India,2024-01-04,Standard,3067.66
8472,Customer 08472,customer08472@example.test,Brazil,2021-12-01,Standard,6626.16
8473,Customer 08473,customer08473@example.test,Japan,2024-03-29,Premium,8369.59
8474,Customer 08474,customer08474@example.test,Brazil,2023-05-21,Basic,2434.27
8475,Customer 08475,customer08475@example.test,Brazil,2021-10-25,Premium,4997.89
8476,Customer 08476,customer08476@example.test,Germany,2023-09-25,Standard,8690.56
8477,Customer 08477,customer08477@example.test,India,2022-01-02,Basic,2306.02
8478,Customer 08478,customer08478@example.test,United Kingdom,2023-11-11,Basic,327.68
8479,Customer 08479,customer08479@example.test,Japan,2024-04-15,Premium,4969.26
8480,Customer 08480,customer08480@example.test,United States,2021-01-16,Premium,4359.27
8481,Customer 08481,customer08481@example.test,France,2022-07-22,Premium,4637.45
8482,Customer 08482,customer08482@example.test,Japan,2021-05-27,Premium,8844.12
8483,Customer 08483,customer08483@example.test,Brazil,2020-10-14,Basic,3328.81
8484,Customer 08484,customer08484@example.test,United Kingdom,2024-08-27,Standard,4437.34
8485,Customer 08485,customer08485@example.test,Canada,2024-01-12,Standard,2698.28
8486,Customer 08486,customer08486@example.test,Brazil,2024-12-13,Premium,7898.47
8487,Customer 08487,customer08487@example.test,Australia,2022-05-18,Basic,2700.48
8488,Customer 08488,customer08488@example.test,Brazil,2022-12-12,Basic,8215.97
8489,Customer 08489,customer08489@example.test,United Kingdom,2023-09-03,Standard,1675.45
8490,Customer 08490,customer08490@example.test,Australia,2020-01-29,Standard,5987.57
8491,Customer 08491,customer08491@example.test,Brazil,2021-04-24,Basic,8726.85
8492,Customer 08492,customer08492@example.test,France,2022-06-02,Premium,8284.79
8493,Customer 08493,customer08493@example.test,France,2024-09-24,Basic,6267.47
8494,Customer 08494,customer08494@example.test,Brazil,2021-11-19,Standard,7809.07
8495,Customer 08495,customer08495@example.test,Australia,2022-10-08,Standard,3518.88
8496,Customer 08496,customer08496@example.test,India,2020-03-07,Basic,6454.46
8497,Customer 08497,customer08497@example.test,United States,2024-08-09,Premium,9622.62
8498,Customer 08498,customer08498@example.test,Canada,2024-08-08,Basic,7380.91
8499,Customer 08499,customer08499@example.test,Japan,2024-01-21,Standard,2386.18
8500,Customer 08500,customer08500@example.test,Brazil,2023-10-17,Premium,9985.25
8501,Customer 08501,customer08501@example.test,France,2024-04-06,Standard,8196.13
8502,Customer 08502,customer08502@example.test,United States,2021-04-14,Basic,5563.66
8503,Customer 08503,customer08503@example.test,Germany,2020-03-19,Basic,3608.74
8504,Customer 08504,customer08504@example.test,Brazil,2024-10-07,Basic,3059.24
8505,Customer 08505,customer08505@example.test,Canada,2023-08-24,Premium,1523.05
8506,Customer 08506,customer08506@example.test,France,2022-01-26,Standard,3122.44
8507,Customer 08507,customer08507@example.test,Australia,2022-01-20,Basic,1517.84
8508,Customer 08508,customer08508@example.test,Canada,2023-02-06,Basic,2490.85
8509,Customer 08509,customer08509@example.test,France,2020-08-07,Standard,1389.51
8510,Customer 08510,customer08510@example.test,India,2022-08-23,Standard,4630.12
8511,Customer 08511,customer08511@example.test,United Kingdom,2022-02-14,Premium,6358.33
8512,Customer 08512,customer08512@example.test,Brazil,2023-06-02,Premium,7532.29
8513,Customer 08513,customer08513@example.test,Germany,2021-11-09,Basic,254.62
8514,Customer 08514,customer08514@example.test,Germany,2024-03-12,Basic,2713.30
8515,Customer 08515,customer08515@example.test,Brazil,2021-02-01,Basic,8921.69
8516,Customer 08516,customer08516@example.test,France,2023-12-19,Basic,3136.86
8517,Customer 08517,customer08517@example.test,Japan,2021-05-24,Basic,3906.07
8518,Customer 08518,customer08518@example.test,Brazil,2021-04-05,Premium,7189.83
8519,Customer 08519,customer08519@example.test,Canada,2023-08-30,Basic,6136.85
8520,Customer 08520,customer08520@example.test,United Kingdom,2022-09-17,Premium,7111.48
8521,Customer 08521,customer08521@example.test,Brazil,2023-08-08,Standard,165.67
8522,Customer 08522,customer08522@example.test,Canada,2022-04-15,Basic,6129.41
8523,Customer 08523,customer08523@example.test,United Kingdom,2020-08-22,Basic,1326.52
8524,Customer 08524,customer08524@example.test,India,2022-03-09,Premium,9538.91
8525,Customer 08525,customer08525@example.test,France,2022-07-14,Premium,5339.70
8526,Customer 08526,customer08526@example.test,Japan,2020-08-16,Premium,7185.97
8527,Customer 08527,customer08527@example.test,Brazil,2023-06-12,Basic,561.77
8528,Customer 08528,customer08528@example.test,United States,2024-02-06,Standard,2396.91
8529,Customer 08529,customer08529@example.test,Canada,2024-08-06,Premium,1027.08
8530,Customer 08530,customer08530@example.test,United States,2023-04-30,Premium,4163.58
8531,Customer 08531,customer08531@example.test,Brazil,2023-03-07,Standard,4641.55
8532,Customer 08532,customer08532@example.test,United Kingdom,2021-03-22,Standard,8158.06
8533,Customer 08533,customer08533@example.test,Brazil,2022-09-18,Premium,3764.22
8534,Customer 08534,customer08534@example.test,United States,2020-10-07,Basic,4731.39
8535,Customer 08535,customer08535@example.test,Australia,2022-09-25,Standard,6747.26
8536,Customer 08536,customer08536@example.test,India,2021-08-21,Basic,7764.54
8537,Customer 08537,customer08537@example.test,Brazil,2023-06-21,Standard,9053.28
8538,Customer 08538,customer08538@example.test,Australia,2021-02-06,Standard,2874.81
8539,Customer 08539,customer08539@example.test,Australia,2021-10-12,Premium,8481.55
8540,Customer 08540,customer08540@example.test,Australia,2020-12-29,Premium,8138.14
8541,Customer 08541,customer08541@example.test,Japan,2023-08-16,Basic,8461.13
8542,Customer 08542,customer08542@example.test,France,2022-12-02,Basic,5183.81
8543,Customer 08543,customer08543@example.test,Australia,2023-02-10,Premium,7809.54
8544,Customer 08544,customer08544@example.test,India,2021-09-26,Premium,1783.63
8545,Customer 08545,customer08545@example.test,India,2023-05-02,Basic,4191.84
8546,Customer 08546,customer08546@example.test,Japan,2022-07-15,Premium,2492.88
8547,Customer 08547,customer08547@example.test,Australia,2023-08-21,Standard,89.22
8548,Customer 08548,customer08548@example.test,France,2023-05-23,Standard,4279.10
8549,Customer 08549,customer08549@example.test,United Kingdom,2023-11-03,Basic,3648.89
8550,Customer 08550,customer08550@example.test,Brazil,2021-09-01,Basic,7455.20
8551,Customer 08551,customer08551@example.test,Canada,2024-01-21,Premium,8271.24
8552,Customer 08552,customer08552@example.test,United States,2022-05-18,Basic,1009.34
8553,Customer 08553,customer08553@example.test,Brazil,2020-04-01,Premium,8704.27
8554,Customer 08554,customer08554@example.test,Canada,2023-01-30,Standard,1809.03
8555,Customer 08555,customer08555@example.test,Australia,2020-05-26,Standard,1049.92
8556,Customer 08556,customer08556@example.test,France,2021-05-14,Standard,3935.27
8557,Customer 08557,customer08557@example.test,Brazil,2020-05-03,Basic,3255.87
8558,Customer 08558,customer08558@example.test,Canada,2020-11-23,Premium,1033.26
8559,Customer 08559,customer08559@example.test,United States,2021-04-26,Basic,5734.71
8560,Customer 08560,customer08560@example.test,India,2020-12-12,Premium,1822.55
8561,Customer 08561,customer08561@example.test,United States,2020-03-05,Basic,2065.55
8562,Customer 08562,customer08562@example.test,Brazil,2023-11-04,Basic,4055.21
8563,Customer 08563,customer08563@example.test,Brazil,2022-12-07,Basic,8176.11
8564,Customer 08564,customer08564@example.test,Japan,2023-07-28,Premium,4355.11
8565,Customer 08565,customer08565@example.test,Australia,2024-09-18,Premium,5635.79
8566,Customer 08566,customer08566@example.test,Brazil,2023-03-03,Basic,9839.95
8567,Customer 08567,customer08567@example.test,United Kingdom,2023-12-07,Premium,7741.42
8568,Customer 08568,customer08568@example.test,Australia,2022-02-18,Standard,7854.73
8569,Customer 08569,customer08569@example.test,Germany,2022-11-11,Basic,5097.04
8570,Customer 08570,customer08570@example.test,United Kingdom,2022-05-27,Premium,484.15
8571,Customer 08571,customer08571@example.test,Australia,2020-03-28,Standard,1356.87
8572,Customer 08572,customer08572@example.test,Germany,2020-06-14,Basic,7521.13
8573,Customer 08573,customer08573@example.test,Australia,2020-07-23,Standard,9576.90
8574,Customer 08574,customer08574@example.test,United Kingdom,2020-01-19,Premium,4547.69
8575,Customer 08575,customer08575@example.test,Germany,2021-05-09,Basic,3829.23
8576,Customer 08576,customer08576@example.test,Australia,2024-11-19,Basic,7039.00
8577,Customer 08577,customer08577@example.test,India,2022-12-27,Premium,1890.61
8578,Customer 08578,customer08578@example.test,United Kingdom,2021-03-19,Premium,5547.87
8579,Customer 08579,customer08579@example.test,Brazil,2022-01-30,Premium,9250.03
8580,Customer 08580,customer08580@example.test,Brazil,2024-05-18,Basic,2776.95
8581,Customer 08581,customer08581@example.test,Germany,2024-06-23,Standard,2721.49
8582,Customer 08582,customer08582@example.test,Japan,2022-01-14,Basic,4955.68
8583,Customer 08583,customer08583@example.test,Japan,2020-10-17,Standard,3548.71
8584,Customer 08584,customer08584@example.test,Brazil,2022-03-08,Basic,1951.02
8585,Customer 08585,customer08585@example.test,Japan,2022-07-17,Standard,820.48
8586,Customer 08586,customer08586@example.test,United Kingdom,2021-04-28,Standard,7700.33
8587,Customer 08587,customer08587@example.test,Brazil,2023-11-02,Basic,7919.35
8588,Customer 08588,customer08588@example.test,United States,2023-10-15,Basic,4354.46
8589,Customer 08589,customer08589@example.test,Canada,2024-03-16,Standard,2522.01
8590,Customer 08590,customer08590@example.test,India,2023-04-12,Standard,1117.27
8591,Customer 08591,customer08591@example.test,Japan,2020-10-02,Standard,9685.34
8592,Customer 08592,customer08592@example.test,United Kingdom,2024-05-08,Basic,2293.85
8593,Customer 08593,customer08593@example.test,India,2020-02-21,Standard,5184.35
8594,Customer 08594,customer08594@example.test,United Kingdom,2021-02-28,Premium,2050.98
8595,Customer 08595,customer08595@example.test,United States,2023-01-20,Standard,7837.47
8596,Customer 08596,customer08596@example.test,Australia,2021-08-09,Premium,7648.71
8597,Customer 08597,customer08597@example.test,France,2020-10-13,Basic,6871.07
8598,Customer 08598,customer08598@example.test,Germany,2024-01-09,Basic,3992.77
8599,Customer 08599,customer08599@example.test,Germany,2020-05-20,Standard,8257.10
8600,Customer 08600,customer08600@example.test,Japan,2022-03-11,Premium,5182.47
8601,Customer 08601,customer08601@example.test,France,2022-05-18,Basic,2290.21
8602,Customer 08602,customer08602@example.test,Germany,2020-01-02,Basic,1158.15
8603,Customer 08603,customer08603@example.test,United Kingdom,2020-05-26,Standard,8169.82
8604,Customer 08604,customer08604@example.test,Germany,2020-07-17,Premium,6566.28
8605,Customer 08605,customer08605@example.test,Brazil,2023-10-06,Standard,1945.83
8606,Customer 08606,customer08606@example.test,United States,2021-08-28,Premium,1181.68
8607,Customer 08607,customer08607@example.test,Japan,2023-05-15,Basic,7729.28
8608,Customer 08608,customer08608@example.test,France,2022-05-13,Standard,2746.55
8609,Customer 08609,customer08609@example.test,Australia,2022-09-08,Standard,4071.60
8610,Customer 08610,customer08610@example.test,Japan,2021-10-03,Basic,5928.40
8611,Customer 08611,customer08611@example.test,United States,2022-03-04,Standard,9720.01
8612,Customer 08612,customer08612@example.test,France,2020-02-14,Standard,5779.81
8613,Customer 08613,customer08613@example.test,France,2023-02-18,Premium,296.81
8614,Customer 08614,customer08614@example.test,United States,2021-07-23,Premium,5100.49
8615,Customer 08615,customer08615@example.test,France,2023-10-30,Standard,7643.45
8616,Customer 08616,customer08616@example.test,Brazil,2021-04-09,Standard,6046.64
8617,Customer 08617,customer08617@example.test,Canada,2021-01-05,Basic,9940.92
8618,Customer 08618,customer08618@example.test,Brazil,2023-05-01,Basic,6751.24
8619,Customer 08619,customer08619@example.test,United Kingdom,2020-12-09,Premium,4019.21
8620,Customer 08620,customer08620@example.test,France,2021-11-06,Standard,675.42
8621,Customer 08621,customer08621@example.test,Germany,2020-03-30,Premium,3954.39
8622,Customer 08622,customer08622@example.test,Canada,2024-03-01,Basic,987.63
8623,Customer 08623,customer08623@example.test,United States,2020-06-16,Standard,1786.13
8624,Customer 08624,customer08624@example.test,United States,2020-09-19,Premium,2944.04
8625,Customer 08625,customer08625@example.test,Brazil,2022-09-09,Basic,2019.34
8626,Customer 08626,customer08626@example.test,Brazil,2020-02-11,Basic,1197.60
8627,Customer 08627,customer08627@example.test,Japan,2022-07-03,Basic,560.23
8628,Customer 08628,customer08628@example.test,United Kingdom,2024-10-02,Standard,7100.38
8629,Customer 08629,customer08629@example.test,United States,2022-07-06,Basic,7645.15
8630,Customer 08630,customer08630@example.test,United States,2024-06-06,Basic,2642.87
8631,Customer 08631,customer08631@example.test,United Kingdom,2024-09-01,Standard,6098.88
8632,Customer 08632,customer08632@example.test,United Kingdom,2023-06-12,Basic,6294.26
8633,Customer 08633,customer08633@example.test,India,2020-04-26,Premium,9750.27
8634,Customer 08634,customer08634@example.test,Canada,2024-11-13,Premium,5141.50
8635,Customer 08635,customer08635@example.test,Brazil,2020-09-11,Standard,5728.21
8636,Customer 08636,customer08636@example.test,Japan,2024-10-14,Standard,4377.89
8637,Customer 08637,customer08637@example.test,United States,2021-12-29,Basic,995.31
8638,Customer 08638,customer08638@example.test,United States,2023-02-06,Basic,1069.60
8639,Customer 08639,customer08639@example.test,Australia,2024-12-30,Standard,807.08
8640,Customer 08640,customer08640@example.test,France,2022-10-05,Basic,8396.87
8641,Customer 08641,customer08641@example.test,India,2023-11-03,Standard,9034.22
8642,Customer 08642,customer08642@example.test,Brazil,2021-05-13,Standard,2098.37
8643,Customer 08643,customer08643@example.test,Brazil,2024-08-24,Premium,6253.47
8644,Customer 08644,customer08644@example.test,India,2022-08-02,Standard,4704.24
8645,Customer 08645,customer08645@example.test,Canada,2024-08-02,Basic,9088.36
8646,Customer 08646,customer08646@example.test,Japan,2024-03-22,Premium,4388.84
8647,Customer 08647,customer08647@example.test,Germany,2023-05-07,Basic,4304.62
8648,Customer 08648,customer08648@example.test,United Kingdom,2021-03-22,Basic,5317.50
8649,Customer 08649,customer08649@example.test,Brazil,2020-05-25,Basic,8799.44
8650,Customer 08650,customer08650@example.test,France,2024-12-31,Basic,8943.78
8651,Customer 08651,customer08651@example.test,Australia,2023-11-13,Standard,5561.66
8652,Customer 08652,customer08652@example.test,Australia,2020-12-07,Premium,8007.02
8653,Customer 08653,customer08653@example.test,Australia,2021-02-28,Standard,805.93
8654,Customer 08654,customer08654@example.test,United Kingdom,2022-05-22,Standard,1976.82
8655,Customer 08655,customer08655@example.test,Canada,2024-06-16,Premium,4079.14
8656,Customer 08656,customer08656@example.test,France,2021-03-30,Standard,9656.57
8657,Customer 08657,customer08657@example.test,France,2020-09-03,Premium,4930.47
8658,Customer 08658,customer08658@example.test,United States,2023-06-11,Standard,2807.67
8659,Customer 08659,customer08659@example.test,Australia,2023-03-30,Premium,3255.53
8660,Customer 08660,customer08660@example.test,Australia,2023-11-12,Premium,4993.54
8661,Customer 08661,customer08661@example.test,Canada,2023-10-09,Basic,3746.11
8662,Customer 08662,customer08662@example.test,Germany,2024-03-15,Standard,5409.48
8663,Customer 08663,customer08663@example.test,India,2024-05-09,Basic,2358.32
8664,Customer 08664,customer08664@example.test,Japan,2021-11-30,Premium,7131.18
8665,Customer 08665,customer08665@example.test,United States,2023-05-09,Premium,1605.87
8666,Customer 08666,customer08666@example.test,Germany,2022-09-13,Basic,2284.08
8667,Customer 08667,customer08667@example.test,Canada,2023-05-21,Premium,9550.17
8668,Customer 08668,customer08668@example.test,India,2021-10-21,Premium,4592.18
8669,Customer 08669,customer08669@example.test,Germany,2024-07-14,Premium,8741.21
8670,Customer 08670,customer08670@example.test,Canada,2023-05-14,Standard,5847.39
8671,Customer 08671,customer08671@example.test,Brazil,2024-12-08,Basic,7749.54
8672,Customer 08672,customer08672@example.test,Germany,2024-09-22,Standard,9097.93
8673,Customer 08673,customer08673@example.test,Canada,2022-05-12,Premium,8586.79
8674,Customer 08674,customer08674@example.test,Canada,2023-12-11,Basic,1969.95
8675,Customer 08675,customer08675@example.test,Australia,2022-04-11,Premium,7300.32
8676,Customer 08676,customer08676@example.test,Japan,2023-01-15,Premium,5992.06
8677,Customer 08677,customer08677@example.test,Germany,2023-05-10,Standard,2707.50
8678,Customer 08678,customer08678@example.test,France,2020-07-19,Basic,8100.88
8679,Customer 08679,customer08679@example.test,Germany,2023-02-10,Standard,2451.09
8680,Customer 08680,customer08680@example.test,India,2020-07-11,Standard,2281.99
8681,Customer 08681,customer08681@example.test,Australia,2024-05-08,Basic,2541.34
8682,Customer 08682,customer08682@example.test,United Kingdom,2020-01-18,Basic,4193.70
8683,Customer 08683,customer08683@example.test,India,2022-12-03,Basic,483.82
8684,Customer 08684,customer08684@example.test,Japan,2023-08-25,Basic,6937.39
8685,Customer 08685,customer08685@example.test,India,2021-09-18,Basic,5645.31
8686,Customer 08686,customer08686@example.test,Canada,2022-08-09,Basic,2910.48
8687,Customer 08687,customer08687@example.test,Australia,2024-02-02,Basic,7856.54
8688,Customer 08688,customer08688@example.test,Canada,2023-06-05,Basic,1128.38
8689,Customer 08689,customer08689@example.test,United Kingdom,2022-08-01,Basic,8141.14
8690,Customer 08690,customer08690@example.test,France,2024-12-31,Standard,6824.66
8691,Customer 08691,customer08691@example.test,Brazil,2024-04-06,Standard,4199.12
8692,Customer 08692,customer08692@example.test,Brazil,2022-11-06,Premium,9199.62
8693,Customer 08693,customer08693@example.test,France,2021-02-26,Basic,4933.22
8694,Customer 08694,customer08694@example.test,Japan,2021-01-28,Standard,301.81
8695,Customer 08695,customer08695@example.test,Canada,2022-09-06,Premium,5020.81
8696,Customer 08696,customer08696@example.test,France,2023-09-07,Basic,3080.02
8697,Customer 08697,customer08697@example.test,Canada,2020-01-23,Standard,1390.45
8698,Customer 08698,customer08698@example.test,Canada,2023-08-25,Basic,1790.29
8699,Customer 08699,customer08699@example.test,Germany,2024-02-14,Premium,7217.82
8700,Customer 08700,customer08700@example.test,United States,2023-06-17,Basic,2406.83
8701,Customer 08701,customer08701@example.test,Australia,2024-07-18,Standard,7064.35
8702,Customer 08702,customer08702@example.test,Canada,2021-05-18,Basic,2460.88
8703,Customer 08703,customer08703@example.test,India,2022-06-07,Standard,9455.92
8704,Customer 08704,customer08704@example.test,Brazil,2020-01-30,Basic,1047.29
8705,Customer 08705,customer08705@example.test,Germany,2023-08-21,Standard,2814.95
8706,Customer 08706,customer08706@example.test,Germany,2020-12-10,Basic,9150.03
8707,Customer 08707,customer08707@example.test,Germany,2024-10-12,Premium,7019.18
8708,Customer 08708,customer08708@example.test,Australia,2023-09-30,Premium,7267.96
8709,Customer 08709,customer08709@example.test,France,2021-07-26,Standard,76.78
8710,Customer 08710,customer08710@example.test,Germany,2023-11-29,Standard,4313.34
8711,Customer 08711,customer08711@example.test,Brazil,2021-12-19,Premium,7007.71
8712,Customer 08712,customer08712@example.test,United States,2024-02-15,Standard,6893.02
8713,Customer 08713,customer08713@example.test,India,2020-05-13,Standard,2872.72
8714,Customer 08714,customer08714@example.test,Germany,2020-01-17,Premium,3239.35
8715,Customer 08715,customer08715@example.test,India,2022-10-10,Premium,6511.62
8716,Customer 08716,customer08716@example.test,Brazil,2023-01-09,Premium,4901.65
8717,Customer 08717,customer08717@example.test,India,2020-03-20,Standard,8711.75
8718,Customer 08718,customer08718@example.test,Canada,2023-07-27,Standard,8795.14
8719,Customer 08719,customer08719@example.test,Brazil,2021-10-27,Basic,6642.07
8720,Customer 08720,customer08720@example.test,Australia,2023-07-01,Basic,9534.68
8721,Customer 08721,customer08721@example.test,Canada,2024-08-15,Standard,9018.57
8722,Customer 08722,customer08722@example.test,Brazil,2020-06-04,Premium,6742.38
8723,Customer 08723,customer08723@example.test,India,2021-02-12,Standard,3350.46
8724,Customer 08724,customer08724@example.test,Germany,2023-06-16,Premium,7857.49
8725,Customer 08725,customer08725@example.test,Canada,2023-03-29,Premium,6649.78
8726,Customer 08726,customer08726@example.test,France,2020-12-23,Standard,4007.98
8727,Customer 08727,customer08727@example.test,Japan,2023-12-27,Standard,6114.10
8728,Customer 08728,customer08728@example.test,Japan,2023-09-21,Basic,1816.85
8729,Customer 08729,customer08729@example.test,Canada,2024-05-06,Basic,3638.28
8730,Customer 08730,customer08730@example.test,France,2021-04-23,Basic,4023.63
8731,Customer 08731,customer08731@example.test,Germany,2020-07-10,Premium,8753.13
8732,Customer 08732,customer08732@example.test,United States,2020-05-13,Premium,6384.04
8733,Customer 08733,customer08733@example.test,Australia,2023-10-18,Basic,8315.72
8734,Customer 08734,customer08734@example.test,Germany,2021-04-17,Premium,2940.65
8735,Customer 08735,customer08735@example.test,Canada,2023-08-31,Standard,23.07
8736,Customer 08736,customer08736@example.test,Japan,2022-02-14,Basic,1863.05
8737,Customer 08737,customer08737@example.test,France,2022-11-15,Standard,4300.33
8738,Customer 08738,customer08738@example.test,France,2021-01-26,Standard,7073.12
8739,Customer 08739,customer08739@example.test,United States,2022-11-25,Basic,2412.48
8740,Customer 08740,customer08740@example.test,Germany,2021-05-02,Premium,4955.98
8741,Customer 08741,customer08741@example.test,Brazil,2022-01-29,Basic,5524.00
8742,Customer 08742,customer08742@example.test,Japan,2022-02-19,Basic,2667.59
8743,Customer 08743,customer08743@example.test,Australia,2024-02-07,Basic,4557.71
8744,Customer 08744,customer08744@example.test,India,2024-05-08,Standard,1842.64
8745,Customer 08745,customer08745@example.test,France,2021-08-05,Basic,5893.20
8746,Customer 08746,customer08746@example.test,Japan,2020-12-27,Basic,9906.04
8747,Customer 08747,customer08747@example.test,United States,2020-09-30,Standard,3602.12
8748,Customer 08748,customer08748@example.test,United Kingdom,2020-02-12,Standard,2141.21
8749,Customer 08749,customer08749@example.test,Australia,2021-11-27,Basic,9038.39
8750,Customer 08750,customer08750@example.test,Canada,2021-12-12,Basic,6643.79
8751,Customer 08751,customer08751@example.test,India,2022-12-07,Basic,2851.91
8752,Customer 08752,customer08752@example.test,United Kingdom,2024-12-05,Basic,9076.77
8753,Customer 08753,customer08753@example.test,France,2020-01-17,Basic,4476.58
8754,Customer 08754,customer08754@example.test,Japan,2024-07-10,Standard,3426.31
8755,Customer 08755,customer08755@example.test,India,2021-03-05,Basic,1007.95
8756,Customer 08756,customer08756@example.test,United Kingdom,2024-09-15,Standard,3440.76
8757,Customer 08757,customer08757@example.test,Germany,2020-04-01,Standard,1306.53
8758,Customer 08758,customer08758@example.test,United States,2024-07-01,Basic,2111.92
8759,Customer 08759,customer08759@example.test,Australia,2020-01-10,Basic,8369.41
8760,Customer 08760,customer08760@example.test,India,2023-04-20,Standard,1429.98
8761,Customer 08761,customer08761@example.test,United States,2023-02-01,Standard,2225.77
8762,Customer 08762,customer08762@example.test,Germany,2021-07-16,Basic,7651.73
8763,Customer 08763,customer08763@example.test,Japan,2023-06-04,Basic,3956.18
8764,Customer 08764,customer08764@example.test,Japan,2022-11-23,Standard,4718.31
8765,Customer 08765,customer08765@example.test,United States,2023-04-21,Basic,6075.35
8766,Customer 08766,customer08766@example.test,United Kingdom,2021-06-12,Premium,4284.30
8767,Customer 08767,customer08767@example.test,Brazil,2023-12-06,Standard,7342.96
8768,Customer 08768,customer08768@example.test,Australia,2024-10-13,Standard,6126.22
8769,Customer 08769,customer08769@example.test,Brazil,2020-04-15,Standard,6514.02
8770,Customer 08770,customer08770@example.test,Brazil,2022-06-20,Premium,275.95
8771,Customer 08771,customer08771@example.test,France,2024-04-02,Basic,2733.74
8772,Customer 08772,customer08772@example.test,United Kingdom,2024-06-18,Premium,3530.78
8773,Customer 08773,customer08773@example.test,United Kingdom,2022-03-14,Standard,4391.76
8774,Customer 08774,customer08774@example.test,India,2022-06-04,Premium,6843.20
8775,Customer 08775,customer08775@example.test,Brazil,2021-11-24,Basic,7633.33
8776,Customer 08776,customer08776@example.test,Japan,2022-10-31,Premium,7195.59
8777,Customer 08777,customer08777@example.test,Japan,2020-07-15,Standard,6943.52
8778,Customer 08778,customer08778@example.test,Germany,2021-08-22,Basic,9298.96
8779,Customer 08779,customer08779@example.test,Canada,2024-01-21,Premium,2978.86
8780,Customer 08780,customer08780@example.test,France,2023-11-22,Standard,6403.61
8781,Customer 08781,customer08781@example.test,Japan,2024-12-22,Basic,5422.42
8782,Customer 08782,customer08782@example.test,Australia,2021-11-02,Standard,3399.53
8783,Customer 08783,customer08783@example.test,Australia,2024-04-04,Basic,3514.02
8784,Customer 08784,customer08784@example.test,Japan,2024-05-19,Standard,8984.95
8785,Customer 08785,customer08785@example.test,France,2023-12-19,Standard,3598.24
8786,Customer 08786,customer08786@example.test,Australia,2021-09-28,Premium,8648.90
8787,Customer 08787,customer08787@example.test,Germany,2023-12-29,Premium,8340.42
8788,Customer 08788,customer08788@example.test,Japan,2023-02-22,Premium,4945.38
8789,Customer 08789,customer08789@example.test,United States,2024-08-29,Basic,1759.70
8790,Customer 08790,customer08790@example.test,United Kingdom,2021-11-09,Premium,3152.67
8791,Customer 08791,customer08791@example.test,Canada,2020-03-09,Standard,584.02
8792,Customer 08792,customer08792@example.test,France,2024-10-31,Basic,3394.51
8793,Customer 08793,customer08793@example.test,United Kingdom,2024-11-19,Standard,7807.36
8794,Customer 08794,customer08794@example.test,Japan,2020-12-19,Standard,5391.38
8795,Customer 08795,customer08795@example.test,Brazil,2024-06-05,Basic,4312.50
8796,Customer 08796,customer08796@example.test,France,2024-04-06,Basic,6782.45
8797,Customer 08797,customer08797@example.test,France,2021-08-11,Basic,4269.84
8798,Customer 08798,customer08798@example.test,United States,2024-10-26,Premium,7037.76
8799,Customer 08799,customer08799@example.test,France,2022-02-28,Standard,5370.27
8800,Customer 08800,customer08800@example.test,France,2021-12-19,Premium,7550.69
8801,Customer 08801,customer08801@example.test,Brazil,2024-09-16,Premium,8071.73
8802,Customer 08802,customer08802@example.test,Canada,2020-06-11,Standard,5759.52
8803,Customer 08803,customer08803@example.test,Japan,2023-03-29,Basic,3496.61
8804,Customer 08804,customer08804@example.test,France,2020-06-21,Premium,7959.65
8805,Customer 08805,customer08805@example.test,United States,2021-08-25,Standard,1545.91
8806,Customer 08806,customer08806@example.test,United Kingdom,2024-11-13,Standard,3672.93
8807,Customer 08807,customer08807@example.test,Japan,2022-12-09,Standard,511.41
8808,Customer 08808,customer08808@example.test,France,2024-12-30,Standard,3434.58
8809,Customer 08809,customer08809@example.test,Canada,2022-04-29,Premium,9912.76
8810,Customer 08810,customer08810@example.test,Japan,2021-02-01,Premium,2660.54
8811,Customer 08811,customer08811@example.test,Germany,2021-09-14,Premium,6594.15
8812,Customer 08812,customer08812@example.test,Germany,2023-05-03,Standard,5333.79
8813,Customer 08813,customer08813@example.test,Japan,2024-05-18,Basic,7746.35
8814,Customer 08814,customer08814@example.test,France,2024-01-11,Premium,1100.49
8815,Customer 08815,customer08815@example.test,Brazil,2023-01-05,Basic,1578.51
8816,Customer 08816,customer08816@example.test,France,2021-02-05,Standard,4611.05
8817,Customer 08817,customer08817@example.test,Japan,2023-10-23,Premium,4999.37
8818,Customer 08818,customer08818@example.test,Australia,2024-01-02,Standard,9256.77
8819,Customer 08819,customer08819@example.test,Brazil,2021-03-26,Standard,3160.96
8820,Customer 08820,customer08820@example.test,India,2021-07-27,Standard,4839.71
8821,Customer 08821,customer08821@example.test,Japan,2024-12-19,Premium,7080.00
8822,Customer 08822,customer08822@example.test,Canada,2022-04-26,Standard,2569.04
8823,Customer 08823,customer08823@example.test,United Kingdom,2022-03-14,Basic,3283.73
8824,Customer 08824,customer08824@example.test,Australia,2023-11-27,Basic,6440.91
8825,Customer 08825,customer08825@example.test,United Kingdom,2023-02-09,Standard,2778.37
8826,Customer 08826,customer08826@example.test,United Kingdom,2024-05-23,Standard,6430.66
8827,Customer 08827,customer08827@example.test,Germany,2021-07-12,Basic,2510.57
8828,Customer 08828,customer08828@example.test,United States,2021-08-07,Basic,3505.20
8829,Customer 08829,customer08829@example.test,India,2020-10-10,Premium,4677.96
8830,Customer 08830,customer08830@example.test,United Kingdom,2024-03-15,Standard,9208.35
8831,Customer 08831,customer08831@example.test,Australia,2024-08-18,Premium,4993.30
8832,Customer 08832,customer08832@example.test,United Kingdom,2022-03-08,Standard,5846.57
8833,Customer 08833,customer08833@example.test,Germany,2022-08-31,Premium,2780.17
8834,Customer 08834,customer08834@example.test,Canada,2024-11-21,Premium,9086.71
8835,Customer 08835,customer08835@example.test,Japan,2022-09-10,Standard,3719.20
8836,Customer 08836,customer08836@example.test,Germany,2020-06-13,Basic,4667.75
8837,Customer 08837,customer08837@example.test,France,2021-12-19,Standard,925.54
8838,Customer 08838,customer08838@example.test,India,2020-06-04,Standard,8037.65
8839,Customer 08839,customer08839@example.test,France,2021-03-01,Premium,6522.04
8840,Customer 08840,customer08840@example.test,Australia,2023-04-19,Premium,6746.01
8841,Customer 08841,customer08841@example.test,Australia,2024-01-09,Basic,8924.49
8842,Customer 08842,customer08842@example.test,Australia,2021-07-22,Standard,3907.00
8843,Customer 08843,customer08843@example.test,India,2022-03-26,Basic,5308.31
8844,Customer 08844,customer08844@example.test,France,2020-11-03,Basic,3046.16
8845,Customer 08845,customer08845@example.test,Germany,2024-01-19,Standard,2560.26
8846,Customer 08846,customer08846@example.test,India,2022-12-11,Basic,6891.50
8847,Customer 08847,customer08847@example.test,India,2022-05-15,Premium,3585.67
8848,Customer 08848,customer08848@example.test,France,2021-01-04,Basic,1364.55
8849,Customer 08849,customer08849@example.test,Japan,2022-04-22,Premium,6619.63
8850,Customer 08850,customer08850@example.test,Australia,2023-10-31,Premium,2728.69
8851,Customer 08851,customer08851@example.test,Australia,2022-08-13,Basic,7726.56
8852,Customer 08852,customer08852@example.test,Brazil,2020-06-10,Premium,7713.45
8853,Customer 08853,customer08853@example.test,Germany,2021-05-17,Basic,7900.64
8854,Customer 08854,customer08854@example.test,India,2023-09-25,Standard,815.75
8855,Customer 08855,customer08855@example.test,United States,2020-06-10,Basic,6203.05
8856,Customer 08856,customer08856@example.test,Japan,2024-02-15,Standard,842.52
8857,Customer 08857,customer08857@example.test,United States,2020-06-26,Premium,7160.17
8858,Customer 08858,customer08858@example.test,India,2024-12-21,Basic,2254.82
8859,Customer 08859,customer08859@example.test,United Kingdom,2024-03-13,Standard,4213.10
8860,Customer 08860,customer08860@example.test,Brazil,2022-05-23,Standard,7656.34
8861,Customer 08861,customer08861@example.test,United Kingdom,2021-09-19,Standard,4456.97
8862,Customer 08862,customer08862@example.test,United States,2020-07-09,Basic,8012.32
8863,Customer 08863,customer08863@example.test,Japan,2023-08-19,Basic,5105.10
8864,Customer 08864,customer08864@example.test,Australia,2023-10-01,Standard,7555.48
8865,Customer 08865,customer08865@example.test,Japan,2022-08-03,Standard,7038.19
8866,Customer 08866,customer08866@example.test,Japan,2023-08-26,Basic,9284.49
8867,Customer 08867,customer08867@example.test,Australia,2020-10-28,Basic,3909.76
8868,Customer 08868,customer08868@example.test,Canada,2023-12-29,Standard,4237.46
8869,Customer 08869,customer08869@example.test,India,2021-12-03,Premium,5523.41
8870,Customer 08870,customer08870@example.test,Brazil,2023-08-07,Standard,7532.22
8871,Customer 08871,customer08871@example.test,France,2020-12-02,Basic,2428.05
8872,Customer 08872,customer08872@example.test,Canada,2020-01-08,Basic,7385.87
8873,Customer 08873,customer08873@example.test,United Kingdom,2021-01-15,Standard,9523.88
8874,Customer 08874,customer08874@example.test,Australia,2021-08-08,Standard,2917.55
8875,Customer 08875,customer08875@example.test,United Kingdom,2024-09-12,Basic,2537.23
8876,Customer 08876,customer08876@example.test,United States,2023-06-30,Standard,1832.23
8877,Customer 08877,customer08877@example.test,Brazil,2020-11-14,Standard,574.56
8878,Customer 08878,customer08878@example.test,Brazil,2021-12-27,Premium,9182.07
8879,Customer 08879,customer08879@example.test,United States,2020-06-29,Standard,3943.65
8880,Customer 08880,customer08880@example.test,Germany,2020-03-07,Standard,3224.66
8881,Customer 08881,customer08881@example.test,France,2022-07-12,Premium,5785.65
8882,Customer 08882,customer08882@example.test,Brazil,2023-04-24,Standard,4758.25
8883,Customer 08883,customer08883@example.test,United States,2024-02-10,Standard,1758.03
8884,Customer 08884,customer08884@example.test,United Kingdom,2021-06-18,Standard,9067.49
8885,Customer 08885,customer08885@example.test,Canada,2021-09-11,Premium,1971.08
8886,Customer 08886,customer08886@example.test,Germany,2021-11-01,Standard,1081.20
8887,Customer 08887,customer08887@example.test,Canada,2020-02-04,Basic,2369.04
8888,Customer 08888,customer08888@example.test,United States,2024-05-22,Standard,6764.78
8889,Customer 08889,customer08889@example.test,India,2021-04-07,Premium,5633.69
8890,Customer 08890,customer08890@example.test,Japan,2024-03-11,Standard,3251.56
8891,Customer 08891,customer08891@example.test,United Kingdom,2024-11-10,Standard,3171.37
8892,Customer 08892,customer08892@example.test,France,2020-07-14,Premium,2134.43
8893,Customer 08893,customer08893@example.test,Brazil,2022-01-20,Basic,7070.71
8894,Customer 08894,customer08894@example.test,Australia,2021-01-19,Premium,3726.02
8895,Customer 08895,customer08895@example.test,India,2022-11-18,Premium,2805.31
8896,Customer 08896,customer08896@example.test,India,2022-05-06,Basic,8542.90
8897,Customer 08897,customer08897@example.test,India,2020-06-09,Premium,9970.55
8898,Customer 08898,customer08898@example.test,United States,2023-06-27,Basic,3823.94
8899,Customer 08899,customer08899@example.test,Canada,2023-07-30,Basic,1247.04
8900,Customer 08900,customer08900@example.test,United States,2022-09-28,Basic,3437.94
8901,Customer 08901,customer08901@example.test,Australia,2021-12-04,Basic,5478.96
8902,Customer 08902,customer08902@example.test,Brazil,2021-09-13,Premium,5809.11
8903,Customer 08903,customer08903@example.test,India,2022-02-07,Standard,8468.83
8904,Customer 08904,customer08904@example.test,Brazil,2022-11-28,Standard,4830.95
8905,Customer 08905,customer08905@example.test,Canada,2021-12-07,Premium,5641.72
8906,Customer 08906,customer08906@example.test,Brazil,2021-02-24,Basic,2310.42
8907,Customer 08907,customer08907@example.test,United States,2021-09-29,Basic,961.54
8908,Customer 08908,customer08908@example.test,Australia,2023-01-26,Basic,581.82
8909,Customer 08909,customer08909@example.test,United States,2021-02-05,Premium,8589.14
8910,Customer 08910,customer08910@example.test,Japan,2021-06-12,Premium,2717.02
8911,Customer 08911,customer08911@example.test,Canada,2020-09-17,Standard,9591.61
8912,Customer 08912,customer08912@example.test,Brazil,2020-11-17,Basic,6378.13
8913,Customer 08913,customer08913@example.test,India,2024-11-29,Basic,4858.16
8914,Customer 08914,customer08914@example.test,France,2024-03-04,Premium,8812.40
8915,Customer 08915,customer08915@example.test,Brazil,2023-04-18,Premium,663.89
8916,Customer 08916,customer08916@example.test,India,2022-11-20,Premium,4951.18
8917,Customer 08917,customer08917@example.test,Germany,2021-01-30,Premium,913.89
8918,Customer 08918,customer08918@example.test,Japan,2021-08-28,Premium,2061.93
8919,Customer 08919,customer08919@example.test,Brazil,2021-05-25,Standard,9255.29
8920,Customer 08920,customer08920@example.test,India,2023-08-06,Standard,2052.87
8921,Customer 08921,customer08921@example.test,Australia,2024-10-04,Premium,3363.07
8922,Customer 08922,customer08922@example.test,Australia,2021-04-02,Premium,617.46
8923,Customer 08923,customer08923@example.test,Germany,2024-07-13,Standard,107.61
8924,Customer 08924,customer08924@example.test,United Kingdom,2022-07-10,Basic,922.23
8925,Customer 08925,customer08925@example.test,Brazil,2023-10-07,Premium,6465.92
8926,Customer 08926,customer08926@example.test,Japan,2024-12-23,Standard,6437.32
8927,Customer 08927,customer08927@example.test,Germany,2023-01-29,Basic,8053.62
8928,Customer 08928,customer08928@example.test,India,2021-10-02,Standard,4265.36
8929,Customer 08929,customer08929@example.test,Japan,2024-02-27,Premium,7857.10
8930,Customer 08930,customer08930@example.test,Germany,2024-06-26,Standard,9294.00
8931,Customer 08931,customer08931@example.test,Brazil,2021-09-13,Basic,7780.25
8932,Customer 08932,customer08932@example.test,Brazil,2021-01-11,Premium,4263.61
8933,Customer 08933,customer08933@example.test,Germany,2023-06-11,Standard,1601.18
8934,Customer 08934,customer08934@example.test,Japan,2020-04-22,Standard,7176.83
8935,Customer 08935,customer08935@example.test,Brazil,2020-06-17,Premium,4397.21
8936,Customer 08936,customer08936@example.test,Japan,2020-08-02,Basic,3990.20
8937,Customer 08937,customer08937@example.test,Brazil,2023-11-14,Premium,617.33
8938,Customer 08938,customer08938@example.test,United States,2024-03-23,Basic,1388.46
8939,Customer 08939,customer08939@example.test,Germany,2020-11-23,Premium,8389.25
8940,Customer 08940,customer08940@example.test,Brazil,2024-02-24,Standard,5615.61
8941,Customer 08941,customer08941@example.test,Japan,2020-10-16,Basic,9699.90
8942,Customer 08942,customer08942@example.test,Canada,2020-09-14,Basic,877.85
8943,Customer 08943,customer08943@example.test,United Kingdom,2023-07-20,Standard,9729.42
8944,Customer 08944,customer08944@example.test,Japan,2023-07-30,Premium,6819.76
8945,Customer 08945,customer08945@example.test,Japan,2024-05-20,Basic,5960.95
8946,Customer 08946,customer08946@example.test,Japan,2024-05-14,Premium,319.57
8947,Customer 08947,customer08947@example.test,France,2022-12-19,Basic,2841.53
8948,Customer 08948,customer08948@example.test,Brazil,2022-10-13,Basic,40.70
8949,Customer 08949,customer08949@example.test,India,2020-01-23,Basic,2415.86
8950,Customer 08950,customer08950@example.test,India,2020-10-11,Standard,1357.97
8951,Customer 08951,customer08951@example.test,Canada,2024-04-05,Basic,6577.68
8952,Customer 08952,customer08952@example.test,Australia,2022-07-22,Basic,2110.12
8953,Customer 08953,customer08953@example.test,Canada,2020-11-19,Premium,488.91
8954,Customer 08954,customer08954@example.test,United Kingdom,2023-08-14,Standard,5860.03
8955,Customer 08955,customer08955@example.test,United Kingdom,2021-11-26,Basic,1350.75
8956,Customer 08956,customer08956@example.test,France,2021-06-04,Basic,4855.75
8957,Customer 08957,customer08957@example.test,Canada,2020-09-07,Basic,3666.32
8958,Customer 08958,customer08958@example.test,Germany,2020-06-29,Standard,1953.14
8959,Customer 08959,customer08959@example.test,Australia,2024-01-08,Standard,7097.72
8960,Customer 08960,customer08960@example.test,Australia,2022-11-14,Basic,9749.11
8961,Customer 08961,customer08961@example.test,United States,2020-10-28,Standard,167.09
8962,Customer 08962,customer08962@example.test,Japan,2024-07-08,Premium,3020.27
8963,Customer 08963,customer08963@example.test,Australia,2023-02-05,Premium,8297.32
8964,Customer 08964,customer08964@example.test,Canada,2024-08-30,Standard,134.15
8965,Customer 08965,customer08965@example.test,India,2022-05-07,Standard,9294.67
8966,Customer 08966,customer08966@example.test,Germany,2022-09-04,Standard,8437.29
8967,Customer 08967,customer08967@example.test,India,2022-03-28,Premium,7528.95
8968,Customer 08968,customer08968@example.test,Australia,2023-04-01,Standard,9129.16
8969,Customer 08969,customer08969@example.test,United States,2020-06-19,Basic,6128.12
8970,Customer 08970,customer08970@example.test,India,2022-10-31,Standard,4111.91
8971,Customer 08971,customer08971@example.test,Germany,2023-11-09,Premium,369.90
8972,Customer 08972,customer08972@example.test,Japan,2020-07-11,Standard,6574.62
8973,Customer 08973,customer08973@example.test,India,2024-09-18,Standard,8443.75
8974,Customer 08974,customer08974@example.test,France,2020-10-02,Basic,5860.11
8975,Customer 08975,customer08975@example.test,United States,2022-10-04,Basic,9717.63
8976,Customer 08976,customer08976@example.test,United Kingdom,2022-11-11,Basic,9228.23
8977,Customer 08977,customer08977@example.test,India,2022-02-19,Standard,7311.26
8978,Customer 08978,customer08978@example.test,France,2023-06-10,Premium,2160.10
8979,Customer 08979,customer08979@example.test,Australia,2022-03-08,Standard,6785.90
8980,Customer 08980,customer08980@example.test,Canada,2020-09-19,Basic,241.48
8981,Customer 08981,customer08981@example.test,Brazil,2024-12-16,Premium,8381.94
8982,Customer 08982,customer08982@example.test,France,2024-01-28,Basic,4007.55
8983,Customer 08983,customer08983@example.test,Germany,2020-01-19,Standard,8710.60
8984,Customer 08984,customer08984@example.test,Germany,2023-04-21,Basic,7898.25
8985,Customer 08985,customer08985@example.test,Brazil,2022-07-04,Basic,6452.92
8986,Customer 08986,customer08986@example.test,France,2020-02-01,Basic,174.86
8987,Customer 08987,customer08987@example.test,India,2021-02-28,Premium,7968.42
8988,Customer 08988,customer08988@example.test,Germany,2024-01-16,Basic,6153.70
8989,Customer 08989,customer08989@example.test,India,2024-06-21,Basic,2578.36
8990,Customer 08990,customer08990@example.test,Canada,2023-02-21,Basic,5972.03
8991,Customer 08991,customer08991@example.test,Germany,2021-08-16,Premium,6177.38
8992,Customer 08992,customer08992@example.test,Brazil,2023-12-27,Standard,4819.27
8993,Customer 08993,customer08993@example.test,Australia,2024-07-14,Standard,2446.94
8994,Customer 08994,customer08994@example.test,United Kingdom,2021-09-22,Premium,5880.35
8995,Customer 08995,customer08995@example.test,India,2021-05-05,Premium,7711.40
8996,Customer 08996,customer08996@example.test,United Kingdom,2022-04-17,Premium,6706.74
8997,Customer 08997,customer08997@example.test,India,2020-04-25,Basic,2318.01
8998,Customer 08998,customer08998@example.test,Japan,2020-09-15,Standard,82.06
8999,Customer 08999,customer08999@example.test,United States,2024-07-12,Standard,9065.26
9000,Customer 09000,customer09000@example.test,United States,2022-11-11,Standard,8542.66
9001,Customer 09001,customer09001@example.test,United States,2023-07-07,Basic,8076.37
9002,Customer 09002,customer09002@example.test,India,2022-04-27,Standard,7222.24
9003,Customer 09003,customer09003@example.test,Canada,2023-09-15,Basic,9341.96
9004,Customer 09004,customer09004@example.test,India,2020-12-07,Basic,9848.86
9005,Customer 09005,customer09005@example.test,United States,2023-09-18,Basic,1945.85
9006,Customer 09006,customer09006@example.test,Canada,2024-11-22,Basic,9502.54
9007,Customer 09007,customer09007@example.test,United States,2020-12-03,Premium,7970.60
9008,Customer 09008,customer09008@example.test,Brazil,2024-04-13,Basic,2289.39
9009,Customer 09009,customer09009@example.test,France,2020-11-11,Standard,2198.53
9010,Customer 09010,customer09010@example.test,Japan,2020-03-26,Basic,5392.18
9011,Customer 09011,customer09011@example.test,Japan,2021-12-03,Basic,7628.31
9012,Customer 09012,customer09012@example.test,Japan,2021-09-02,Standard,9506.89
9013,Customer 09013,customer09013@example.test,United Kingdom,2022-04-18,Basic,193.69
9014,Customer 09014,customer09014@example.test,Japan,2023-06-04,Standard,3396.83
9015,Customer 09015,customer09015@example.test,United States,2024-06-29,Premium,5029.28
9016,Customer 09016,customer09016@example.test,Germany,2021-07-04,Basic,3412.63
9017,Customer 09017,customer09017@example.test,United Kingdom,2024-08-28,Standard,1536.78
9018,Customer 09018,customer09018@example.test,France,2020-06-11,Standard,6670.81
9019,Customer 09019,customer09019@example.test,Brazil,2021-02-14,Standard,3380.37
9020,Customer 09020,customer09020@example.test,India,2021-12-06,Basic,6590.38
9021,Customer 09021,customer09021@example.test,United States,2020-11-20,Basic,6528.98
9022,Customer 09022,customer09022@example.test,Germany,2022-09-27,Basic,7429.55
9023,Customer 09023,customer09023@example.test,Germany,2022-07-25,Premium,7191.46
9024,Customer 09024,customer09024@example.test,Germany,2020-05-11,Basic,4045.10
9025,Customer 09025,customer09025@example.test,Canada,2023-11-01,Standard,4653.19
9026,Customer 09026,customer09026@example.test,Brazil,2021-10-23,Basic,6835.81
9027,Customer 09027,customer09027@example.test,United Kingdom,2020-08-29,Standard,2696.64
9028,Customer 09028,customer09028@example.test,France,2021-11-16,Standard,6429.11
9029,Customer 09029,customer09029@example.test,India,2022-04-12,Standard,754.36
9030,Customer 09030,customer09030@example.test,India,2024-04-20,Basic,4570.01
9031,Customer 09031,customer09031@example.test,Brazil,2021-09-28,Basic,4228.93
9032,Customer 09032,customer09032@example.test,United States,2022-06-21,Basic,4474.98
9033,Customer 09033,customer09033@example.test,Australia,2021-05-01,Premium,5932.05
9034,Customer 09034,customer09034@example.test,India,2021-02-27,Basic,5288.14
9035,Customer 09035,customer09035@example.test,Canada,2024-08-02,Premium,8756.34
9036,Customer 09036,customer09036@example.test,Japan,2020-08-13,Premium,8777.87
9037,Customer 09037,customer09037@example.test,Brazil,2020-03-18,Basic,3431.79
9038,Customer 09038,customer09038@example.test,United Kingdom,2023-03-24,Basic,6703.56
9039,Customer 09039,customer09039@example.test,Canada,2020-11-13,Standard,1516.06
9040,Customer 09040,customer09040@example.test,United States,2020-09-15,Standard,7962.09
9041,Customer 09041,customer09041@example.test,France,2023-01-13,Standard,8098.08
9042,Customer 09042,customer09042@example.test,Canada,2023-09-19,Standard,4001.05
9043,Customer 09043,customer09043@example.test,United States,2022-04-20,Premium,5953.03
9044,Customer 09044,customer09044@example.test,United States,2023-07-11,Standard,4570.67
9045,Customer 09045,customer09045@example.test,Australia,2023-09-03,Premium,8435.42
9046,Customer 09046,customer09046@example.test,United States,2023-07-21,Premium,2879.32
9047,Customer 09047,customer09047@example.test,France,2020-01-17,Premium,9541.92
9048,Customer 09048,customer09048@example.test,United States,2021-09-06,Premium,754.86
9049,Customer 09049,customer09049@example.test,India,2024-09-13,Premium,4599.40
9050,Customer 09050,customer09050@example.test,France,2024-03-11,Standard,8331.57
9051,Customer 09051,customer09051@example.test,United States,2024-12-09,Standard,4196.87
9052,Customer 09052,customer09052@example.test,United Kingdom,2024-03-09,Premium,9736.48
9053,Customer 09053,customer09053@example.test,India,2021-12-09,Standard,2858.05
9054,Customer 09054,customer09054@example.test,Australia,2022-05-03,Standard,2569.51
9055,Customer 09055,customer09055@example.test,Canada,2023-04-14,Standard,428.89
9056,Customer 09056,customer09056@example.test,Japan,2023-06-13,Standard,8973.63
9057,Customer 09057,customer09057@example.test,Japan,2021-07-01,Basic,7345.43
9058,Customer 09058,customer09058@example.test,United Kingdom,2020-10-09,Premium,504.13
9059,Customer 09059,customer09059@example.test,India,2023-07-12,Basic,2162.27
9060,Customer 09060,customer09060@example.test,Germany,2022-03-20,Basic,6012.38
9061,Customer 09061,customer09061@example.test,Brazil,2020-05-08,Basic,7244.33
9062,Customer 09062,customer09062@example.test,United States,2020-11-09,Standard,4286.24
9063,Customer 09063,customer09063@example.test,Canada,2022-06-29,Basic,3821.33
9064,Customer 09064,customer09064@example.test,Australia,2024-02-20,Premium,896.44
9065,Customer 09065,customer09065@example.test,India,2024-12-06,Standard,7577.58
9066,Customer 09066,customer09066@example.test,France,2024-12-19,Basic,2578.44
9067,Customer 09067,customer09067@example.test,Australia,2024-10-29,Basic,5212.75
9068,Customer 09068,customer09068@example.test,India,2022-07-18,Standard,5756.91
9069,Customer 09069,customer09069@example.test,Brazil,2020-10-11,Premium,4050.41
9070,Customer 09070,customer09070@example.test,Japan,2021-01-08,Standard,2281.11
9071,Customer 09071,customer09071@example.test,India,2023-05-28,Standard,5008.96
9072,Customer 09072,customer09072@example.test,United States,2023-08-06,Standard,3025.89
9073,Customer 09073,customer09073@example.test,Japan,2024-03-12,Premium,4674.66
9074,Customer 09074,customer09074@example.test,Australia,2023-02-23,Standard,8704.60
9075,Customer 09075,customer09075@example.test,Brazil,2021-12-04,Basic,8192.27
9076,Customer 09076,customer09076@example.test,Brazil,2023-02-26,Basic,5293.97
9077,Customer 09077,customer09077@example.test,United Kingdom,2020-05-12,Standard,3928.43
9078,Customer 09078,customer09078@example.test,Brazil,2022-01-28,Premium,6004.00
9079,Customer 09079,customer09079@example.test,Germany,2023-10-19,Standard,1006.39
9080,Customer 09080,customer09080@example.test,Germany,2024-06-13,Basic,8186.78
9081,Customer 09081,customer09081@example.test,India,2020-12-04,Premium,7048.36
9082,Customer 09082,customer09082@example.test,Japan,2020-07-24,Standard,6500.25
9083,Customer 09083,customer09083@example.test,Canada,2023-01-13,Basic,7962.20
9084,Customer 09084,customer09084@example.test,France,2023-10-10,Basic,8185.43
9085,Customer 09085,customer09085@example.test,India,2023-08-12,Basic,5980.70
9086,Customer 09086,customer09086@example.test,Germany,2022-09-01,Standard,4665.54
9087,Customer 09087,customer09087@example.test,India,2022-06-08,Standard,8180.27
9088,Customer 09088,customer09088@example.test,Australia,2021-10-15,Standard,196.52
9089,Customer 09089,customer09089@example.test,India,2022-01-10,Standard,7605.15
9090,Customer 09090,customer09090@example.test,Germany,2023-06-08,Basic,8323.50
9091,Customer 09091,customer09091@example.test,France,2023-12-21,Basic,8759.22
9092,Customer 09092,customer09092@example.test,France,2021-09-18,Standard,5631.30
9093,Customer 09093,customer09093@example.test,United Kingdom,2022-08-22,Premium,3526.21
9094,Customer 09094,customer09094@example.test,Japan,2024-10-26,Basic,1832.08
9095,Customer 09095,customer09095@example.test,Australia,2020-10-15,Basic,2785.34
9096,Customer 09096,customer09096@example.test,Australia,2024-04-21,Standard,4245.84
9097,Customer 09097,customer09097@example.test,France,2023-11-22,Standard,9071.53
9098,Customer 09098,customer09098@example.test,India,2020-08-18,Premium,3774.26
9099,Customer 09099,customer09099@example.test,United Kingdom,2023-04-30,Standard,1310.60
9100,Customer 09100,customer09100@example.test,Australia,2020-04-14,Premium,1290.47
9101,Customer 09101,customer09101@example.test,Germany,2021-11-13,Standard,4769.49
9102,Customer 09102,customer09102@example.test,France,2024-10-24,Standard,6444.14
9103,Customer 09103,customer09103@example.test,France,2021-06-22,Basic,752.42
9104,Customer 09104,customer09104@example.test,Germany,2024-08-03,Basic,5626.23
9105,Customer 09105,customer09105@example.test,Canada,2022-09-17,Premium,3695.15
9106,Customer 09106,customer09106@example.test,United Kingdom,2022-01-18,Basic,3531.25
9107,Customer 09107,customer09107@example.test,Germany,2022-04-01,Premium,2340.95
9108,Customer 09108,customer09108@example.test,Germany,2021-12-02,Basic,7667.49
9109,Customer 09109,customer09109@example.test,United Kingdom,2023-07-22,Standard,998.56
9110,Customer 09110,customer09110@example.test,United States,2022-03-16,Standard,9180.66
9111,Customer 09111,customer09111@example.test,India,2023-08-21,Standard,2243.91
9112,Customer 09112,customer09112@example.test,India,2023-06-22,Premium,2493.38
9113,Customer 09113,customer09113@example.test,Canada,2024-10-28,Basic,3845.32
9114,Customer 09114,customer09114@example.test,India,2022-02-02,Basic,185.10
9115,Customer 09115,customer09115@example.test,India,2024-09-04,Standard,7831.15
9116,Customer 09116,customer09116@example.test,Germany,2023-05-09,Standard,3797.15
9117,Customer 09117,customer09117@example.test,Brazil,2022-10-24,Basic,4286.41
9118,Customer 09118,customer09118@example.test,Australia,2022-04-04,Premium,8256.64
9119,Customer 09119,customer09119@example.test,Germany,2022-12-23,Basic,6713.77
9120,Customer 09120,customer09120@example.test,France,2020-08-28,Standard,1757.87
9121,Customer 09121,customer09121@example.test,France,2021-05-03,Basic,7718.16
9122,Customer 09122,customer09122@example.test,Germany,2023-09-03,Standard,19.72
9123,Customer 09123,customer09123@example.test,Australia,2021-09-07,Standard,1067.05
9124,Customer 09124,customer09124@example.test,Japan,2021-05-30,Basic,4661.84
9125,Customer 09125,customer09125@example.test,Brazil,2023-07-21,Standard,7649.71
9126,Customer 09126,customer09126@example.test,United Kingdom,2022-10-06,Basic,8486.72
9127,Customer 09127,customer09127@example.test,France,2024-07-09,Standard,1305.32
9128,Customer 09128,customer09128@example.test,India,2023-02-12,Basic,3348.54
9129,Customer 09129,customer09129@example.test,India,2023-03-17,Premium,5433.73
9130,Customer 09130,customer09130@example.test,France,2023-12-30,Standard,9844.34
9131,Customer 09131,customer09131@example.test,India,2021-08-03,Basic,8038.20
9132,Customer 09132,customer09132@example.test,Australia,2022-04-04,Premium,4838.96
9133,Customer 09133,customer09133@example.test,France,2020-02-22,Basic,8647.03
9134,Customer 09134,customer09134@example.test,Brazil,2022-03-06,Premium,816.13
9135,Customer 09135,customer09135@example.test,India,2022-07-31,Basic,7107.29
9136,Customer 09136,customer09136@example.test,Australia,2020-03-04,Premium,4596.21
9137,Customer 09137,customer09137@example.test,Australia,2024-03-15,Standard,4823.57
9138,Customer 09138,customer09138@example.test,Germany,2023-03-19,Basic,350.68
9139,Customer 09139,customer09139@example.test,United States,2022-09-28,Standard,7347.67
9140,Customer 09140,customer09140@example.test,Canada,2023-05-08,Basic,3277.85
9141,Customer 09141,customer09141@example.test,Brazil,2021-10-04,Standard,9477.71
9142,Customer 09142,customer09142@example.test,Canada,2023-12-12,Premium,7856.57
9143,Customer 09143,customer09143@example.test,India,2024-06-22,Basic,8497.89
9144,Customer 09144,customer09144@example.test,France,2024-05-17,Basic,5763.78
9145,Customer 09145,customer09145@example.test,Japan,2024-04-27,Standard,4213.22
9146,Customer 09146,customer09146@example.test,France,2023-10-18,Standard,2075.57
9147,Customer 09147,customer09147@example.test,Japan,2024-06-07,Standard,2518.18
9148,Customer 09148,customer09148@example.test,India,2022-01-23,Basic,5527.96
9149,Customer 09149,customer09149@example.test,Japan,2023-05-02,Premium,5128.05
9150,Customer 09150,customer09150@example.test,United Kingdom,2020-04-28,Premium,1392.92
9151,Customer 09151,customer09151@example.test,United States,2022-12-29,Premium,2832.10
9152,Customer 09152,customer09152@example.test,Brazil,2024-05-14,Premium,2416.79
9153,Customer 09153,customer09153@example.test,India,2024-06-28,Premium,7898.72
9154,Customer 09154,customer09154@example.test,Australia,2021-02-01,Premium,2853.22
9155,Customer 09155,customer09155@example.test,Australia,2021-01-23,Basic,4908.33
9156,Customer 09156,customer09156@example.test,Germany,2024-10-21,Premium,5164.22
9157,Customer 09157,customer09157@example.test,Germany,2023-07-24,Basic,2377.23
9158,Customer 09158,customer09158@example.test,Japan,2022-06-04,Basic,9677.14
9159,Customer 09159,customer09159@example.test,India,2021-04-05,Standard,7468.66
9160,Customer 09160,customer09160@example.test,Japan,2024-04-29,Standard,8059.62
9161,Customer 09161,customer09161@example.test,Brazil,2024-08-06,Basic,2810.49
9162,Customer 09162,customer09162@example.test,Australia,2022-12-01,Premium,7377.71
9163,Customer 09163,customer09163@example.test,Australia,2024-04-21,Basic,540.53
9164,Customer 09164,customer09164@example.test,France,2022-07-23,Standard,8117.85
9165,Customer 09165,customer09165@example.test,Japan,2023-07-11,Standard,5879.57
9166,Customer 09166,customer09166@example.test,Canada,2024-07-24,Standard,8644.06
9167,Customer 09167,customer09167@example.test,United States,2020-02-21,Premium,8910.80
9168,Customer 09168,customer09168@example.test,Canada,2021-12-02,Basic,4352.43
9169,Customer 09169,customer09169@example.test,United Kingdom,2021-04-30,Basic,9919.27
9170,Customer 09170,customer09170@example.test,Brazil,2021-06-25,Premium,9294.11
9171,Customer 09171,customer09171@example.test,United States,2022-11-03,Standard,4500.11
9172,Customer 09172,customer09172@example.test,Brazil,2023-04-09,Premium,8496.06
9173,Customer 09173,customer09173@example.test,Canada,2020-09-15,Premium,8354.67
9174,Customer 09174,customer09174@example.test,Canada,2024-07-01,Premium,2766.71
9175,Customer 09175,customer09175@example.test,Canada,2023-07-07,Standard,9088.39
9176,Customer 09176,customer09176@example.test,Japan,2020-11-21,Premium,9681.21
9177,Customer 09177,customer09177@example.test,United Kingdom,2020-08-09,Basic,5731.03
9178,Customer 09178,customer09178@example.test,Canada,2023-03-08,Standard,8493.59
9179,Customer 09179,customer09179@example.test,Germany,2023-06-21,Standard,7950.54
9180,Customer 09180,customer09180@example.test,India,2024-04-02,Standard,2769.35
9181,Customer 09181,customer09181@example.test,Germany,2023-07-12,Standard,9591.46
9182,Customer 09182,customer09182@example.test,France,2022-02-01,Premium,3929.90
9183,Customer 09183,customer09183@example.test,India,2023-11-06,Standard,3003.22
9184,Customer 09184,customer09184@example.test,Brazil,2020-06-05,Basic,1022.94
9185,Customer 09185,customer09185@example.test,United States,2024-06-20,Basic,8912.91
9186,Customer 09186,customer09186@example.test,India,2024-04-14,Premium,2242.16
9187,Customer 09187,customer09187@example.test,United Kingdom,2022-02-21,Premium,5360.41
9188,Customer 09188,customer09188@example.test,India,2020-02-07,Premium,607.53
9189,Customer 09189,customer09189@example.test,United States,2021-02-26,Basic,6747.25
9190,Customer 09190,customer09190@example.test,Brazil,2023-01-10,Basic,6219.23
9191,Customer 09191,customer09191@example.test,United Kingdom,2021-03-19,Basic,4496.70
9192,Customer 09192,customer09192@example.test,Germany,2022-11-16,Premium,5631.45
9193,Customer 09193,customer09193@example.test,Germany,2024-05-13,Standard,9847.17
9194,Customer 09194,customer09194@example.test,Germany,2020-06-13,Standard,7033.43
9195,Customer 09195,customer09195@example.test,Canada,2020-10-02,Premium,9920.77
9196,Customer 09196,customer09196@example.test,Germany,2020-06-01,Basic,5475.95
9197,Customer 09197,customer09197@example.test,France,2021-05-14,Premium,3393.64
9198,Customer 09198,customer09198@example.test,Australia,2021-06-30,Premium,1166.98
9199,Customer 09199,customer09199@example.test,United Kingdom,2021-01-13,Premium,5680.16
9200,Customer 09200,customer09200@example.test,Japan,2021-02-28,Premium,2050.96
9201,Customer 09201,customer09201@example.test,United States,2020-01-04,Standard,9211.21
9202,Customer 09202,customer09202@example.test,Japan,2024-05-11,Standard,4914.81
9203,Customer 09203,customer09203@example.test,Australia,2022-09-15,Basic,6008.44
9204,Customer 09204,customer09204@example.test,Japan,2020-01-22,Basic,6973.15
9205,Customer 09205,customer09205@example.test,Japan,2022-09-16,Premium,5698.62
9206,Customer 09206,customer09206@example.test,United Kingdom,2021-04-30,Standard,1513.94
9207,Customer 09207,customer09207@example.test,India,2024-02-25,Premium,5066.53
9208,Customer 09208,customer09208@example.test,United Kingdom,2022-05-12,Basic,8790.60
9209,Customer 09209,customer09209@example.test,Japan,2020-05-14,Premium,983.66
9210,Customer 09210,customer09210@example.test,Canada,2022-10-18,Premium,2956.34
9211,Customer 09211,customer09211@example.test,United States,2023-01-22,Basic,4139.27
9212,Customer 09212,customer09212@example.test,Australia,2023-02-22,Basic,3143.67
9213,Customer 09213,customer09213@example.test,United States,2020-07-29,Standard,8534.59
9214,Customer 09214,customer09214@example.test,France,2023-03-22,Premium,2371.75
9215,Customer 09215,customer09215@example.test,Canada,2024-12-19,Standard,8859.94
9216,Customer 09216,customer09216@example.test,India,2021-09-01,Standard,2691.72
9217,Customer 09217,customer09217@example.test,Japan,2023-06-13,Standard,3130.11
9218,Customer 09218,customer09218@example.test,Brazil,2020-08-11,Standard,388.02
9219,Customer 09219,customer09219@example.test,France,2021-10-23,Basic,7148.46
9220,Customer 09220,customer09220@example.test,Japan,2020-02-11,Standard,8347.55
9221,Customer 09221,customer09221@example.test,Australia,2024-06-21,Basic,7542.59
9222,Customer 09222,customer09222@example.test,United Kingdom,2023-12-24,Basic,162.17
9223,Customer 09223,customer09223@example.test,Germany,2021-04-14,Premium,3526.28
9224,Customer 09224,customer09224@example.test,Brazil,2024-07-25,Basic,6251.43
9225,Customer 09225,customer09225@example.test,Australia,2022-07-11,Premium,5791.40
9226,Customer 09226,customer09226@example.test,India,2020-05-21,Basic,6017.44
9227,Customer 09227,customer09227@example.test,France,2020-07-23,Standard,5712.94
9228,Customer 09228,customer09228@example.test,Japan,2020-10-18,Standard,112.98
9229,Customer 09229,customer09229@example.test,Germany,2022-08-04,Premium,1235.91
9230,Customer 09230,customer09230@example.test,France,2021-11-11,Premium,6274.27
9231,Customer 09231,customer09231@example.test,Japan,2021-05-24,Basic,1452.77
9232,Customer 09232,customer09232@example.test,India,2024-05-18,Premium,4210.33
9233,Customer 09233,customer09233@example.test,Australia,2024-06-17,Premium,1826.95
9234,Customer 09234,customer09234@example.test,Japan,2020-08-19,Basic,7706.72
9235,Customer 09235,customer09235@example.test,Australia,2024-03-29,Basic,7422.22
9236,Customer 09236,customer09236@example.test,United Kingdom,2022-11-10,Standard,8311.71
9237,Customer 09237,customer09237@example.test,United States,2021-07-19,Premium,1484.41
9238,Customer 09238,customer09238@example.test,France,2024-11-06,Premium,8102.37
9239,Customer 09239,customer09239@example.test,United States,2022-01-23,Premium,7927.29
9240,Customer 09240,customer09240@example.test,Germany,2022-10-28,Premium,7155.93
9241,Customer 09241,customer09241@example.test,Brazil,2024-09-14,Premium,4280.84
9242,Customer 09242,customer09242@example.test,United Kingdom,2022-01-11,Premium,9283.98
9243,Customer 09243,customer09243@example.test,India,2024-07-03,Premium,5033.35
9244,Customer 09244,customer09244@example.test,India,2021-09-29,Standard,3957.13
9245,Customer 09245,customer09245@example.test,France,2023-03-21,Basic,7403.13
9246,Customer 09246,customer09246@example.test,Brazil,2021-12-07,Premium,9186.38
9247,Customer 09247,customer09247@example.test,Brazil,2020-11-29,Standard,493.72
9248,Customer 09248,customer09248@example.test,Brazil,2024-07-12,Premium,9551.29
9249,Customer 09249,customer09249@example.test,France,2023-01-17,Premium,909.96
9250,Customer 09250,customer09250@example.test,India,2023-03-16,Standard,5381.57
9251,Customer 09251,customer09251@example.test,United Kingdom,2023-07-24,Basic,6062.74
9252,Customer 09252,customer09252@example.test,France,2020-01-25,Standard,8472.76
9253,Customer 09253,customer09253@example.test,United Kingdom,2024-04-02,Premium,5167.19
9254,Customer 09254,customer09254@example.test,Brazil,2022-10-06,Standard,7332.26
9255,Customer 09255,customer09255@example.test,France,2020-02-24,Premium,3621.77
9256,Customer 09256,customer09256@example.test,United States,2022-04-21,Standard,9516.40
9257,Customer 09257,customer09257@example.test,Germany,2020-04-26,Premium,1358.63
9258,Customer 09258,customer09258@example.test,Japan,2021-06-03,Premium,3459.87
9259,Customer 09259,customer09259@example.test,Japan,2020-07-09,Standard,5671.43
9260,Customer 09260,customer09260@example.test,France,2024-07-15,Basic,6618.57
9261,Customer 09261,customer09261@example.test,India,2023-02-11,Premium,2506.80
9262,Customer 09262,customer09262@example.test,Japan,2022-07-06,Basic,2714.42
9263,Customer 09263,customer09263@example.test,United States,2020-08-24,Standard,8010.74
9264,Customer 09264,customer09264@example.test,Japan,2024-09-01,Standard,4873.65
9265,Customer 09265,customer09265@example.test,Japan,2024-11-07,Premium,98.46
9266,Customer 09266,customer09266@example.test,Germany,2022-03-05,Premium,3252.30
9267,Customer 09267,customer09267@example.test,United Kingdom,2021-10-26,Basic,6658.69
9268,Customer 09268,customer09268@example.test,France,2023-09-30,Premium,6700.95
9269,Customer 09269,customer09269@example.test,United Kingdom,2024-04-10,Premium,467.74
9270,Customer 09270,customer09270@example.test,France,2021-04-11,Premium,2770.30
9271,Customer 09271,customer09271@example.test,Japan,2023-04-03,Basic,8689.72
9272,Customer 09272,customer09272@example.test,United Kingdom,2024-01-19,Standard,9567.30
9273,Customer 09273,customer09273@example.test,United Kingdom,2024-03-26,Standard,9104.58
9274,Customer 09274,customer09274@example.test,Brazil,2021-11-27,Premium,3168.74
9275,Customer 09275,customer09275@example.test,Germany,2023-01-16,Basic,9005.01
9276,Customer 09276,customer09276@example.test,Germany,2020-03-29,Basic,9156.64
9277,Customer 09277,customer09277@example.test,France,2022-06-17,Premium,5677.00
9278,Customer 09278,customer09278@example.test,India,2020-07-08,Standard,204.82
9279,Customer 09279,customer09279@example.test,India,2024-10-20,Standard,1700.76
9280,Customer 09280,customer09280@example.test,Australia,2022-09-17,Standard,6232.22
9281,Customer 09281,customer09281@example.test,India,2024-05-15,Basic,7530.02
9282,Customer 09282,customer09282@example.test,Germany,2024-12-27,Standard,4336.45
9283,Customer 09283,customer09283@example.test,Brazil,2024-08-30,Premium,1127.24
9284,Customer 09284,customer09284@example.test,United Kingdom,2020-04-14,Basic,4956.16
9285,Customer 09285,customer09285@example.test,Germany,2022-03-14,Standard,3796.44
9286,Customer 09286,customer09286@example.test,India,2021-08-16,Standard,3580.05
9287,Customer 09287,customer09287@example.test,Canada,2022-08-02,Basic,5927.33
9288,Customer 09288,customer09288@example.test,United Kingdom,2024-06-06,Premium,1745.03
9289,Customer 09289,customer09289@example.test,France,2022-03-04,Standard,5315.33
9290,Customer 09290,customer09290@example.test,Germany,2021-11-22,Basic,259.30
9291,Customer 09291,customer09291@example.test,France,2024-04-01,Basic,109.22
9292,Customer 09292,customer09292@example.test,United States,2023-05-31,Standard,7185.69
9293,Customer 09293,customer09293@example.test,United States,2022-02-17,Standard,7776.69
9294,Customer 09294,customer09294@example.test,Australia,2022-05-03,Standard,3973.64
9295,Customer 09295,customer09295@example.test,Canada,2024-01-21,Basic,7526.97
9296,Customer 09296,customer09296@example.test,Japan,2024-11-02,Premium,2290.96
9297,Customer 09297,customer09297@example.test,Canada,2022-11-29,Standard,8197.63
9298,Customer 09298,customer09298@example.test,United Kingdom,2023-01-27,Premium,6551.45
9299,Customer 09299,customer09299@example.test,United Kingdom,2024-04-20,Standard,9336.21
9300,Customer 09300,customer09300@example.test,United Kingdom,2022-07-23,Basic,3927.81
9301,Customer 09301,customer09301@example.test,Australia,2022-08-17,Basic,2150.84
9302,Customer 09302,customer09302@example.test,Japan,2023-03-12,Premium,3945.25
9303,Customer 09303,customer09303@example.test,United Kingdom,2021-04-01,Standard,6178.83
9304,Customer 09304,customer09304@example.test,United Kingdom,2021-01-11,Premium,7026.29
9305,Customer 09305,customer09305@example.test,Brazil,2024-05-27,Premium,9923.22
9306,Customer 09306,customer09306@example.test,France,2022-06-15,Standard,1291.87
9307,Customer 09307,customer09307@example.test,United States,2020-09-23,Basic,4398.17
9308,Customer 09308,customer09308@example.test,Canada,2020-12-19,Basic,8314.93
9309,Customer 09309,customer09309@example.test,Japan,2020-03-07,Basic,9447.73
9310,Customer 09310,customer09310@example.test,Canada,2023-08-30,Standard,2115.14
9311,Customer 09311,customer09311@example.test,France,2020-12-01,Premium,7176.56
9312,Customer 09312,customer09312@example.test,France,2024-05-08,Premium,8260.61
9313,Customer 09313,customer09313@example.test,France,2020-10-20,Basic,6180.16
9314,Customer 09314,customer09314@example.test,Germany,2021-04-15,Standard,3974.99
9315,Customer 09315,customer09315@example.test,Japan,2020-02-16,Basic,9328.10
9316,Customer 09316,customer09316@example.test,Japan,2020-02-26,Basic,2711.51
9317,Customer 09317,customer09317@example.test,France,2023-12-20,Basic,9616.80
9318,Customer 09318,customer09318@example.test,Japan,2020-01-05,Basic,3604.89
9319,Customer 09319,customer09319@example.test,Canada,2023-09-02,Premium,3575.89
9320,Customer 09320,customer09320@example.test,United States,2022-06-15,Standard,3388.14
9321,Customer 09321,customer09321@example.test,Canada,2024-05-13,Basic,3203.61
9322,Customer 09322,customer09322@example.test,Canada,2020-07-04,Basic,3603.26
9323,Customer 09323,customer09323@example.test,United Kingdom,2021-05-11,Basic,8751.87
9324,Customer 09324,customer09324@example.test,Australia,2020-04-09,Standard,9033.33
9325,Customer 09325,customer09325@example.test,Germany,2021-06-26,Basic,9288.08
9326,Customer 09326,customer09326@example.test,United States,2024-08-22,Standard,3012.22
9327,Customer 09327,customer09327@example.test,United Kingdom,2022-12-24,Standard,2573.29
9328,Customer 09328,customer09328@example.test,Brazil,2020-08-06,Basic,6624.39
9329,Customer 09329,customer09329@example.test,United States,2024-03-23,Premium,2683.56
9330,Customer 09330,customer09330@example.test,India,2020-12-07,Standard,3261.26
9331,Customer 09331,customer09331@example.test,United States,2020-10-20,Premium,3397.21
9332,Customer 09332,customer09332@example.test,United Kingdom,2021-05-22,Standard,7970.56
9333,Customer 09333,customer09333@example.test,Canada,2021-09-11,Standard,3491.98
9334,Customer 09334,customer09334@example.test,Australia,2024-06-27,Standard,5841.94
9335,Customer 09335,customer09335@example.test,Japan,2024-10-26,Basic,5557.80
9336,Customer 09336,customer09336@example.test,United Kingdom,2023-07-29,Basic,4161.66
9337,Customer 09337,customer09337@example.test,Canada,2020-02-26,Premium,2397.93
9338,Customer 09338,customer09338@example.test,Canada,2024-01-18,Premium,1282.86
9339,Customer 09339,customer09339@example.test,Brazil,2021-05-25,Standard,358.43
9340,Customer 09340,customer09340@example.test,India,2020-07-09,Basic,4207.76
9341,Customer 09341,customer09341@example.test,France,2022-04-29,Basic,8133.65
9342,Customer 09342,customer09342@example.test,Canada,2023-03-27,Basic,8505.10
9343,Customer 09343,customer09343@example.test,United States,2022-08-24,Standard,1672.26
9344,Customer 09344,customer09344@example.test,United States,2024-12-18,Standard,2128.42
9345,Customer 09345,customer09345@example.test,Brazil,2024-08-19,Standard,8403.69
9346,Customer 09346,customer09346@example.test,Germany,2020-11-18,Basic,3798.91
9347,Customer 09347,customer09347@example.test,Japan,2024-06-20,Premium,6042.70
9348,Customer 09348,customer09348@example.test,Brazil,2024-08-01,Standard,9601.95
9349,Customer 09349,customer09349@example.test,Japan,2023-09-27,Standard,3150.10
9350,Customer 09350,customer09350@example.test,Japan,2020-08-23,Premium,2458.43
9351,Customer 09351,customer09351@example.test,Canada,2021-02-02,Basic,5837.50
9352,Customer 09352,customer09352@example.test,Australia,2022-11-03,Standard,47.07
9353,Customer 09353,customer09353@example.test,India,2020-02-09,Premium,7356.63
9354,Customer 09354,customer09354@example.test,Canada,2020-03-25,Basic,5113.57
9355,Customer 09355,customer09355@example.test,India,2021-10-01,Basic,831.39
9356,Customer 09356,customer09356@example.test,Australia,2020-11-03,Premium,7141.91
9357,Customer 09357,customer09357@example.test,Australia,2020-11-22,Premium,7582.86
9358,Customer 09358,customer09358@example.test,United Kingdom,2024-12-22,Standard,3120.11
9359,Customer 09359,customer09359@example.test,Germany,2022-01-20,Premium,4176.99
9360,Customer 09360,customer09360@example.test,United States,2021-07-18,Standard,6496.07
9361,Customer 09361,customer09361@example.test,Brazil,2020-10-08,Premium,9106.29
9362,Customer 09362,customer09362@example.test,Germany,2024-12-23,Standard,4352.14
9363,Customer 09363,customer09363@example.test,United Kingdom,2020-09-26,Standard,6818.19
9364,Customer 09364,customer09364@example.test,Australia,2024-02-23,Premium,3727.81
9365,Customer 09365,customer09365@example.test,Japan,2020-12-16,Basic,7136.04
9366,Customer 09366,customer09366@example.test,United Kingdom,2023-03-15,Standard,2891.70
9367,Customer 09367,customer09367@example.test,Australia,2020-12-15,Premium,9098.71
9368,Customer 09368,customer09368@example.test,Japan,2024-01-17,Premium,5046.60
9369,Customer 09369,customer09369@example.test,India,2022-12-30,Standard,7706.45
9370,Customer 09370,customer09370@example.test,France,2023-01-16,Premium,140.47
9371,Customer 09371,customer09371@example.test,India,2023-03-19,Basic,9986.08
9372,Customer 09372,customer09372@example.test,Canada,2022-10-07,Premium,7222.53
9373,Customer 09373,customer09373@example.test,France,2023-02-11,Standard,5608.92
9374,Customer 09374,customer09374@example.test,Australia,2023-12-19,Standard,513.53
9375,Customer 09375,customer09375@example.test,Brazil,2024-06-17,Standard,3518.73
9376,Customer 09376,customer09376@example.test,Canada,2022-07-01,Premium,1411.19
9377,Customer 09377,customer09377@example.test,United Kingdom,2022-04-01,Premium,2809.04
9378,Customer 09378,customer09378@example.test,United States,2024-02-27,Standard,5244.63
9379,Customer 09379,customer09379@example.test,Brazil,2023-12-12,Basic,6650.78
9380,Customer 09380,customer09380@example.test,Australia,2022-07-31,Premium,3827.11
9381,Customer 09381,customer09381@example.test,Brazil,2020-03-31,Basic,4532.84
9382,Customer 09382,customer09382@example.test,United Kingdom,2022-10-13,Basic,1386.57
9383,Customer 09383,customer09383@example.test,Canada,2020-02-26,Standard,771.89
9384,Customer 09384,customer09384@example.test,Canada,2023-03-16,Premium,1249.46
9385,Customer 09385,customer09385@example.test,United States,2024-10-03,Premium,5764.11
9386,Customer 09386,customer09386@example.test,India,2024-01-22,Premium,2498.49
9387,Customer 09387,customer09387@example.test,Canada,2021-04-09,Basic,4718.20
9388,Customer 09388,customer09388@example.test,Australia,2024-09-19,Standard,6032.97
9389,Customer 09389,customer09389@example.test,France,2023-08-18,Standard,6139.31
9390,Customer 09390,customer09390@example.test,United States,2021-11-28,Premium,6222.14
9391,Customer 09391,customer09391@example.test,India,2020-07-30,Basic,9834.68
9392,Customer 09392,customer09392@example.test,India,2023-07-17,Standard,8499.27
9393,Customer 09393,customer09393@example.test,Brazil,2020-09-12,Standard,8832.34
9394,Customer 09394,customer09394@example.test,United Kingdom,2021-03-08,Premium,2961.41
9395,Customer 09395,customer09395@example.test,Canada,2023-05-16,Premium,9479.52
9396,Customer 09396,customer09396@example.test,United Kingdom,2024-05-31,Standard,8708.31
9397,Customer 09397,customer09397@example.test,Germany,2022-07-30,Basic,9009.48
9398,Customer 09398,customer09398@example.test,Germany,2020-08-14,Premium,3135.52
9399,Customer 09399,customer09399@example.test,United Kingdom,2023-02-23,Premium,6111.35
9400,Customer 09400,customer09400@example.test,Canada,2022-04-23,Standard,1366.14
9401,Customer 09401,customer09401@example.test,Brazil,2021-12-09,Basic,9706.41
9402,Customer 09402,customer09402@example.test,France,2023-01-22,Basic,734.94
9403,Customer 09403,customer09403@example.test,Germany,2020-12-30,Basic,6030.41
9404,Customer 09404,customer09404@example.test,United Kingdom,2024-06-09,Basic,4713.68
9405,Customer 09405,customer09405@example.test,Japan,2021-04-27,Basic,8277.49
9406,Customer 09406,customer09406@example.test,United Kingdom,2022-08-02,Premium,9247.06
9407,Customer 09407,customer09407@example.test,Germany,2024-03-19,Standard,2005.60
9408,Customer 09408,customer09408@example.test,Germany,2023-07-25,Premium,6602.51
9409,Customer 09409,customer09409@example.test,India,2024-12-14,Standard,6528.81
9410,Customer 09410,customer09410@example.test,United States,2022-08-05,Standard,1727.95
9411,Customer 09411,customer09411@example.test,Japan,2023-05-21,Standard,4997.01
9412,Customer 09412,customer09412@example.test,India,2020-08-13,Standard,7892.45
9413,Customer 09413,customer09413@example.test,Germany,2023-12-27,Premium,9377.69
9414,Customer 09414,customer09414@example.test,Australia,2022-11-27,Premium,6431.79
9415,Customer 09415,customer09415@example.test,Australia,2023-03-16,Premium,2833.36
9416,Customer 09416,customer09416@example.test,Australia,2022-12-29,Basic,3112.47
9417,Customer 09417,customer09417@example.test,Germany,2020-09-13,Standard,6094.13
9418,Customer 09418,customer09418@example.test,Japan,2024-11-04,Premium,6569.16
9419,Customer 09419,customer09419@example.test,Australia,2020-03-03,Basic,3010.25
9420,Customer 09420,customer09420@example.test,Brazil,2020-01-20,Standard,7329.56
9421,Customer 09421,customer09421@example.test,United Kingdom,2021-12-26,Premium,5010.95
9422,Customer 09422,customer09422@example.test,Canada,2022-04-30,Standard,9216.78
9423,Customer 09423,customer09423@example.test,Japan,2020-12-09,Standard,7282.59
9424,Customer 09424,customer09424@example.test,Canada,2024-05-14,Premium,3837.44
9425,Customer 09425,customer09425@example.test,Canada,2021-06-19,Premium,2315.50
9426,Customer 09426,customer09426@example.test,France,2022-04-24,Premium,6243.56
9427,Customer 09427,customer09427@example.test,Brazil,2024-04-06,Basic,2814.69
9428,Customer 09428,customer09428@example.test,Australia,2024-08-27,Premium,7117.41
9429,Customer 09429,customer09429@example.test,Canada,2021-11-11,Standard,2534.68
9430,Customer 09430,customer09430@example.test,Brazil,2020-08-10,Standard,1933.01
9431,Customer 09431,customer09431@example.test,Canada,2024-08-05,Standard,3258.33
9432,Customer 09432,customer09432@example.test,Germany,2020-05-14,Standard,9083.64
9433,Customer 09433,customer09433@example.test,Japan,2021-11-03,Basic,8262.35
9434,Customer 09434,customer09434@example.test,Australia,2020-01-27,Basic,689.70
9435,Customer 09435,customer09435@example.test,Germany,2022-12-04,Premium,9630.18
9436,Customer 09436,customer09436@example.test,France,2023-06-04,Premium,3459.87
9437,Customer 09437,customer09437@example.test,United States,2023-06-04,Basic,2861.53
9438,Customer 09438,customer09438@example.test,Germany,2022-07-07,Premium,1655.85
9439,Customer 09439,customer09439@example.test,United States,2023-03-24,Basic,2541.29
9440,Customer 09440,customer09440@example.test,India,2024-09-04,Basic,4375.24
9441,Customer 09441,customer09441@example.test,Japan,2023-11-02,Basic,5046.79
9442,Customer 09442,customer09442@example.test,United Kingdom,2024-05-31,Premium,3700.54
9443,Customer 09443,customer09443@example.test,Australia,2021-05-25,Premium,1742.35
9444,Customer 09444,customer09444@example.test,Canada,2022-06-02,Basic,3158.25
9445,Customer 09445,customer09445@example.test,France,2022-08-10,Standard,3402.07
9446,Customer 09446,customer09446@example.test,Australia,2020-01-22,Basic,2126.43
9447,Customer 09447,customer09447@example.test,Australia,2020-10-20,Basic,397.78
9448,Customer 09448,customer09448@example.test,Australia,2023-12-11,Standard,3152.16
9449,Customer 09449,customer09449@example.test,United Kingdom,2024-09-21,Standard,708.35
9450,Customer 09450,customer09450@example.test,Germany,2024-11-05,Standard,1527.24
9451,Customer 09451,customer09451@example.test,United States,2022-07-13,Standard,2615.35
9452,Customer 09452,customer09452@example.test,India,2024-09-20,Standard,2724.28
9453,Customer 09453,customer09453@example.test,Australia,2023-09-10,Basic,9658.19
9454,Customer 09454,customer09454@example.test,Canada,2021-08-04,Basic,2606.59
9455,Customer 09455,customer09455@example.test,Japan,2020-09-12,Basic,5166.43
9456,Customer 09456,customer09456@example.test,Canada,2023-05-11,Basic,7395.91
9457,Customer 09457,customer09457@example.test,Australia,2024-03-15,Basic,4538.94
9458,Customer 09458,customer09458@example.test,India,2022-06-26,Standard,9920.46
9459,Customer 09459,customer09459@example.test,France,2023-03-15,Basic,2059.95
9460,Customer 09460,customer09460@example.test,France,2021-09-18,Basic,6024.78
9461,Customer 09461,customer09461@example.test,Australia,2022-03-30,Standard,3349.83
9462,Customer 09462,customer09462@example.test,France,2024-10-14,Basic,8156.58
9463,Customer 09463,customer09463@example.test,Canada,2023-10-07,Basic,3636.03
9464,Customer 09464,customer09464@example.test,United States,2020-12-23,Standard,5850.38
9465,Customer 09465,customer09465@example.test,France,2023-11-22,Standard,4788.56
9466,Customer 09466,customer09466@example.test,France,2021-02-09,Basic,1033.97
9467,Customer 09467,customer09467@example.test,France,2024-12-31,Premium,206.50
9468,Customer 09468,customer09468@example.test,France,2022-09-12,Standard,3569.21
9469,Customer 09469,customer09469@example.test,France,2021-05-24,Premium,1895.70
9470,Customer 09470,customer09470@example.test,Japan,2021-04-16,Standard,1063.99
9471,Customer 09471,customer09471@example.test,Canada,2024-09-26,Premium,3073.58
9472,Customer 09472,customer09472@example.test,United Kingdom,2024-04-01,Standard,226.89
9473,Customer 09473,customer09473@example.test,United States,2023-07-21,Standard,2001.49
9474,Customer 09474,customer09474@example.test,United Kingdom,2024-01-03,Premium,576.34
9475,Customer 09475,customer09475@example.test,France,2021-05-10,Standard,469.99
9476,Customer 09476,customer09476@example.test,Brazil,2021-10-25,Standard,505.39
9477,Customer 09477,customer09477@example.test,France,2020-09-14,Premium,3425.21
9478,Customer 09478,customer09478@example.test,Australia,2020-07-15,Standard,7431.27
9479,Customer 09479,customer09479@example.test,India,2020-07-02,Standard,3400.17
9480,Customer 09480,customer09480@example.test,United Kingdom,2022-12-30,Premium,8430.25
9481,Customer 09481,customer09481@example.test,Germany,2023-04-18,Basic,7321.83
9482,Customer 09482,customer09482@example.test,Germany,2020-04-17,Premium,1597.11
9483,Customer 09483,customer09483@example.test,Germany,2023-08-19,Standard,4123.73
9484,Customer 09484,customer09484@example.test,Brazil,2021-09-17,Premium,6225.72
9485,Customer 09485,customer09485@example.test,Canada,2023-06-25,Standard,8525.05
9486,Customer 09486,customer09486@example.test,Brazil,2022-02-01,Premium,3363.22
9487,Customer 09487,customer09487@example.test,United States,2021-04-21,Premium,9871.08
9488,Customer 09488,customer09488@example.test,United States,2022-09-22,Premium,6148.66
9489,Customer 09489,customer09489@example.test,France,2020-07-05,Basic,9289.60
9490,Customer 09490,customer09490@example.test,Australia,2021-12-08,Standard,7502.52
9491,Customer 09491,customer09491@example.test,France,2024-03-01,Basic,7220.32
9492,Customer 09492,customer09492@example.test,Germany,2021-09-27,Premium,6464.16
9493,Customer 09493,customer09493@example.test,United Kingdom,2023-12-31,Premium,3493.66
9494,Customer 09494,customer09494@example.test,United Kingdom,2023-11-18,Standard,3753.29
9495,Customer 09495,customer09495@example.test,Brazil,2022-10-13,Standard,4532.39
9496,Customer 09496,customer09496@example.test,France,2024-06-21,Premium,5399.44
9497,Customer 09497,customer09497@example.test,Canada,2023-07-17,Standard,4294.75
9498,Customer 09498,customer09498@example.test,Australia,2021-05-18,Standard,1261.69
9499,Customer 09499,customer09499@example.test,Japan,2024-03-05,Premium,8864.40
9500,Customer 09500,customer09500@example.test,Brazil,2024-10-11,Basic,7021.42
9501,Customer 09501,customer09501@example.test,United States,2024-11-22,Basic,3823.98
9502,Customer 09502,customer09502@example.test,Japan,2024-12-31,Premium,3312.89
9503,Customer 09503,customer09503@example.test,Australia,2020-09-26,Premium,4804.59
9504,Customer 09504,customer09504@example.test,Brazil,2022-06-11,Standard,435.53
9505,Customer 09505,customer09505@example.test,Canada,2021-08-15,Premium,3296.64
9506,Customer 09506,customer09506@example.test,United States,2023-05-28,Basic,4041.34
9507,Customer 09507,customer09507@example.test,India,2022-10-22,Basic,6838.08
9508,Customer 09508,customer09508@example.test,United Kingdom,2022-05-10,Standard,9198.78
9509,Customer 09509,customer09509@example.test,Germany,2020-06-07,Premium,7191.53
9510,Customer 09510,customer09510@example.test,Japan,2021-03-17,Premium,9572.49
9511,Customer 09511,customer09511@example.test,Australia,2022-10-31,Basic,8026.44
9512,Customer 09512,customer09512@example.test,Australia,2023-04-29,Premium,462.75
9513,Customer 09513,customer09513@example.test,Germany,2020-06-10,Standard,7683.27
9514,Customer 09514,customer09514@example.test,Australia,2020-07-15,Basic,2270.68
9515,Customer 09515,customer09515@example.test,Canada,2023-05-13,Standard,8714.27
9516,Customer 09516,customer09516@example.test,United States,2022-11-17,Basic,5843.37
9517,Customer 09517,customer09517@example.test,United States,2020-07-20,Basic,2171.85
9518,Customer 09518,customer09518@example.test,Germany,2020-03-19,Standard,6883.31
9519,Customer 09519,customer09519@example.test,Japan,2020-08-22,Premium,5818.15
9520,Customer 09520,customer09520@example.test,Brazil,2022-12-07,Standard,5329.45
9521,Customer 09521,customer09521@example.test,United States,2022-08-26,Basic,3694.28
9522,Customer 09522,customer09522@example.test,United States,2020-06-30,Basic,3703.79
9523,Customer 09523,customer09523@example.test,Australia,2022-05-11,Standard,6582.02
9524,Customer 09524,customer09524@example.test,Japan,2020-03-13,Standard,4197.02
9525,Customer 09525,customer09525@example.test,United States,2024-04-02,Basic,7955.16
9526,Customer 09526,customer09526@example.test,Japan,2020-11-24,Standard,1846.51
9527,Customer 09527,customer09527@example.test,Australia,2022-12-09,Premium,5024.43
9528,Customer 09528,customer09528@example.test,United Kingdom,2020-11-15,Premium,8641.54
9529,Customer 09529,customer09529@example.test,United States,2020-01-04,Premium,7059.32
9530,Customer 09530,customer09530@example.test,Germany,2023-10-01,Standard,1618.34
9531,Customer 09531,customer09531@example.test,France,2023-07-18,Standard,2210.17
9532,Customer 09532,customer09532@example.test,Japan,2021-12-21,Standard,186.04
9533,Customer 09533,customer09533@example.test,United States,2022-08-12,Premium,7624.73
9534,Customer 09534,customer09534@example.test,Australia,2024-01-23,Basic,2327.26
9535,Customer 09535,customer09535@example.test,Japan,2020-04-11,Basic,4649.85
9536,Customer 09536,customer09536@example.test,United States,2024-12-16,Basic,6123.56
9537,Customer 09537,customer09537@example.test,India,2023-07-11,Premium,6727.06
9538,Customer 09538,customer09538@example.test,India,2021-06-06,Standard,6370.77
9539,Customer 09539,customer09539@example.test,France,2023-01-28,Standard,4838.66
9540,Customer 09540,customer09540@example.test,Brazil,2024-12-31,Standard,4063.52
9541,Customer 09541,customer09541@example.test,Germany,2022-09-11,Basic,370.34
9542,Customer 09542,customer09542@example.test,Japan,2022-06-09,Basic,5401.23
9543,Customer 09543,customer09543@example.test,Japan,2024-01-21,Standard,3906.72
9544,Customer 09544,customer09544@example.test,United States,2020-05-20,Standard,7999.18
9545,Customer 09545,customer09545@example.test,Brazil,2022-10-03,Premium,4456.30
9546,Customer 09546,customer09546@example.test,India,2021-09-15,Standard,476.40
9547,Customer 09547,customer09547@example.test,India,2021-12-20,Standard,2172.94
9548,Customer 09548,customer09548@example.test,France,2021-09-13,Premium,5282.52
9549,Customer 09549,customer09549@example.test,United Kingdom,2020-04-09,Premium,6171.61
9550,Customer 09550,customer09550@example.test,Australia,2020-10-27,Basic,339.44
9551,Customer 09551,customer09551@example.test,India,2020-10-02,Basic,8754.50
9552,Customer 09552,customer09552@example.test,Japan,2021-12-09,Standard,7952.62
9553,Customer 09553,customer09553@example.test,France,2024-06-07,Premium,8079.59
9554,Customer 09554,customer09554@example.test,United Kingdom,2022-08-19,Standard,8332.00
9555,Customer 09555,customer09555@example.test,Australia,2021-05-10,Basic,2097.81
9556,Customer 09556,customer09556@example.test,Japan,2020-07-22,Standard,7209.09
9557,Customer 09557,customer09557@example.test,United Kingdom,2023-02-15,Premium,6206.54
9558,Customer 09558,customer09558@example.test,Canada,2024-05-22,Standard,1129.64
9559,Customer 09559,customer09559@example.test,Germany,2022-01-30,Basic,5038.26
9560,Customer 09560,customer09560@example.test,Canada,2023-10-10,Premium,8935.06
9561,Customer 09561,customer09561@example.test,Canada,2020-07-30,Standard,6970.79
9562,Customer 09562,customer09562@example.test,Canada,2020-04-27,Standard,8578.02
9563,Customer 09563,customer09563@example.test,India,2021-08-17,Standard,249.29
9564,Customer 09564,customer09564@example.test,Australia,2023-09-09,Standard,3101.55
9565,Customer 09565,customer09565@example.test,Australia,2023-04-23,Basic,7805.34
9566,Customer 09566,customer09566@example.test,Australia,2024-01-14,Basic,5909.61
9567,Customer 09567,customer09567@example.test,United States,2023-04-15,Premium,5956.21
9568,Customer 09568,customer09568@example.test,United Kingdom,2024-09-29,Standard,6617.53
9569,Customer 09569,customer09569@example.test,France,2022-07-27,Basic,5347.75
9570,Customer 09570,customer09570@example.test,Canada,2022-09-06,Standard,3958.44
9571,Customer 09571,customer09571@example.test,Japan,2020-07-18,Premium,138.30
9572,Customer 09572,customer09572@example.test,Germany,2021-02-18,Premium,5517.10
9573,Customer 09573,customer09573@example.test,Australia,2021-03-26,Premium,313.61
9574,Customer 09574,customer09574@example.test,Brazil,2023-04-03,Standard,2342.53
9575,Customer 09575,customer09575@example.test,Canada,2021-10-02,Basic,3221.36
9576,Customer 09576,customer09576@example.test,France,2023-06-20,Premium,5156.04
9577,Customer 09577,customer09577@example.test,Germany,2023-11-17,Premium,4589.43
9578,Customer 09578,customer09578@example.test,Japan,2023-03-09,Standard,2846.56
9579,Customer 09579,customer09579@example.test,Japan,2022-04-26,Premium,5368.54
9580,Customer 09580,customer09580@example.test,United Kingdom,2023-06-22,Basic,2041.06
9581,Customer 09581,customer09581@example.test,Brazil,2022-01-05,Basic,6350.54
9582,Customer 09582,customer09582@example.test,Japan,2024-06-23,Premium,1523.28
9583,Customer 09583,customer09583@example.test,Canada,2021-11-20,Standard,8157.80
9584,Customer 09584,customer09584@example.test,Japan,2021-11-01,Premium,43.80
9585,Customer 09585,customer09585@example.test,Canada,2020-12-05,Premium,391.69
9586,Customer 09586,customer09586@example.test,France,2020-09-22,Standard,408.45
9587,Customer 09587,customer09587@example.test,Japan,2022-02-01,Basic,4908.36
9588,Customer 09588,customer09588@example.test,Brazil,2022-07-13,Premium,3768.85
9589,Customer 09589,customer09589@example.test,India,2020-06-10,Basic,5912.52
9590,Customer 09590,customer09590@example.test,Australia,2024-02-17,Standard,1072.57
9591,Customer 09591,customer09591@example.test,Canada,2022-11-23,Basic,9254.33
9592,Customer 09592,customer09592@example.test,India,2020-01-25,Premium,4328.70
9593,Customer 09593,customer09593@example.test,Japan,2022-04-04,Premium,7441.09
9594,Customer 09594,customer09594@example.test,Brazil,2023-01-15,Premium,2280.75
9595,Customer 09595,customer09595@example.test,Canada,2023-04-01,Standard,5528.13
9596,Customer 09596,customer09596@example.test,Germany,2023-02-07,Standard,5095.17
9597,Customer 09597,customer09597@example.test,Australia,2023-07-24,Basic,5839.24
9598,Customer 09598,customer09598@example.test,France,2022-02-20,Standard,869.24
9599,Customer 09599,customer09599@example.test,Canada,2021-10-30,Standard,4098.96
9600,Customer 09600,customer09600@example.test,India,2023-06-06,Basic,8496.75
9601,Customer 09601,customer09601@example.test,Germany,2024-07-21,Standard,3176.46
9602,Customer 09602,customer09602@example.test,Australia,2020-11-14,Premium,1678.46
9603,Customer 09603,customer09603@example.test,Germany,2024-06-24,Basic,5822.96
9604,Customer 09604,customer09604@example.test,Germany,2020-11-01,Basic,5706.55
9605,Customer 09605,customer09605@example.test,Japan,2024-09-08,Premium,7593.65
9606,Customer 09606,customer09606@example.test,France,2020-05-24,Standard,2461.06
9607,Customer 09607,customer09607@example.test,Brazil,2022-08-04,Standard,3848.18
9608,Customer 09608,customer09608@example.test,France,2020-03-26,Premium,8782.85
9609,Customer 09609,customer09609@example.test,Brazil,2024-09-07,Basic,330.99
9610,Customer 09610,customer09610@example.test,Canada,2023-11-25,Standard,7120.25
9611,Customer 09611,customer09611@example.test,Brazil,2022-02-18,Standard,8262.63
9612,Customer 09612,customer09612@example.test,France,2020-09-05,Basic,6016.23
9613,Customer 09613,customer09613@example.test,Australia,2022-04-17,Standard,894.11
9614,Customer 09614,customer09614@example.test,Germany,2020-02-20,Standard,9758.88
9615,Customer 09615,customer09615@example.test,Brazil,2024-05-21,Basic,5954.45
9616,Customer 09616,customer09616@example.test,Brazil,2024-09-02,Premium,8541.51
9617,Customer 09617,customer09617@example.test,Canada,2023-04-03,Basic,3306.45
9618,Customer 09618,customer09618@example.test,Japan,2024-09-30,Basic,7094.05
9619,Customer 09619,customer09619@example.test,Canada,2023-05-12,Standard,7615.60
9620,Customer 09620,customer09620@example.test,Japan,2022-09-22,Basic,5790.35
9621,Customer 09621,customer09621@example.test,France,2023-10-02,Standard,664.69
9622,Customer 09622,customer09622@example.test,France,2020-04-02,Standard,823.04
9623,Customer 09623,customer09623@example.test,Brazil,2021-07-29,Premium,7923.23
9624,Customer 09624,customer09624@example.test,United States,2020-05-22,Premium,1162.49
9625,Customer 09625,customer09625@example.test,United States,2024-10-22,Basic,1085.99
9626,Customer 09626,customer09626@example.test,Australia,2021-10-01,Standard,9663.98
9627,Customer 09627,customer09627@example.test,France,2020-06-24,Premium,3301.57
9628,Customer 09628,customer09628@example.test,Brazil,2023-07-26,Standard,9163.23
9629,Customer 09629,customer09629@example.test,Australia,2023-04-17,Standard,3269.66
9630,Customer 09630,customer09630@example.test,Australia,2022-07-11,Basic,3787.02
9631,Customer 09631,customer09631@example.test,Australia,2022-04-28,Basic,7810.21
9632,Customer 09632,customer09632@example.test,Australia,2021-07-16,Standard,4752.51
9633,Customer 09633,customer09633@example.test,Germany,2020-07-23,Basic,8572.40
9634,Customer 09634,customer09634@example.test,United Kingdom,2022-10-27,Basic,2230.11
9635,Customer 09635,customer09635@example.test,Australia,2020-05-21,Premium,1096.45
9636,Customer 09636,customer09636@example.test,India,2021-06-21,Standard,2849.67
9637,Customer 09637,customer09637@example.test,United Kingdom,2021-10-06,Premium,9923.36
9638,Customer 09638,customer09638@example.test,Canada,2024-04-14,Standard,3440.61
9639,Customer 09639,customer09639@example.test,United Kingdom,2023-09-16,Basic,2818.50
9640,Customer 09640,customer09640@example.test,Australia,2024-06-07,Standard,7608.92
9641,Customer 09641,customer09641@example.test,Australia,2021-07-02,Premium,2252.28
9642,Customer 09642,customer09642@example.test,United Kingdom,2024-10-22,Standard,2708.17
9643,Customer 09643,customer09643@example.test,United States,2023-06-20,Standard,38.90
9644,Customer 09644,customer09644@example.test,France,2023-05-22,Premium,6380.15
9645,Customer 09645,customer09645@example.test,France,2020-08-06,Standard,7841.18
9646,Customer 09646,customer09646@example.test,Germany,2023-06-13,Premium,1948.48
9647,Customer 09647,customer09647@example.test,Japan,2024-07-28,Standard,742.47
9648,Customer 09648,customer09648@example.test,Japan,2020-01-09,Premium,2350.35
9649,Customer 09649,customer09649@example.test,Japan,2020-12-09,Standard,3676.23
9650,Customer 09650,customer09650@example.test,Brazil,2021-04-23,Basic,6772.79
9651,Customer 09651,customer09651@example.test,Australia,2023-02-13,Standard,5126.59
9652,Customer 09652,customer09652@example.test,France,2022-03-23,Premium,7187.41
9653,Customer 09653,customer09653@example.test,Australia,2024-09-09,Premium,280.62
9654,Customer 09654,customer09654@example.test,Japan,2022-12-29,Basic,3484.28
9655,Customer 09655,customer09655@example.test,Japan,2021-08-27,Premium,1737.94
9656,Customer 09656,customer09656@example.test,France,2021-10-21,Standard,392.71
9657,Customer 09657,customer09657@example.test,Germany,2022-03-06,Premium,644.17
9658,Customer 09658,customer09658@example.test,United Kingdom,2021-07-29,Standard,9967.58
9659,Customer 09659,customer09659@example.test,Japan,2022-12-03,Standard,6285.65
9660,Customer 09660,customer09660@example.test,United States,2021-09-07,Standard,8125.38
9661,Customer 09661,customer09661@example.test,United States,2023-07-25,Basic,2848.18
9662,Customer 09662,customer09662@example.test,Germany,2022-11-07,Basic,727.04
9663,Customer 09663,customer09663@example.test,Australia,2022-08-15,Basic,2584.28
9664,Customer 09664,customer09664@example.test,Brazil,2022-04-10,Premium,561.58
9665,Customer 09665,customer09665@example.test,United Kingdom,2024-12-31,Standard,41.19
9666,Customer 09666,customer09666@example.test,Brazil,2024-03-23,Standard,5099.08
9667,Customer 09667,customer09667@example.test,France,2024-04-16,Basic,5038.10
9668,Customer 09668,customer09668@example.test,Germany,2021-10-03,Basic,2068.53
9669,Customer 09669,customer09669@example.test,France,2024-07-14,Premium,4657.26
9670,Customer 09670,customer09670@example.test,Brazil,2022-12-16,Premium,9768.29
9671,Customer 09671,customer09671@example.test,Brazil,2024-12-17,Standard,1117.96
9672,Customer 09672,customer09672@example.test,Japan,2023-03-21,Premium,382.87
9673,Customer 09673,customer09673@example.test,Australia,2021-07-23,Premium,9666.96
9674,Customer 09674,customer09674@example.test,Germany,2020-07-09,Standard,3079.92
9675,Customer 09675,customer09675@example.test,India,2020-06-25,Standard,8904.59
9676,Customer 09676,customer09676@example.test,Japan,2023-04-27,Standard,2928.84
9677,Customer 09677,customer09677@example.test,France,2021-04-10,Premium,6979.14
9678,Customer 09678,customer09678@example.test,United States,2023-09-17,Standard,6958.26
9679,Customer 09679,customer09679@example.test,Japan,2023-03-02,Basic,9705.80
9680,Customer 09680,customer09680@example.test,India,2021-12-02,Premium,2399.26
9681,Customer 09681,customer09681@example.test,Brazil,2023-03-08,Standard,8138.57
9682,Customer 09682,customer09682@example.test,Australia,2023-10-24,Premium,7622.02
9683,Customer 09683,customer09683@example.test,India,2021-04-24,Premium,9509.23
9684,Customer 09684,customer09684@example.test,Australia,2020-01-03,Standard,6471.69
9685,Customer 09685,customer09685@example.test,Canada,2023-11-23,Standard,6569.40
9686,Customer 09686,customer09686@example.test,India,2022-04-07,Premium,7542.83
9687,Customer 09687,customer09687@example.test,Brazil,2022-03-01,Basic,6432.21
9688,Customer 09688,customer09688@example.test,United Kingdom,2022-09-05,Premium,1088.06
9689,Customer 09689,customer09689@example.test,France,2022-07-19,Basic,9112.68
9690,Customer 09690,customer09690@example.test,Japan,2021-09-13,Basic,9573.90
9691,Customer 09691,customer09691@example.test,Germany,2020-11-12,Basic,5193.70
9692,Customer 09692,customer09692@example.test,Canada,2024-01-09,Premium,8312.89
9693,Customer 09693,customer09693@example.test,United States,2024-03-08,Standard,8868.82
9694,Customer 09694,customer09694@example.test,Japan,2022-12-13,Standard,6933.75
9695,Customer 09695,customer09695@example.test,Canada,2021-05-13,Standard,6908.57
9696,Customer 09696,customer09696@example.test,Japan,2024-07-21,Basic,4752.51
9697,Customer 09697,customer09697@example.test,Brazil,2023-09-21,Standard,7353.61
9698,Customer 09698,customer09698@example.test,France,2020-06-09,Standard,6045.11
9699,Customer 09699,customer09699@example.test,Brazil,2021-02-15,Standard,9619.75
9700,Customer 09700,customer09700@example.test,Japan,2023-06-01,Standard,9827.52
9701,Customer 09701,customer09701@example.test,Japan,2020-03-09,Premium,3830.35
9702,Customer 09702,customer09702@example.test,United States,2022-01-15,Basic,1061.87
9703,Customer 09703,customer09703@example.test,France,2022-09-05,Standard,4849.74
9704,Customer 09704,customer09704@example.test,Canada,2023-05-29,Premium,9236.23
9705,Customer 09705,customer09705@example.test,Brazil,2024-01-08,Standard,1428.65
9706,Customer 09706,customer09706@example.test,Australia,2021-11-25,Standard,7313.67
9707,Customer 09707,customer09707@example.test,United States,2024-07-19,Basic,1971.09
9708,Customer 09708,customer09708@example.test,India,2024-11-30,Standard,4122.42
9709,Customer 09709,customer09709@example.test,Japan,2021-09-11,Premium,8594.23
9710,Customer 09710,customer09710@example.test,United States,2023-04-28,Basic,6249.19
9711,Customer 09711,customer09711@example.test,Australia,2022-07-06,Premium,9842.68
9712,Customer 09712,customer09712@example.test,India,2021-08-29,Standard,5096.05
9713,Customer 09713,customer09713@example.test,France,2020-01-11,Basic,7521.93
9714,Customer 09714,customer09714@example.test,Germany,2021-05-01,Basic,1387.47
9715,Customer 09715,customer09715@example.test,Brazil,2022-08-31,Basic,5672.86
9716,Customer 09716,customer09716@example.test,Japan,2022-03-20,Basic,6115.20
9717,Customer 09717,customer09717@example.test,India,2020-11-05,Standard,1322.70
9718,Customer 09718,customer09718@example.test,Australia,2023-05-22,Standard,250.12
9719,Customer 09719,customer09719@example.test,Canada,2023-06-26,Standard,561.99
9720,Customer 09720,customer09720@example.test,Australia,2020-01-15,Basic,841.00
9721,Customer 09721,customer09721@example.test,Brazil,2024-05-24,Basic,8081.56
9722,Customer 09722,customer09722@example.test,Australia,2024-03-15,Premium,8577.10
9723,Customer 09723,customer09723@example.test,Japan,2021-10-31,Premium,4354.50
9724,Customer 09724,customer09724@example.test,United Kingdom,2020-05-24,Premium,5891.40
9725,Customer 09725,customer09725@example.test,Germany,2021-06-12,Basic,6537.73
9726,Customer 09726,customer09726@example.test,United States,2023-07-07,Premium,1460.82
9727,Customer 09727,customer09727@example.test,France,2020-06-28,Premium,491.55
9728,Customer 09728,customer09728@example.test,United States,2023-10-09,Basic,1467.28
9729,Customer 09729,customer09729@example.test,France,2023-09-03,Basic,8951.63
9730,Customer 09730,customer09730@example.test,Japan,2021-09-12,Basic,6548.28
9731,Customer 09731,customer09731@example.test,United States,2020-04-14,Standard,5012.94
9732,Customer 09732,customer09732@example.test,France,2020-09-18,Basic,9774.48
9733,Customer 09733,customer09733@example.test,Brazil,2021-03-22,Premium,2765.05
9734,Customer 09734,customer09734@example.test,Germany,2023-09-24,Basic,1309.34
9735,Customer 09735,customer09735@example.test,United Kingdom,2022-10-08,Basic,2569.13
9736,Customer 09736,customer09736@example.test,Japan,2023-07-10,Standard,3324.09
9737,Customer 09737,customer09737@example.test,Japan,2024-01-24,Premium,6353.41
9738,Customer 09738,customer09738@example.test,Canada,2020-10-10,Premium,8096.05
9739,Customer 09739,customer09739@example.test,United States,2022-12-22,Premium,9214.74
9740,Customer 09740,customer09740@example.test,Australia,2020-10-13,Standard,2236.85
9741,Customer 09741,customer09741@example.test,Brazil,2024-03-17,Basic,7625.61
9742,Customer 09742,customer09742@example.test,Germany,2022-03-25,Premium,5040.42
9743,Customer 09743,customer09743@example.test,Brazil,2022-02-26,Basic,6602.81
9744,Customer 09744,customer09744@example.test,France,2023-07-08,Premium,1630.96
9745,Customer 09745,customer09745@example.test,Japan,2021-01-23,Standard,8017.17
9746,Customer 09746,customer09746@example.test,Japan,2020-08-26,Basic,2503.32
9747,Customer 09747,customer09747@example.test,United States,2022-05-17,Premium,3322.56
9748,Customer 09748,customer09748@example.test,Brazil,2023-07-05,Standard,8887.90
9749,Customer 09749,customer09749@example.test,Japan,2022-08-05,Standard,156.76
9750,Customer 09750,customer09750@example.test,France,2024-09-09,Premium,2362.73
9751,Customer 09751,customer09751@example.test,Brazil,2024-05-19,Basic,5993.29
9752,Customer 09752,customer09752@example.test,France,2024-02-12,Basic,1884.13
9753,Customer 09753,customer09753@example.test,Canada,2021-12-04,Basic,1564.31
9754,Customer 09754,customer09754@example.test,Japan,2024-12-18,Standard,9557.86
9755,Customer 09755,customer09755@example.test,Canada,2020-07-27,Standard,9312.02
9756,Customer 09756,customer09756@example.test,France,2023-05-18,Standard,6115.01
9757,Customer 09757,customer09757@example.test,India,2021-06-16,Premium,9817.63
9758,Customer 09758,customer09758@example.test,India,2021-01-16,Premium,9510.55
9759,Customer 09759,customer09759@example.test,Japan,2023-06-13,Standard,2706.77
9760,Customer 09760,customer09760@example.test,United States,2021-09-09,Standard,7970.44
9761,Customer 09761,customer09761@example.test,Japan,2021-05-23,Basic,7650.89
9762,Customer 09762,customer09762@example.test,Japan,2023-01-15,Basic,1184.53
9763,Customer 09763,customer09763@example.test,Brazil,2024-11-21,Premium,3241.25
9764,Customer 09764,customer09764@example.test,France,2024-05-22,Premium,485.82
9765,Customer 09765,customer09765@example.test,Germany,2022-05-22,Premium,6343.88
9766,Customer 09766,customer09766@example.test,United States,2023-12-20,Premium,3360.41
9767,Customer 09767,customer09767@example.test,United Kingdom,2023-02-24,Standard,893.10
9768,Customer 09768,customer09768@example.test,India,2024-09-18,Standard,7366.04
9769,Customer 09769,customer09769@example.test,Australia,2021-12-13,Basic,9540.42
9770,Customer 09770,customer09770@example.test,Canada,2022-03-06,Standard,5564.23
9771,Customer 09771,customer09771@example.test,Australia,2022-09-07,Premium,9670.95
9772,Customer 09772,customer09772@example.test,Brazil,2021-12-30,Basic,1593.24
9773,Customer 09773,customer09773@example.test,Germany,2020-02-02,Standard,2468.14
9774,Customer 09774,customer09774@example.test,Canada,2022-08-16,Premium,4324.91
9775,Customer 09775,customer09775@example.test,Japan,2020-12-31,Standard,7600.56
9776,Customer 09776,customer09776@example.test,France,2020-02-16,Premium,1995.03
9777,Customer 09777,customer09777@example.test,United States,2021-10-25,Standard,759.80
9778,Customer 09778,customer09778@example.test,Australia,2023-01-01,Premium,6527.26
9779,Customer 09779,customer09779@example.test,India,2021-10-16,Basic,6493.08
9780,Customer 09780,customer09780@example.test,United Kingdom,2023-04-22,Standard,8069.44
9781,Customer 09781,customer09781@example.test,United Kingdom,2021-04-10,Basic,2050.65
9782,Customer 09782,customer09782@example.test,India,2023-05-17,Standard,8941.36
9783,Customer 09783,customer09783@example.test,India,2023-03-31,Standard,707.24
9784,Customer 09784,customer09784@example.test,Canada,2023-03-01,Standard,7547.77
9785,Customer 09785,customer09785@example.test,Germany,2022-07-13,Basic,894.83
9786,Customer 09786,customer09786@example.test,Brazil,2020-05-30,Standard,7082.21
9787,Customer 09787,customer09787@example.test,Japan,2021-03-19,Standard,124.25
9788,Customer 09788,customer09788@example.test,United States,2021-03-23,Standard,1556.27
9789,Customer 09789,customer09789@example.test,Japan,2021-12-28,Basic,4855.07
9790,Customer 09790,customer09790@example.test,Japan,2024-11-02,Premium,1084.33
9791,Customer 09791,customer09791@example.test,India,2020-11-24,Basic,3058.31
9792,Customer 09792,customer09792@example.test,Canada,2024-02-04,Premium,2180.97
9793,Customer 09793,customer09793@example.test,Australia,2020-03-03,Basic,450.48
9794,Customer 09794,customer09794@example.test,Japan,2022-01-10,Premium,336.31
9795,Customer 09795,customer09795@example.test,United States,2024-03-01,Basic,1532.52
9796,Customer 09796,customer09796@example.test,Canada,2023-03-29,Basic,2650.23
9797,Customer 09797,customer09797@example.test,United States,2023-07-29,Premium,5361.12
9798,Customer 09798,customer09798@example.test,France,2022-08-13,Premium,8382.01
9799,Customer 09799,customer09799@example.test,Australia,2020-08-14,Standard,7161.26
9800,Customer 09800,customer09800@example.test,United States,2024-01-06,Basic,2125.70
9801,Customer 09801,customer09801@example.test,Canada,2020-06-19,Basic,4628.17
9802,Customer 09802,customer09802@example.test,Japan,2021-04-15,Standard,7995.35
9803,Customer 09803,customer09803@example.test,United States,2021-08-18,Standard,1566.00
9804,Customer 09804,customer09804@example.test,Australia,2021-01-11,Standard,1402.30
9805,Customer 09805,customer09805@example.test,Brazil,2020-01-14,Basic,4710.08
9806,Customer 09806,customer09806@example.test,Australia,2024-09-26,Basic,3092.53
9807,Customer 09807,customer09807@example.test,United States,2020-10-09,Standard,2656.92
9808,Customer 09808,customer09808@example.test,Brazil,2024-08-26,Standard,7150.01
9809,Customer 09809,customer09809@example.test,Canada,2024-01-07,Standard,6428.52
9810,Customer 09810,customer09810@example.test,Japan,2023-11-30,Premium,6597.96
9811,Customer 09811,customer09811@example.test,India,2022-03-21,Premium,1646.37
9812,Customer 09812,customer09812@example.test,India,2023-07-03,Standard,3481.44
9813,Customer 09813,customer09813@example.test,Australia,2020-07-06,Premium,3810.86
9814,Customer 09814,customer09814@example.test,Brazil,2024-12-17,Premium,5382.00
9815,Customer 09815,customer09815@example.test,Germany,2020-08-23,Basic,5638.88
9816,Customer 09816,customer09816@example.test,Germany,2024-04-23,Basic,1351.59
9817,Customer 09817,customer09817@example.test,Japan,2020-09-20,Premium,2180.94
9818,Customer 09818,customer09818@example.test,Australia,2023-11-14,Premium,2199.95
9819,Customer 09819,customer09819@example.test,Australia,2022-05-06,Standard,1411.80
9820,Customer 09820,customer09820@example.test,France,2020-09-21,Standard,401.46
9821,Customer 09821,customer09821@example.test,United States,2020-11-10,Premium,29.57
9822,Customer 09822,customer09822@example.test,France,2023-12-15,Basic,2849.15
9823,Customer 09823,customer09823@example.test,Canada,2023-10-30,Basic,2879.99
9824,Customer 09824,customer09824@example.test,United Kingdom,2021-02-08,Standard,8460.73
9825,Customer 09825,customer09825@example.test,Brazil,2021-02-23,Standard,8048.03
9826,Customer 09826,customer09826@example.test,Canada,2023-03-19,Basic,315.99
9827,Customer 09827,customer09827@example.test,Brazil,2024-11-05,Standard,7439.27
9828,Customer 09828,customer09828@example.test,France,2022-03-22,Premium,4425.27
9829,Customer 09829,customer09829@example.test,Japan,2024-09-16,Basic,4042.33
9830,Customer 09830,customer09830@example.test,United States,2024-09-08,Standard,7621.92
9831,Customer 09831,customer09831@example.test,Germany,2023-10-16,Premium,2608.11
9832,Customer 09832,customer09832@example.test,Australia,2021-02-26,Standard,3919.74
9833,Customer 09833,customer09833@example.test,Germany,2021-07-24,Premium,9886.68
9834,Customer 09834,customer09834@example.test,Japan,2020-02-08,Premium,4570.68
9835,Customer 09835,customer09835@example.test,Germany,2022-03-11,Basic,4868.61
9836,Customer 09836,customer09836@example.test,Australia,2020-01-09,Basic,5731.46
9837,Customer 09837,customer09837@example.test,Germany,2021-08-11,Basic,3473.80
9838,Customer 09838,customer09838@example.test,Australia,2023-02-05,Premium,3451.88
9839,Customer 09839,customer09839@example.test,Brazil,2024-02-01,Standard,4269.97
9840,Customer 09840,customer09840@example.test,Canada,2021-09-05,Basic,9912.93
9841,Customer 09841,customer09841@example.test,Canada,2022-04-25,Basic,37.67
9842,Customer 09842,customer09842@example.test,Canada,2023-04-15,Standard,1005.50
9843,Customer 09843,customer09843@example.test,India,2020-08-31,Premium,3332.91
9844,Customer 09844,customer09844@example.test,Australia,2024-08-02,Basic,6394.63
9845,Customer 09845,customer09845@example.test,Japan,2024-07-08,Basic,6009.86
9846,Customer 09846,customer09846@example.test,Japan,2023-12-15,Premium,7663.07
9847,Customer 09847,customer09847@example.test,France,2024-01-12,Premium,3459.21
9848,Customer 09848,customer09848@example.test,Canada,2024-09-09,Basic,3475.15
9849,Customer 09849,customer09849@example.test,Canada,2022-02-01,Basic,2564.21
9850,Customer 09850,customer09850@example.test,Canada,2023-11-27,Premium,6927.51
9851,Customer 09851,customer09851@example.test,United States,2024-06-12,Premium,3401.34
9852,Customer 09852,customer09852@example.test,United States,2022-10-27,Premium,4781.81
9853,Customer 09853,customer09853@example.test,United Kingdom,2023-08-19,Basic,3189.35
9854,Customer 09854,customer09854@example.test,India,2021-04-26,Standard,7761.24
9855,Customer 09855,customer09855@example.test,Germany,2020-04-27,Standard,4242.45
9856,Customer 09856,customer09856@example.test,India,2020-12-23,Basic,9126.44
9857,Customer 09857,customer09857@example.test,France,2023-10-17,Basic,3818.20
9858,Customer 09858,customer09858@example.test,Brazil,2020-04-05,Premium,1214.37
9859,Customer 09859,customer09859@example.test,Canada,2021-11-06,Standard,3348.53
9860,Customer 09860,customer09860@example.test,Japan,2022-11-03,Premium,4854.97
9861,Customer 09861,customer09861@example.test,United States,2022-07-01,Basic,5644.51
9862,Customer 09862,customer09862@example.test,Japan,2020-12-28,Premium,2317.86
9863,Customer 09863,customer09863@example.test,United Kingdom,2020-06-17,Standard,5573.43
9864,Customer 09864,customer09864@example.test,Australia,2023-04-18,Premium,208.37
9865,Customer 09865,customer09865@example.test,India,2021-06-05,Basic,9341.70
9866,Customer 09866,customer09866@example.test,United States,2024-06-21,Premium,7410.27
9867,Customer 09867,customer09867@example.test,United Kingdom,2024-04-03,Premium,8774.16
9868,Customer 09868,customer09868@example.test,Japan,2023-01-18,Premium,8380.98
9869,Customer 09869,customer09869@example.test,Germany,2024-12-25,Premium,1867.41
9870,Customer 09870,customer09870@example.test,France,2023-06-01,Standard,7366.43
9871,Customer 09871,customer09871@example.test,Germany,2021-11-03,Basic,7663.38
9872,Customer 09872,customer09872@example.test,Canada,2022-01-16,Premium,3418.20
9873,Customer 09873,customer09873@example.test,India,2024-02-17,Basic,4265.24
9874,Customer 09874,customer09874@example.test,India,2022-06-26,Standard,5200.15
9875,Customer 09875,customer09875@example.test,Brazil,2023-05-12,Premium,7136.81
9876,Customer 09876,customer09876@example.test,United Kingdom,2021-01-20,Basic,8362.19
9877,Customer 09877,customer09877@example.test,France,2023-01-27,Premium,7430.64
9878,Customer 09878,customer09878@example.test,India,2021-09-17,Standard,4316.74
9879,Customer 09879,customer09879@example.test,United Kingdom,2020-10-19,Standard,3409.32
9880,Customer 09880,customer09880@example.test,Brazil,2024-04-19,Premium,4079.53
9881,Customer 09881,customer09881@example.test,United States,2020-01-02,Basic,9355.41
9882,Customer 09882,customer09882@example.test,India,2024-10-04,Basic,5981.49
9883,Customer 09883,customer09883@example.test,Australia,2022-08-09,Premium,9208.53
9884,Customer 09884,customer09884@example.test,Canada,2021-12-14,Premium,1219.34
9885,Customer 09885,customer09885@example.test,France,2024-05-09,Premium,3973.21
9886,Customer 09886,customer09886@example.test,United States,2023-12-23,Basic,8145.88
9887,Customer 09887,customer09887@example.test,Australia,2022-02-08,Premium,9598.80
9888,Customer 09888,customer09888@example.test,France,2022-11-18,Standard,4807.78
9889,Customer 09889,customer09889@example.test,Brazil,2022-06-05,Premium,7042.43
9890,Customer 09890,customer09890@example.test,United States,2022-11-05,Basic,6474.19
9891,Customer 09891,customer09891@example.test,France,2024-01-17,Premium,7202.23
9892,Customer 09892,customer09892@example.test,Germany,2022-10-12,Standard,9463.43
9893,Customer 09893,customer09893@example.test,Brazil,2020-08-04,Basic,2583.86
9894,Customer 09894,customer09894@example.test,United Kingdom,2024-02-05,Basic,9267.91
9895,Customer 09895,customer09895@example.test,Canada,2024-10-27,Standard,1102.39
9896,Customer 09896,customer09896@example.test,India,2023-07-21,Basic,4130.83
9897,Customer 09897,customer09897@example.test,France,2020-04-09,Premium,5461.72
9898,Customer 09898,customer09898@example.test,United Kingdom,2023-10-18,Basic,5672.82
9899,Customer 09899,customer09899@example.test,United States,2024-12-11,Basic,3699.01
9900,Customer 09900,customer09900@example.test,Canada,2024-12-12,Basic,3832.49
9901,Customer 09901,customer09901@example.test,United States,2024-02-11,Basic,5369.77
9902,Customer 09902,customer09902@example.test,United States,2022-03-23,Basic,1100.09
9903,Customer 09903,customer09903@example.test,Germany,2023-01-23,Premium,6033.30
9904,Customer 09904,customer09904@example.test,Japan,2022-08-15,Basic,2545.02
9905,Customer 09905,customer09905@example.test,Australia,2020-04-14,Basic,42.70
9906,Customer 09906,customer09906@example.test,France,2022-08-21,Standard,6159.18
9907,Customer 09907,customer09907@example.test,Germany,2021-08-05,Standard,3278.19
9908,Customer 09908,customer09908@example.test,Germany,2022-08-05,Standard,2905.64
9909,Customer 09909,customer09909@example.test,Australia,2020-08-13,Standard,4225.67
9910,Customer 09910,customer09910@example.test,Canada,2023-04-05,Basic,4467.38
9911,Customer 09911,customer09911@example.test,Japan,2020-10-04,Basic,8086.46
9912,Customer 09912,customer09912@example.test,Germany,2021-12-04,Basic,2435.41
9913,Customer 09913,customer09913@example.test,United Kingdom,2021-09-01,Standard,5956.38
9914,Customer 09914,customer09914@example.test,Japan,2020-08-11,Premium,9821.83
9915,Customer 09915,customer09915@example.test,Germany,2024-06-27,Premium,3574.41
9916,Customer 09916,customer09916@example.test,United States,2023-04-02,Premium,9656.35
9917,Customer 09917,customer09917@example.test,United States,2023-06-05,Standard,6571.16
9918,Customer 09918,customer09918@example.test,Australia,2023-07-28,Standard,8518.36
9919,Customer 09919,customer09919@example.test,Japan,2023-05-26,Standard,5308.74
9920,Customer 09920,customer09920@example.test,India,2024-10-17,Standard,5320.29
9921,Customer 09921,customer09921@example.test,France,2024-03-28,Basic,5210.15
9922,Customer 09922,customer09922@example.test,Japan,2021-11-06,Basic,8361.01
9923,Customer 09923,customer09923@example.test,Brazil,2023-02-04,Standard,5001.19
9924,Customer 09924,customer09924@example.test,Germany,2022-12-13,Premium,3214.75
9925,Customer 09925,customer09925@example.test,Australia,2023-10-18,Standard,8818.61
9926,Customer 09926,customer09926@example.test,France,2023-11-21,Premium,4643.68
9927,Customer 09927,customer09927@example.test,Brazil,2023-08-28,Basic,8810.10
9928,Customer 09928,customer09928@example.test,United Kingdom,2022-08-12,Standard,984.81
9929,Customer 09929,customer09929@example.test,France,2024-12-07,Standard,6895.31
9930,Customer 09930,customer09930@example.test,Australia,2020-02-22,Standard,5325.30
9931,Customer 09931,customer09931@example.test,France,2022-12-30,Standard,6122.30
9932,Customer 09932,customer09932@example.test,Canada,2020-11-16,Premium,2069.58
9933,Customer 09933,customer09933@example.test,United States,2024-01-05,Standard,2962.44
9934,Customer 09934,customer09934@example.test,France,2020-01-28,Premium,4286.58
9935,Customer 09935,customer09935@example.test,India,2023-04-06,Premium,5812.52
9936,Customer 09936,customer09936@example.test,Australia,2021-11-13,Basic,1963.84
9937,Customer 09937,customer09937@example.test,Brazil,2021-04-04,Premium,9748.57
9938,Customer 09938,customer09938@example.test,Japan,2024-08-09,Standard,2050.67
9939,Customer 09939,customer09939@example.test,United Kingdom,2020-11-20,Premium,3287.93
9940,Customer 09940,customer09940@example.test,India,2023-11-23,Premium,2985.75
9941,Customer 09941,customer09941@example.test,United Kingdom,2023-06-30,Premium,2752.32
9942,Customer 09942,customer09942@example.test,Australia,2023-05-01,Premium,1464.37
9943,Customer 09943,customer09943@example.test,France,2020-09-19,Standard,5054.88
9944,Customer 09944,customer09944@example.test,Brazil,2022-09-24,Standard,4444.71
9945,Customer 09945,customer09945@example.test,India,2024-06-10,Premium,6135.84
9946,Customer 09946,customer09946@example.test,India,2021-05-12,Standard,3860.27
9947,Customer 09947,customer09947@example.test,United Kingdom,2021-12-06,Premium,9576.08
9948,Customer 09948,customer09948@example.test,Australia,2020-10-31,Premium,4310.41
9949,Customer 09949,customer09949@example.test,United Kingdom,2020-08-20,Standard,772.20
9950,Customer 09950,customer09950@example.test,Japan,2021-02-02,Standard,2783.64
9951,Customer 09951,customer09951@example.test,India,2024-06-11,Basic,2874.09
9952,Customer 09952,customer09952@example.test,United Kingdom,2024-06-25,Standard,1165.56
9953,Customer 09953,customer09953@example.test,Canada,2024-04-17,Premium,5777.78
9954,Customer 09954,customer09954@example.test,France,2023-02-28,Basic,6260.68
9955,Customer 09955,customer09955@example.test,Canada,2020-07-09,Standard,7098.86
9956,Customer 09956,customer09956@example.test,Australia,2024-02-08,Standard,3407.11
9957,Customer 09957,customer09957@example.test,United Kingdom,2020-03-01,Basic,4249.05
9958,Customer 09958,customer09958@example.test,Canada,2020-07-30,Premium,9115.30
9959,Customer 09959,customer09959@example.test,United States,2020-11-02,Basic,2483.60
9960,Customer 09960,customer09960@example.test,Australia,2023-09-05,Standard,4049.63
9961,Customer 09961,customer09961@example.test,Germany,2021-08-29,Standard,5845.36
9962,Customer 09962,customer09962@example.test,India,2023-11-24,Premium,7038.00
9963,Customer 09963,customer09963@example.test,Germany,2020-01-09,Standard,3876.76
9964,Customer 09964,customer09964@example.test,India,2021-10-25,Basic,3491.41
9965,Customer 09965,customer09965@example.test,Canada,2020-04-14,Standard,2225.56
9966,Customer 09966,customer09966@example.test,India,2023-12-16,Standard,69.38
9967,Customer 09967,customer09967@example.test,United Kingdom,2022-10-20,Standard,8054.74
9968,Customer 09968,customer09968@example.test,Germany,2023-01-08,Premium,2433.60
9969,Customer 09969,customer09969@example.test,Canada,2023-08-16,Standard,4298.55
9970,Customer 09970,customer09970@example.test,France,2024-10-22,Basic,7583.03
9971,Customer 09971,customer09971@example.test,Australia,2023-05-15,Standard,7113.26
9972,Customer 09972,customer09972@example.test,Japan,2024-08-13,Premium,306.51
9973,Customer 09973,customer09973@example.test,Canada,2022-11-30,Basic,7778.65
9974,Customer 09974,customer09974@example.test,France,2024-08-16,Standard,5930.38
9975,Customer 09975,customer09975@example.test,Canada,2022-02-11,Standard,9330.14
9976,Customer 09976,customer09976@example.test,Australia,2023-02-26,Premium,9929.44
9977,Customer 09977,customer09977@example.test,Canada,2023-11-05,Premium,650.83
9978,Customer 09978,customer09978@example.test,United Kingdom,2023-03-01,Standard,9949.91
9979,Customer 09979,customer09979@example.test,Australia,2021-11-21,Standard,1092.44
9980,Customer 09980,customer09980@example.test,Australia,2022-07-26,Standard,6745.64
9981,Customer 09981,customer09981@example.test,Australia,2022-08-04,Basic,703.96
9982,Customer 09982,customer09982@example.test,Brazil,2021-11-28,Premium,405.51
9983,Customer 09983,customer09983@example.test,France,2020-04-24,Basic,8895.52
9984,Customer 09984,customer09984@example.test,Germany,2021-03-03,Standard,6413.10
9985,Customer 09985,customer09985@example.test,United Kingdom,2020-03-08,Standard,6282.36
9986,Customer 09986,customer09986@example.test,Canada,2022-09-01,Premium,4009.67
9987,Customer 09987,customer09987@example.test,Brazil,2021-01-08,Basic,6805.81
9988,Customer 09988,customer09988@example.test,France,2021-01-31,Basic,8576.27
9989,Customer 09989,customer09989@example.test,Brazil,2021-04-18,Basic,6252.33
9990,Customer 09990,customer09990@example.test,Japan,2020-11-18,Basic,6390.02
9991,Customer 09991,customer09991@example.test,Brazil,2020-10-27,Premium,8913.95
9992,Customer 09992,customer09992@example.test,France,2021-11-21,Premium,5037.19
9993,Customer 09993,customer09993@example.test,Canada,2020-06-23,Premium,9643.16
9994,Customer 09994,customer09994@example.test,Australia,2022-05-05,Premium,9413.22
9995,Customer 09995,customer09995@example.test,Canada,2023-02-19,Premium,5357.25
9996,Customer 09996,customer09996@example.test,United Kingdom,2021-04-22,Standard,7849.61
9997,Customer 09997,customer09997@example.test,Canada,2021-07-26,Standard,8172.64
9998,Customer 09998,customer09998@example.test,India,2020-04-20,Standard,6505.81
9999,Customer 09999,customer09999@example.test,India,2023-02-20,Standard,7710.57
10000,Customer 10000,customer10000@example.test,United States,2023-01-13,Standard,8276.26
